split,balance,N,classifier,subject,eer,far_at_frr,frr_at_far
session,fixed,10,k-NN,s002,0.381422542579421,1.0,0.842
session,fixed,10,k-NN,s003,0.07143243580600643,0.5064000000000001,0.876
session,fixed,10,k-NN,s004,0.07579516189508287,1.0,0.43200000000000005
session,fixed,10,k-NN,s005,0.06303287103287103,0.4824,0.806
session,fixed,10,k-NN,s007,0.12093380942006556,0.916,0.8039999999999999
session,fixed,10,k-NN,s008,0.11206730821684951,0.9016,0.8459999999999999
session,fixed,10,k-NN,s010,0.055576971210671476,0.732,0.8220000000000001
session,fixed,10,k-NN,s011,0.05803971433127627,1.0,0.45999999999999996
session,fixed,10,k-NN,s012,0.07040107992934654,0.8248000000000001,0.836
session,fixed,10,k-NN,s013,0.12904785192488977,1.0,0.8200000000000001
session,fixed,10,k-NN,s015,0.22494726969936743,1.0,0.9219999999999999
session,fixed,10,k-NN,s016,0.41539282852926096,1.0,0.8940000000000001
session,fixed,10,k-NN,s017,0.034597751322751336,1.0,0.4
session,fixed,10,k-NN,s018,0.15020625438313884,1.0,0.908
session,fixed,10,k-NN,s019,0.04496768775992808,1.0,0.094
session,fixed,10,k-NN,s020,0.20376267599075693,1.0,0.908
session,fixed,10,k-NN,s021,0.19641852325445006,1.0,0.8859999999999999
session,fixed,10,k-NN,s022,0.11116501951522473,0.6136,0.61
session,fixed,10,k-NN,s024,0.06572670914017303,0.64,0.5359999999999999
session,fixed,10,k-NN,s025,0.04999482634257201,1.0,0.492
session,fixed,10,k-NN,s026,0.14346940054166163,0.9199999999999999,0.9560000000000001
session,fixed,10,k-NN,s027,0.07866412877670483,1.0,0.602
session,fixed,10,k-NN,s028,0.08736637740399131,0.8328,0.43200000000000005
session,fixed,10,k-NN,s029,0.13005676633078206,1.0,0.8640000000000001
session,fixed,10,k-NN,s030,0.037593822843822865,0.8352,0.13999999999999999
session,fixed,10,k-NN,s031,0.346741988023442,1.0,0.968
session,fixed,10,k-NN,s032,0.317424484575037,1.0,0.974
session,fixed,10,k-NN,s033,0.15979162398140212,1.0,0.434
session,fixed,10,k-NN,s034,0.2000088076947181,1.0,0.8939999999999999
session,fixed,10,k-NN,s035,0.27734027450844806,0.8824,0.874
session,fixed,10,k-NN,s036,0.022536694677871165,0.404,0.03200000000000003
session,fixed,10,k-NN,s037,0.31219109070924206,1.0,0.95
session,fixed,10,k-NN,s038,0.08884801266291947,1.0,0.404
session,fixed,10,k-NN,s039,0.07368922370293698,1.0,0.356
session,fixed,10,k-NN,s040,0.12134946742187827,1.0,0.6599999999999999
session,fixed,10,k-NN,s041,0.10726394959838552,1.0,0.8280000000000001
session,fixed,10,k-NN,s042,0.05022240621265193,1.0,0.06000000000000003
session,fixed,10,k-NN,s043,0.04870634100124878,0.44880000000000003,0.9560000000000001
session,fixed,10,k-NN,s044,0.09474776096829486,0.8192,0.8460000000000001
session,fixed,10,k-NN,s046,0.1633874827479183,0.8688,0.792
session,fixed,10,k-NN,s047,0.276631134516204,1.0,0.8460000000000001
session,fixed,10,k-NN,s048,0.13057733851289177,1.0,0.6819999999999999
session,fixed,10,k-NN,s049,0.15207976458917105,1.0,0.304
session,fixed,10,k-NN,s050,0.18094322573782312,1.0,0.8240000000000001
session,fixed,10,k-NN,s051,0.16640123212967425,1.0,0.93
session,fixed,10,k-NN,s052,0.02303343047640821,0.8016,0.21200000000000002
session,fixed,10,k-NN,s053,0.0554565384844656,0.8288,0.36200000000000004
session,fixed,10,k-NN,s054,0.38513593575914296,1.0,0.9700000000000001
session,fixed,10,k-NN,s055,0.036903810900828816,1.0,0.67
session,fixed,10,k-NN,s056,0.08189685388942053,1.0,0.702
session,fixed,10,k-NN,s057,0.23012992592491127,1.0,0.908
session,fixed,10,LDA,s002,0.2092,0.924,0.916
session,fixed,10,LDA,s003,0.047200000000000006,0.2848,0.30999999999999994
session,fixed,10,LDA,s004,0.09119999999999999,0.368,0.544
session,fixed,10,LDA,s005,0.1376,0.6527999999999999,0.8720000000000001
session,fixed,10,LDA,s007,0.15800000000000003,0.776,0.938
session,fixed,10,LDA,s008,0.17920000000000003,0.724,0.954
session,fixed,10,LDA,s010,0.0548,0.23200000000000004,0.6679999999999999
session,fixed,10,LDA,s011,0.082,0.3872,0.42400000000000004
session,fixed,10,LDA,s012,0.08519999999999998,0.3784,0.6940000000000001
session,fixed,10,LDA,s013,0.09679999999999998,0.2832,0.7420000000000001
session,fixed,10,LDA,s015,0.2088,0.852,0.876
session,fixed,10,LDA,s016,0.1416,0.4879999999999999,0.9359999999999999
session,fixed,10,LDA,s017,0.07760000000000002,0.47520000000000007,0.61
session,fixed,10,LDA,s018,0.126,0.6224000000000001,0.5439999999999999
session,fixed,10,LDA,s019,0.09119999999999999,0.4959999999999999,0.86
session,fixed,10,LDA,s020,0.166,0.6567999999999999,0.9119999999999999
session,fixed,10,LDA,s021,0.1888,0.8048,0.93
session,fixed,10,LDA,s022,0.038000000000000006,0.2488,0.6599999999999999
session,fixed,10,LDA,s024,0.05799999999999998,0.3256,0.5680000000000001
session,fixed,10,LDA,s025,0.05159999999999999,0.5456000000000001,0.738
session,fixed,10,LDA,s026,0.2424,0.7607999999999999,0.994
session,fixed,10,LDA,s027,0.10200000000000001,0.5504,0.818
session,fixed,10,LDA,s028,0.0928,0.3544,0.792
session,fixed,10,LDA,s029,0.1344,0.5871999999999999,0.95
session,fixed,10,LDA,s030,0.054800000000000015,0.7952,0.744
session,fixed,10,LDA,s031,0.2032,0.8583999999999999,0.938
session,fixed,10,LDA,s032,0.316,0.9071999999999999,0.9600000000000002
session,fixed,10,LDA,s033,0.0364,0.3256,0.27999999999999997
session,fixed,10,LDA,s034,0.142,0.7112,0.512
session,fixed,10,LDA,s035,0.1512,0.852,0.866
session,fixed,10,LDA,s036,0.026000000000000023,0.604,0.07200000000000002
session,fixed,10,LDA,s037,0.2032,0.6008,0.9800000000000001
session,fixed,10,LDA,s038,0.08,0.9743999999999999,0.708
session,fixed,10,LDA,s039,0.06240000000000001,0.7328,0.788
session,fixed,10,LDA,s040,0.064,0.44719999999999993,0.358
session,fixed,10,LDA,s041,0.055200000000000006,0.2496,0.618
session,fixed,10,LDA,s042,0.03520000000000001,0.0824,0.156
session,fixed,10,LDA,s043,0.04480000000000001,0.12080000000000002,0.6479999999999999
session,fixed,10,LDA,s044,0.12600000000000003,0.7112,0.8480000000000001
session,fixed,10,LDA,s046,0.12,0.4832000000000001,0.9199999999999999
session,fixed,10,LDA,s047,0.1472,0.9264000000000001,0.664
session,fixed,10,LDA,s048,0.17240000000000003,0.7215999999999999,0.992
session,fixed,10,LDA,s049,0.056400000000000006,0.828,0.538
session,fixed,10,LDA,s050,0.1424,0.8215999999999999,0.836
session,fixed,10,LDA,s051,0.11399999999999999,0.5992,0.976
session,fixed,10,LDA,s052,0.017200000000000007,0.2752,0.166
session,fixed,10,LDA,s053,0.06599999999999999,0.29119999999999996,0.472
session,fixed,10,LDA,s054,0.2944,0.9311999999999999,0.984
session,fixed,10,LDA,s055,0.0364,0.20800000000000002,0.346
session,fixed,10,LDA,s056,0.098,0.5144,0.5000000000000001
session,fixed,10,LDA,s057,0.21280000000000002,0.7928,0.938
session,fixed,10,Threshold,s002,0.4756,0.9023999999999999,0.674
session,fixed,10,Threshold,s003,0.3416,0.8736,0.9759999999999998
session,fixed,10,Threshold,s004,0.09799999999999998,0.8648,0.57
session,fixed,10,Threshold,s005,0.0548,0.6399999999999999,0.28200000000000003
session,fixed,10,Threshold,s007,0.20759999999999995,0.8455999999999999,0.898
session,fixed,10,Threshold,s008,0.1524,0.7144,0.6699999999999999
session,fixed,10,Threshold,s010,0.04600000000000001,0.3192,0.21000000000000002
session,fixed,10,Threshold,s011,0.2508,0.6792,0.914
session,fixed,10,Threshold,s012,0.11399999999999999,0.6224,0.348
session,fixed,10,Threshold,s013,0.1292,0.6448,0.368
session,fixed,10,Threshold,s015,0.20439999999999997,0.7632000000000001,0.8400000000000001
session,fixed,10,Threshold,s016,0.07160000000000001,0.36960000000000004,0.384
session,fixed,10,Threshold,s017,0.044400000000000016,0.46399999999999997,0.194
session,fixed,10,Threshold,s018,0.23359999999999997,0.9952,0.6900000000000001
session,fixed,10,Threshold,s019,0.055600000000000004,0.45359999999999995,0.12399999999999997
session,fixed,10,Threshold,s020,0.2596,0.9503999999999999,0.77
session,fixed,10,Threshold,s021,0.124,0.8735999999999999,0.44800000000000006
session,fixed,10,Threshold,s022,0.016400000000000005,0.3264,0.052000000000000025
session,fixed,10,Threshold,s024,0.06680000000000003,0.4064,0.20400000000000001
session,fixed,10,Threshold,s025,0.09999999999999998,0.924,0.16600000000000004
session,fixed,10,Threshold,s026,0.10199999999999998,0.7136,0.244
session,fixed,10,Threshold,s027,0.09159999999999997,0.8384,0.31
session,fixed,10,Threshold,s028,0.07160000000000001,0.5968000000000001,0.198
session,fixed,10,Threshold,s029,0.14440000000000003,0.8151999999999999,0.47400000000000003
session,fixed,10,Threshold,s030,0.1484,0.9815999999999999,0.362
session,fixed,10,Threshold,s031,0.2996,0.9687999999999999,0.9099999999999999
session,fixed,10,Threshold,s032,0.38280000000000003,0.952,0.9960000000000001
session,fixed,10,Threshold,s033,0.11479999999999999,0.9183999999999999,0.376
session,fixed,10,Threshold,s034,0.25880000000000003,0.9248,0.9280000000000002
session,fixed,10,Threshold,s035,0.27,0.9263999999999999,0.6839999999999999
session,fixed,10,Threshold,s036,0.019200000000000012,0.048,0.026000000000000002
session,fixed,10,Threshold,s037,0.21319999999999997,0.9048,0.9100000000000001
session,fixed,10,Threshold,s038,0.1232,0.9815999999999999,0.22599999999999998
session,fixed,10,Threshold,s039,0.09999999999999998,0.9911999999999999,0.18800000000000003
session,fixed,10,Threshold,s040,0.17400000000000002,0.9896,0.48999999999999994
session,fixed,10,Threshold,s041,0.1488,0.9248,0.51
session,fixed,10,Threshold,s042,0.03600000000000002,0.8448,0.038000000000000034
session,fixed,10,Threshold,s043,0.04600000000000003,0.6584000000000001,0.08800000000000001
session,fixed,10,Threshold,s044,0.08920000000000002,0.768,0.288
session,fixed,10,Threshold,s046,0.1348,0.9064,0.43599999999999994
session,fixed,10,Threshold,s047,0.28280000000000005,0.9823999999999999,0.9120000000000001
session,fixed,10,Threshold,s048,0.1396,0.8608,0.384
session,fixed,10,Threshold,s049,0.055200000000000006,0.5784,0.13199999999999998
session,fixed,10,Threshold,s050,0.18159999999999998,0.9335999999999999,0.5980000000000001
session,fixed,10,Threshold,s051,0.22399999999999998,0.704,0.9
session,fixed,10,Threshold,s052,0.02000000000000001,0.6239999999999999,0.028000000000000025
session,fixed,10,Threshold,s053,0.0912,0.6768,0.248
session,fixed,10,Threshold,s054,0.1272,0.8488,0.8019999999999999
session,fixed,10,Threshold,s055,0.05800000000000001,0.5192,0.21400000000000002
session,fixed,10,Threshold,s056,0.14640000000000003,0.6816000000000001,0.658
session,fixed,10,Threshold,s057,0.2424,0.6904000000000001,0.914
session,fixed,10,Linear SVM,s002,0.22999999999999998,0.9256,0.944
session,fixed,10,Linear SVM,s003,0.04240000000000001,0.21519999999999997,0.16599999999999998
session,fixed,10,Linear SVM,s004,0.08120000000000001,0.5831999999999999,0.45200000000000007
session,fixed,10,Linear SVM,s005,0.1232,0.5608,0.9339999999999999
session,fixed,10,Linear SVM,s007,0.17120000000000002,0.7664,0.958
session,fixed,10,Linear SVM,s008,0.1688,0.7304,0.9400000000000001
session,fixed,10,Linear SVM,s010,0.047599999999999996,0.22560000000000002,0.586
session,fixed,10,Linear SVM,s011,0.064,0.3984,0.35799999999999993
session,fixed,10,Linear SVM,s012,0.07119999999999999,0.21280000000000002,0.496
session,fixed,10,Linear SVM,s013,0.08639999999999996,0.2768,0.6579999999999999
session,fixed,10,Linear SVM,s015,0.1768,0.8288,0.7
session,fixed,10,Linear SVM,s016,0.1432,0.3432,0.978
session,fixed,10,Linear SVM,s017,0.0516,0.4344,0.42799999999999994
session,fixed,10,Linear SVM,s018,0.10800000000000001,0.6192,0.47400000000000003
session,fixed,10,Linear SVM,s019,0.0628,0.4112,0.7819999999999999
session,fixed,10,Linear SVM,s020,0.14640000000000003,0.6328,0.9359999999999999
session,fixed,10,Linear SVM,s021,0.18239999999999998,0.8216000000000001,0.86
session,fixed,10,Linear SVM,s022,0.0308,0.26239999999999997,0.42800000000000005
session,fixed,10,Linear SVM,s024,0.05600000000000001,0.3056,0.4699999999999999
session,fixed,10,Linear SVM,s025,0.04520000000000002,0.592,0.6859999999999999
session,fixed,10,Linear SVM,s026,0.22479999999999997,0.8624,0.994
session,fixed,10,Linear SVM,s027,0.1,0.3944,0.834
session,fixed,10,Linear SVM,s028,0.08199999999999998,0.2904,0.632
session,fixed,10,Linear SVM,s029,0.11239999999999999,0.5704,0.852
session,fixed,10,Linear SVM,s030,0.042400000000000014,0.5376,0.74
session,fixed,10,Linear SVM,s031,0.2092,0.868,0.958
session,fixed,10,Linear SVM,s032,0.3176,0.9464,0.958
session,fixed,10,Linear SVM,s033,0.026000000000000013,0.13680000000000003,0.176
session,fixed,10,Linear SVM,s034,0.1268,0.8048,0.4659999999999999
session,fixed,10,Linear SVM,s035,0.12840000000000001,0.7631999999999999,0.5740000000000001
session,fixed,10,Linear SVM,s036,0.019600000000000017,0.076,0.020000000000000018
session,fixed,10,Linear SVM,s037,0.1936,0.6848,0.9620000000000001
session,fixed,10,Linear SVM,s038,0.0828,0.992,0.9039999999999999
session,fixed,10,Linear SVM,s039,0.06359999999999999,0.9736,0.76
session,fixed,10,Linear SVM,s040,0.06200000000000001,0.30799999999999994,0.44399999999999995
session,fixed,10,Linear SVM,s041,0.05160000000000002,0.22400000000000003,0.536
session,fixed,10,Linear SVM,s042,0.02280000000000001,0.06000000000000001,0.07999999999999999
session,fixed,10,Linear SVM,s043,0.0392,0.0696,0.558
session,fixed,10,Linear SVM,s044,0.1328,0.7944,0.828
session,fixed,10,Linear SVM,s046,0.12,0.5672,0.898
session,fixed,10,Linear SVM,s047,0.12680000000000002,0.8864000000000001,0.65
session,fixed,10,Linear SVM,s048,0.1204,0.8064,0.95
session,fixed,10,Linear SVM,s049,0.055200000000000006,0.3408,0.6519999999999999
session,fixed,10,Linear SVM,s050,0.1428,0.8783999999999998,0.782
session,fixed,10,Linear SVM,s051,0.08160000000000002,0.4864,0.8039999999999999
session,fixed,10,Linear SVM,s052,0.014400000000000005,0.4704,0.10600000000000001
session,fixed,10,Linear SVM,s053,0.04080000000000001,0.23759999999999998,0.3
session,fixed,10,Linear SVM,s054,0.2608,0.8312000000000002,0.968
session,fixed,10,Linear SVM,s055,0.0368,0.10719999999999999,0.30799999999999994
session,fixed,10,Linear SVM,s056,0.06599999999999999,0.3576,0.454
session,fixed,10,Linear SVM,s057,0.1756,0.756,0.9119999999999999
session,fixed,10,MLP,s002,0.43,0.9456,0.986
session,fixed,10,MLP,s003,0.12039999999999998,0.3792,0.526
session,fixed,10,MLP,s004,0.2968,0.9583999999999999,0.992
session,fixed,10,MLP,s005,0.08880000000000002,0.376,0.7639999999999999
session,fixed,10,MLP,s007,0.4636,0.8560000000000001,0.998
session,fixed,10,MLP,s008,0.42279999999999995,0.8144,1.0
session,fixed,10,MLP,s010,0.3343999999999999,0.7200000000000001,1.0
session,fixed,10,MLP,s011,0.4192,0.8328,0.984
session,fixed,10,MLP,s012,0.152,0.5936,0.8379999999999999
session,fixed,10,MLP,s013,0.39039999999999997,0.8712,0.99
session,fixed,10,MLP,s015,0.3252,0.8256,0.984
session,fixed,10,MLP,s016,0.2224,0.5536000000000001,0.942
session,fixed,10,MLP,s017,0.11440000000000002,0.7832000000000001,0.7939999999999999
session,fixed,10,MLP,s018,0.4464,0.9007999999999999,0.9800000000000001
session,fixed,10,MLP,s019,0.1324,0.5232,0.952
session,fixed,10,MLP,s020,0.45760000000000006,0.9704,0.994
session,fixed,10,MLP,s021,0.3264,0.8815999999999999,0.9960000000000001
session,fixed,10,MLP,s022,0.054000000000000006,0.24320000000000003,0.6220000000000001
session,fixed,10,MLP,s024,0.1792,0.5631999999999999,0.7620000000000001
session,fixed,10,MLP,s025,0.16720000000000002,0.808,0.9040000000000001
session,fixed,10,MLP,s026,0.2592,0.7088,0.9899999999999999
session,fixed,10,MLP,s027,0.3216,0.7687999999999999,1.0
session,fixed,10,MLP,s028,0.22359999999999997,0.6392,0.9460000000000001
session,fixed,10,MLP,s029,0.3164,0.8728,0.9880000000000001
session,fixed,10,MLP,s030,0.3088,0.9103999999999999,0.8220000000000001
session,fixed,10,MLP,s031,0.34199999999999997,0.8832000000000001,0.976
session,fixed,10,MLP,s032,0.5108,0.9632,0.992
session,fixed,10,MLP,s033,0.148,0.392,0.706
session,fixed,10,MLP,s034,0.6344,0.9527999999999999,0.992
session,fixed,10,MLP,s035,0.1692,0.8096,0.8460000000000001
session,fixed,10,MLP,s036,0.03680000000000001,0.0776,0.292
session,fixed,10,MLP,s037,0.33280000000000004,0.8200000000000001,0.984
session,fixed,10,MLP,s038,0.14679999999999999,0.9184000000000001,0.8160000000000001
session,fixed,10,MLP,s039,0.36960000000000004,0.9952,0.9860000000000001
session,fixed,10,MLP,s040,0.1768,0.8295999999999999,0.828
session,fixed,10,MLP,s041,0.23640000000000003,0.6008000000000001,0.722
session,fixed,10,MLP,s042,0.132,0.47040000000000004,0.808
session,fixed,10,MLP,s043,0.07559999999999997,0.688,0.632
session,fixed,10,MLP,s044,0.1748,0.9279999999999999,0.938
session,fixed,10,MLP,s046,0.26,0.9208000000000001,0.982
session,fixed,10,MLP,s047,0.32039999999999996,0.932,0.9259999999999999
session,fixed,10,MLP,s048,0.2116,0.6312,0.9960000000000001
session,fixed,10,MLP,s049,0.07599999999999998,0.536,0.48599999999999993
session,fixed,10,MLP,s050,0.3132,0.7959999999999999,0.9760000000000002
session,fixed,10,MLP,s051,0.41319999999999996,0.82,0.99
session,fixed,10,MLP,s052,0.0736,0.36639999999999995,0.41
session,fixed,10,MLP,s053,0.3444,0.8952,0.99
session,fixed,10,MLP,s054,0.338,0.7368,0.99
session,fixed,10,MLP,s055,0.1388,0.548,0.942
session,fixed,10,MLP,s056,0.2736,0.8527999999999999,0.9960000000000001
session,fixed,10,MLP,s057,0.38119999999999993,0.8119999999999999,0.9940000000000001
session,fixed,50,k-NN,s002,0.36198220749767673,1.0,1.0
session,fixed,50,k-NN,s003,0.07741121226617201,0.3464,0.82
session,fixed,50,k-NN,s004,0.07792723063565807,0.752,1.0
session,fixed,50,k-NN,s005,0.045193849138660806,0.3136,1.0
session,fixed,50,k-NN,s007,0.12587199232578022,0.9423999999999999,1.0
session,fixed,50,k-NN,s008,0.0908529433493129,0.5048,1.0
session,fixed,50,k-NN,s010,0.05277834438947114,0.3168,1.0
session,fixed,50,k-NN,s011,0.049494954983069786,0.6848,0.8300000000000001
session,fixed,50,k-NN,s012,0.051599979319087365,0.2952,1.0
session,fixed,50,k-NN,s013,0.10032822967914634,0.46319999999999995,1.0
session,fixed,50,k-NN,s015,0.11213145108680225,0.8488,0.8400000000000001
session,fixed,50,k-NN,s016,0.2340468283214204,1.0,0.9400000000000001
session,fixed,50,k-NN,s017,0.0505425778290325,1.0,0.8099999999999999
session,fixed,50,k-NN,s018,0.07979628755639592,0.7824,0.734
session,fixed,50,k-NN,s019,0.03646821836571347,0.8656,0.6140000000000001
session,fixed,50,k-NN,s020,0.1406349725543274,1.0,0.9339999999999999
session,fixed,50,k-NN,s021,0.10936140891506285,0.6744,0.812
session,fixed,50,k-NN,s022,0.018595271855820456,0.0416,0.41600000000000004
session,fixed,50,k-NN,s024,0.03236947330859648,0.1096,0.654
session,fixed,50,k-NN,s025,0.04386945695580683,0.8528,0.6359999999999999
session,fixed,50,k-NN,s026,0.10269874196538775,0.45840000000000003,1.0
session,fixed,50,k-NN,s027,0.05762889851932105,0.22080000000000002,0.8379999999999999
session,fixed,50,k-NN,s028,0.0795008429043219,0.8815999999999999,0.6719999999999999
session,fixed,50,k-NN,s029,0.12370702623648919,0.7912,1.0
session,fixed,50,k-NN,s030,0.045247742091555486,0.46480000000000005,0.63
session,fixed,50,k-NN,s031,0.1697905735022424,1.0,1.0
session,fixed,50,k-NN,s032,0.22006155311824616,0.9488,0.8320000000000001
session,fixed,50,k-NN,s033,0.0329075708285876,0.44720000000000004,0.49399999999999994
session,fixed,50,k-NN,s034,0.11567982701633317,1.0,1.0
session,fixed,50,k-NN,s035,0.1260895544058293,0.7976,0.662
session,fixed,50,k-NN,s036,0.00551209269772144,0.2048,0.202
session,fixed,50,k-NN,s037,0.22571165422183875,0.8648,1.0
session,fixed,50,k-NN,s038,0.0628578079800072,0.8880000000000001,0.678
session,fixed,50,k-NN,s039,0.08389570827388804,0.6656,0.638
session,fixed,50,k-NN,s040,0.06435507409659294,0.4880000000000001,0.6299999999999999
session,fixed,50,k-NN,s041,0.06425279560328533,0.6648,1.0
session,fixed,50,k-NN,s042,0.02634446599152483,0.6736000000000001,0.04800000000000002
session,fixed,50,k-NN,s043,0.037761982909090296,0.25200000000000006,0.8099999999999999
session,fixed,50,k-NN,s044,0.05250821864104234,0.15360000000000001,0.6559999999999999
session,fixed,50,k-NN,s046,0.09502190699414276,0.7167999999999999,0.8719999999999999
session,fixed,50,k-NN,s047,0.11979543115707822,0.892,0.55
session,fixed,50,k-NN,s048,0.09964495696427841,0.5432,0.8620000000000001
session,fixed,50,k-NN,s049,0.021702934201348528,0.2528,0.25999999999999995
session,fixed,50,k-NN,s050,0.1396294501527126,0.7,0.808
session,fixed,50,k-NN,s051,0.07777822222307762,0.6272,0.696
session,fixed,50,k-NN,s052,0.011564195664337334,0.8048,0.40599999999999986
session,fixed,50,k-NN,s053,0.02345663504288805,0.6656000000000001,0.040000000000000036
session,fixed,50,k-NN,s054,0.19078836886345713,0.9263999999999999,0.998
session,fixed,50,k-NN,s055,0.04309846867148256,0.18639999999999995,1.0
session,fixed,50,k-NN,s056,0.0632213728832159,0.7176,0.4
session,fixed,50,k-NN,s057,0.118004536366396,0.9032,0.9179999999999999
session,fixed,50,LDA,s002,0.1708,0.9119999999999999,0.868
session,fixed,50,LDA,s003,0.04640000000000001,0.1808,0.27
session,fixed,50,LDA,s004,0.08199999999999999,0.34640000000000004,0.5820000000000001
session,fixed,50,LDA,s005,0.0972,0.45360000000000006,0.8039999999999999
session,fixed,50,LDA,s007,0.14240000000000003,0.8008,0.9059999999999999
session,fixed,50,LDA,s008,0.17279999999999998,0.6504000000000001,0.968
session,fixed,50,LDA,s010,0.04880000000000001,0.2536,0.664
session,fixed,50,LDA,s011,0.07520000000000002,0.37520000000000003,0.472
session,fixed,50,LDA,s012,0.0708,0.2024,0.6499999999999999
session,fixed,50,LDA,s013,0.08079999999999997,0.2864,0.732
session,fixed,50,LDA,s015,0.1992,0.716,0.852
session,fixed,50,LDA,s016,0.12679999999999997,0.3064,0.9339999999999999
session,fixed,50,LDA,s017,0.0536,0.43200000000000005,0.384
session,fixed,50,LDA,s018,0.08719999999999999,0.37360000000000004,0.434
session,fixed,50,LDA,s019,0.07440000000000002,0.38,0.7839999999999999
session,fixed,50,LDA,s020,0.1368,0.36960000000000004,0.826
session,fixed,50,LDA,s021,0.154,0.7144,0.9179999999999999
session,fixed,50,LDA,s022,0.026800000000000008,0.0504,0.45999999999999996
session,fixed,50,LDA,s024,0.042800000000000005,0.1592,0.438
session,fixed,50,LDA,s025,0.0416,0.3408,0.6759999999999999
session,fixed,50,LDA,s026,0.2088,0.6407999999999999,1.0
session,fixed,50,LDA,s027,0.08479999999999999,0.4824,0.748
session,fixed,50,LDA,s028,0.08759999999999997,0.3536,0.5660000000000001
session,fixed,50,LDA,s029,0.1132,0.4784,0.9339999999999999
session,fixed,50,LDA,s030,0.045600000000000016,0.8311999999999999,0.8039999999999999
session,fixed,50,LDA,s031,0.18,0.7615999999999999,0.946
session,fixed,50,LDA,s032,0.23479999999999998,0.8784000000000001,0.9020000000000001
session,fixed,50,LDA,s033,0.03320000000000001,0.1472,0.21799999999999997
session,fixed,50,LDA,s034,0.09,0.7096,0.4680000000000001
session,fixed,50,LDA,s035,0.1244,0.7544000000000001,0.766
session,fixed,50,LDA,s036,0.01160000000000001,0.1072,0.014000000000000012
session,fixed,50,LDA,s037,0.16440000000000002,0.6728,0.9559999999999998
session,fixed,50,LDA,s038,0.06559999999999999,0.924,0.712
session,fixed,50,LDA,s039,0.060799999999999986,0.5359999999999999,0.752
session,fixed,50,LDA,s040,0.042400000000000014,0.1936,0.28600000000000003
session,fixed,50,LDA,s041,0.0412,0.1152,0.554
session,fixed,50,LDA,s042,0.0312,0.1008,0.2
session,fixed,50,LDA,s043,0.026000000000000006,0.0416,0.368
session,fixed,50,LDA,s044,0.11240000000000001,0.5168,0.7020000000000001
session,fixed,50,LDA,s046,0.10199999999999998,0.296,0.8640000000000001
session,fixed,50,LDA,s047,0.094,0.9096,0.47800000000000004
session,fixed,50,LDA,s048,0.14200000000000002,0.5616,0.9960000000000001
session,fixed,50,LDA,s049,0.04800000000000001,0.23440000000000003,0.48600000000000004
session,fixed,50,LDA,s050,0.1172,0.624,0.8719999999999999
session,fixed,50,LDA,s051,0.076,0.6144000000000001,0.762
session,fixed,50,LDA,s052,0.012800000000000002,0.5392,0.05600000000000001
session,fixed,50,LDA,s053,0.04360000000000002,0.28400000000000003,0.32599999999999996
session,fixed,50,LDA,s054,0.2508,0.8423999999999999,0.998
session,fixed,50,LDA,s055,0.027600000000000006,0.1264,0.2800000000000001
session,fixed,50,LDA,s056,0.07120000000000001,0.4231999999999999,0.392
session,fixed,50,LDA,s057,0.15440000000000004,0.6975999999999999,0.866
session,fixed,50,Threshold,s002,0.4716,0.9103999999999999,0.688
session,fixed,50,Threshold,s003,0.32880000000000004,0.8904,0.976
session,fixed,50,Threshold,s004,0.10399999999999998,0.7152,0.524
session,fixed,50,Threshold,s005,0.043200000000000016,0.4152,0.192
session,fixed,50,Threshold,s007,0.1684,0.8183999999999999,0.8939999999999999
session,fixed,50,Threshold,s008,0.15960000000000002,0.6688000000000001,0.7379999999999999
session,fixed,50,Threshold,s010,0.04400000000000001,0.2992,0.164
session,fixed,50,Threshold,s011,0.252,0.7415999999999998,0.922
session,fixed,50,Threshold,s012,0.08279999999999998,0.4024,0.336
session,fixed,50,Threshold,s013,0.1256,0.6304000000000001,0.42000000000000004
session,fixed,50,Threshold,s015,0.22359999999999997,0.5936,0.946
session,fixed,50,Threshold,s016,0.04480000000000002,0.13920000000000002,0.18
session,fixed,50,Threshold,s017,0.040799999999999996,0.5248,0.2
session,fixed,50,Threshold,s018,0.21680000000000002,0.9952,0.7460000000000001
session,fixed,50,Threshold,s019,0.04400000000000003,0.2552,0.09399999999999997
session,fixed,50,Threshold,s020,0.2412,0.9144,0.768
session,fixed,50,Threshold,s021,0.1252,0.7303999999999999,0.47800000000000004
session,fixed,50,Threshold,s022,0.014000000000000002,0.0824,0.09200000000000001
session,fixed,50,Threshold,s024,0.050000000000000024,0.1696,0.152
session,fixed,50,Threshold,s025,0.07599999999999996,0.9024000000000001,0.14799999999999996
session,fixed,50,Threshold,s026,0.08279999999999997,0.4784,0.16599999999999998
session,fixed,50,Threshold,s027,0.07799999999999996,0.82,0.21600000000000003
session,fixed,50,Threshold,s028,0.055600000000000024,0.39039999999999997,0.19799999999999998
session,fixed,50,Threshold,s029,0.1348,0.7799999999999999,0.506
session,fixed,50,Threshold,s030,0.09919999999999998,0.9888,0.22199999999999998
session,fixed,50,Threshold,s031,0.274,0.892,0.9
session,fixed,50,Threshold,s032,0.418,0.9376,0.9899999999999999
session,fixed,50,Threshold,s033,0.11159999999999999,0.9544,0.466
session,fixed,50,Threshold,s034,0.2732,0.9096,0.9359999999999999
session,fixed,50,Threshold,s035,0.2508,0.7807999999999999,0.634
session,fixed,50,Threshold,s036,0.009600000000000003,0.0256,0.014000000000000012
session,fixed,50,Threshold,s037,0.2116,0.8512000000000001,0.976
session,fixed,50,Threshold,s038,0.0748,0.9488,0.174
session,fixed,50,Threshold,s039,0.08719999999999997,0.9400000000000001,0.16999999999999998
session,fixed,50,Threshold,s040,0.14920000000000003,0.9864,0.378
session,fixed,50,Threshold,s041,0.1224,0.6864000000000001,0.552
session,fixed,50,Threshold,s042,0.03320000000000002,0.5528000000000001,0.04600000000000002
session,fixed,50,Threshold,s043,0.02560000000000001,0.756,0.08399999999999999
session,fixed,50,Threshold,s044,0.06240000000000001,0.5096,0.282
session,fixed,50,Threshold,s046,0.1264,0.7968,0.306
session,fixed,50,Threshold,s047,0.29159999999999997,0.9616,0.906
session,fixed,50,Threshold,s048,0.08759999999999998,0.8615999999999999,0.33799999999999997
session,fixed,50,Threshold,s049,0.04320000000000003,0.5471999999999999,0.06799999999999999
session,fixed,50,Threshold,s050,0.17160000000000003,0.8263999999999999,0.6679999999999999
session,fixed,50,Threshold,s051,0.20839999999999997,0.7304,0.924
session,fixed,50,Threshold,s052,0.018000000000000016,0.6808,0.020000000000000018
session,fixed,50,Threshold,s053,0.07039999999999999,0.6712,0.168
session,fixed,50,Threshold,s054,0.1008,0.7527999999999999,0.788
session,fixed,50,Threshold,s055,0.05400000000000003,0.352,0.24600000000000005
session,fixed,50,Threshold,s056,0.1476,0.6320000000000001,0.6980000000000001
session,fixed,50,Threshold,s057,0.2576,0.6616000000000001,0.9560000000000001
session,fixed,50,Linear SVM,s002,0.1996,0.8808,0.8899999999999999
session,fixed,50,Linear SVM,s003,0.05599999999999998,0.26880000000000004,0.23200000000000004
session,fixed,50,Linear SVM,s004,0.078,0.4768,0.43000000000000005
session,fixed,50,Linear SVM,s005,0.10640000000000001,0.35519999999999996,0.8
session,fixed,50,Linear SVM,s007,0.13920000000000002,0.7527999999999999,0.908
session,fixed,50,Linear SVM,s008,0.1608,0.744,0.906
session,fixed,50,Linear SVM,s010,0.03680000000000001,0.19360000000000002,0.534
session,fixed,50,Linear SVM,s011,0.053200000000000025,0.42639999999999995,0.32199999999999995
session,fixed,50,Linear SVM,s012,0.06160000000000001,0.1016,0.6759999999999999
session,fixed,50,Linear SVM,s013,0.0972,0.4824,0.788
session,fixed,50,Linear SVM,s015,0.12120000000000002,0.5791999999999999,0.604
session,fixed,50,Linear SVM,s016,0.1252,0.24960000000000004,0.9480000000000001
session,fixed,50,Linear SVM,s017,0.04080000000000002,0.356,0.20600000000000002
session,fixed,50,Linear SVM,s018,0.08799999999999997,0.5056,0.40199999999999997
session,fixed,50,Linear SVM,s019,0.057600000000000005,0.404,0.752
session,fixed,50,Linear SVM,s020,0.1232,0.40800000000000003,0.858
session,fixed,50,Linear SVM,s021,0.1192,0.7504,0.8160000000000001
session,fixed,50,Linear SVM,s022,0.023200000000000002,0.045599999999999995,0.4740000000000001
session,fixed,50,Linear SVM,s024,0.03960000000000001,0.1232,0.4840000000000001
session,fixed,50,Linear SVM,s025,0.047200000000000006,0.54,0.6180000000000001
session,fixed,50,Linear SVM,s026,0.19719999999999996,0.696,0.9960000000000001
session,fixed,50,Linear SVM,s027,0.09119999999999999,0.4368,0.6859999999999999
session,fixed,50,Linear SVM,s028,0.06520000000000001,0.2504,0.42400000000000004
session,fixed,50,Linear SVM,s029,0.1016,0.6416,0.9240000000000002
session,fixed,50,Linear SVM,s030,0.04320000000000001,0.5192,0.5960000000000001
session,fixed,50,Linear SVM,s031,0.18560000000000001,0.6776,0.952
session,fixed,50,Linear SVM,s032,0.236,0.9279999999999999,0.9179999999999999
session,fixed,50,Linear SVM,s033,0.023200000000000005,0.13040000000000002,0.11200000000000002
session,fixed,50,Linear SVM,s034,0.08639999999999999,0.7792,0.396
session,fixed,50,Linear SVM,s035,0.10719999999999999,0.6023999999999999,0.45
session,fixed,50,Linear SVM,s036,0.006000000000000005,0.016,0.008000000000000007
session,fixed,50,Linear SVM,s037,0.1464,0.5391999999999999,0.952
session,fixed,50,Linear SVM,s038,0.0632,0.9928000000000001,0.694
session,fixed,50,Linear SVM,s039,0.059199999999999996,0.8943999999999999,0.624
session,fixed,50,Linear SVM,s040,0.04800000000000002,0.11839999999999999,0.312
session,fixed,50,Linear SVM,s041,0.053200000000000004,0.1416,0.518
session,fixed,50,Linear SVM,s042,0.019600000000000006,0.164,0.10000000000000002
session,fixed,50,Linear SVM,s043,0.027200000000000002,0.044,0.42400000000000004
session,fixed,50,Linear SVM,s044,0.09439999999999998,0.37039999999999995,0.768
session,fixed,50,Linear SVM,s046,0.09360000000000002,0.42000000000000004,0.8640000000000001
session,fixed,50,Linear SVM,s047,0.09439999999999998,0.808,0.5399999999999999
session,fixed,50,Linear SVM,s048,0.09319999999999998,0.6888,0.9280000000000002
session,fixed,50,Linear SVM,s049,0.0408,0.18719999999999998,0.376
session,fixed,50,Linear SVM,s050,0.1172,0.7776,0.758
session,fixed,50,Linear SVM,s051,0.05240000000000002,0.6016,0.4779999999999999
session,fixed,50,Linear SVM,s052,0.010400000000000006,0.7384000000000001,0.018000000000000016
session,fixed,50,Linear SVM,s053,0.02520000000000001,0.27120000000000005,0.08400000000000003
session,fixed,50,Linear SVM,s054,0.2024,0.6312,0.9940000000000001
session,fixed,50,Linear SVM,s055,0.028000000000000004,0.11840000000000002,0.12
session,fixed,50,Linear SVM,s056,0.05520000000000001,0.31120000000000003,0.372
session,fixed,50,Linear SVM,s057,0.138,0.5824,0.842
session,fixed,50,MLP,s002,0.346,0.9304,0.8539999999999999
session,fixed,50,MLP,s003,0.061999999999999986,0.15839999999999999,0.186
session,fixed,50,MLP,s004,0.15360000000000001,0.8952,0.476
session,fixed,50,MLP,s005,0.07039999999999999,0.176,0.8160000000000001
session,fixed,50,MLP,s007,0.11039999999999998,0.8096,0.6980000000000001
session,fixed,50,MLP,s008,0.21159999999999995,0.7815999999999999,0.9800000000000001
session,fixed,50,MLP,s010,0.11999999999999997,0.6247999999999999,0.708
session,fixed,50,MLP,s011,0.1256,0.7232000000000001,0.7459999999999999
session,fixed,50,MLP,s012,0.09359999999999999,0.35040000000000004,0.954
session,fixed,50,MLP,s013,0.19840000000000002,0.708,0.776
session,fixed,50,MLP,s015,0.12799999999999997,0.6056,0.49399999999999994
session,fixed,50,MLP,s016,0.1488,0.3616,0.9259999999999999
session,fixed,50,MLP,s017,0.04880000000000001,0.5728,0.28
session,fixed,50,MLP,s018,0.16040000000000001,0.9648,0.6599999999999999
session,fixed,50,MLP,s019,0.06120000000000001,0.3,0.682
session,fixed,50,MLP,s020,0.14200000000000002,0.7736,0.8
session,fixed,50,MLP,s021,0.1416,0.8464,0.7979999999999998
session,fixed,50,MLP,s022,0.03320000000000001,0.038400000000000004,0.9480000000000001
session,fixed,50,MLP,s024,0.07479999999999999,0.19039999999999999,0.536
session,fixed,50,MLP,s025,0.07919999999999998,0.7976,0.418
session,fixed,50,MLP,s026,0.13040000000000002,0.5416,0.9219999999999999
session,fixed,50,MLP,s027,0.0988,0.28559999999999997,0.5800000000000001
session,fixed,50,MLP,s028,0.10799999999999998,0.6487999999999999,0.812
session,fixed,50,MLP,s029,0.15560000000000002,0.708,0.748
session,fixed,50,MLP,s030,0.021200000000000017,0.1072,0.08600000000000001
session,fixed,50,MLP,s031,0.26,0.6344000000000001,0.944
session,fixed,50,MLP,s032,0.27280000000000004,0.9656,0.796
session,fixed,50,MLP,s033,0.064,0.13040000000000002,0.622
session,fixed,50,MLP,s034,0.154,0.8752000000000001,0.6379999999999999
session,fixed,50,MLP,s035,0.16720000000000002,0.7128,0.658
session,fixed,50,MLP,s036,0.007200000000000001,0.007200000000000001,0.014000000000000012
session,fixed,50,MLP,s037,0.1704,0.7544,0.876
session,fixed,50,MLP,s038,0.06160000000000003,0.9736,0.376
session,fixed,50,MLP,s039,0.08039999999999999,0.9984,0.66
session,fixed,50,MLP,s040,0.09359999999999999,0.2312,0.7939999999999999
session,fixed,50,MLP,s041,0.09159999999999999,0.2888,0.6599999999999999
session,fixed,50,MLP,s042,0.028800000000000013,0.44560000000000005,0.174
session,fixed,50,MLP,s043,0.05559999999999998,0.148,0.9120000000000001
session,fixed,50,MLP,s044,0.1024,0.6304000000000001,0.8699999999999999
session,fixed,50,MLP,s046,0.09519999999999999,0.41200000000000003,0.93
session,fixed,50,MLP,s047,0.1804,0.9103999999999999,0.6439999999999999
session,fixed,50,MLP,s048,0.14479999999999998,0.7312,0.8220000000000001
session,fixed,50,MLP,s049,0.0632,0.09519999999999999,0.7
session,fixed,50,MLP,s050,0.13920000000000002,0.7896,0.6100000000000001
session,fixed,50,MLP,s051,0.0672,0.6975999999999999,0.22000000000000003
session,fixed,50,MLP,s052,0.021600000000000008,0.1712,0.16799999999999998
session,fixed,50,MLP,s053,0.054800000000000015,0.5424,0.17600000000000002
session,fixed,50,MLP,s054,0.16360000000000002,0.6184000000000001,0.938
session,fixed,50,MLP,s055,0.03680000000000002,0.2824,0.124
session,fixed,50,MLP,s056,0.06240000000000001,0.6256,0.44800000000000006
session,fixed,50,MLP,s057,0.1548,0.5840000000000001,0.514
session,fixed,200,k-NN,s002,0.37426887074548587,1.0,1.0
session,fixed,200,k-NN,s003,0.10461125095129675,0.26399999999999996,1.0
session,fixed,200,k-NN,s004,0.0711035699952344,0.25680000000000003,1.0
session,fixed,200,k-NN,s005,0.05636023769396285,0.1664,1.0
session,fixed,200,k-NN,s007,0.1533309250427811,0.7864000000000001,1.0
session,fixed,200,k-NN,s008,0.105410271045596,0.3952,1.0
session,fixed,200,k-NN,s010,0.05659213409561199,0.164,1.0
session,fixed,200,k-NN,s011,0.07610517904982493,0.4024,1.0
session,fixed,200,k-NN,s012,0.06860561721482528,0.1232,1.0
session,fixed,200,k-NN,s013,0.08186086459670464,0.21759999999999996,1.0
session,fixed,200,k-NN,s015,0.09986507745283368,0.384,1.0
session,fixed,200,k-NN,s016,0.13737926943194684,1.0,0.9339999999999999
session,fixed,200,k-NN,s017,0.05315808329601433,0.5696,1.0
session,fixed,200,k-NN,s018,0.08086376234013884,0.6064,1.0
session,fixed,200,k-NN,s019,0.03211463001845137,0.2792,0.808
session,fixed,200,k-NN,s020,0.10141229706512751,0.74,0.874
session,fixed,200,k-NN,s021,0.11072993128494095,0.3648,1.0
session,fixed,200,k-NN,s022,0.02515930512904917,0.4192,1.0
session,fixed,200,k-NN,s024,0.039011026599223154,0.072,1.0
session,fixed,200,k-NN,s025,0.04374182266982857,0.2832,0.8099999999999999
session,fixed,200,k-NN,s026,0.14393730752342754,0.4648,1.0
session,fixed,200,k-NN,s027,0.0581839909969454,0.1928,1.0
session,fixed,200,k-NN,s028,0.06047817485555318,0.2,0.8160000000000001
session,fixed,200,k-NN,s029,0.11362518847972865,0.47359999999999997,1.0
session,fixed,200,k-NN,s030,0.04276724614237761,0.09999999999999999,1.0
session,fixed,200,k-NN,s031,0.1448494800324381,0.5831999999999999,1.0
session,fixed,200,k-NN,s032,0.21467277311112926,0.8472000000000002,1.0
session,fixed,200,k-NN,s033,0.024884361080714526,0.07360000000000001,0.284
session,fixed,200,k-NN,s034,0.10178185974537199,0.584,1.0
session,fixed,200,k-NN,s035,0.0841849822912734,0.34640000000000004,1.0
session,fixed,200,k-NN,s036,0.009939534309184114,0.0112,0.21000000000000002
session,fixed,200,k-NN,s037,0.16888891717944648,0.5952,1.0
session,fixed,200,k-NN,s038,0.052824681318556874,0.6592,1.0
session,fixed,200,k-NN,s039,0.07276717796092798,0.4784,1.0
session,fixed,200,k-NN,s040,0.03900066194122751,0.2872,0.8219999999999998
session,fixed,200,k-NN,s041,0.08565739192055642,0.6608,1.0
session,fixed,200,k-NN,s042,0.021270137505926993,0.168,0.040000000000000036
session,fixed,200,k-NN,s043,0.038651025444347016,0.0624,1.0
session,fixed,200,k-NN,s044,0.04525425075385198,0.10800000000000001,1.0
session,fixed,200,k-NN,s046,0.10108167274462147,0.46080000000000004,1.0
session,fixed,200,k-NN,s047,0.09560071150843844,0.4295999999999999,0.722
session,fixed,200,k-NN,s048,0.08234097488631216,0.45359999999999995,1.0
session,fixed,200,k-NN,s049,0.03109225354689592,0.0576,1.0
session,fixed,200,k-NN,s050,0.14042862323065608,0.7168,1.0
session,fixed,200,k-NN,s051,0.07083366112283623,0.3768,1.0
session,fixed,200,k-NN,s052,0.01098611474139329,0.020800000000000003,0.40199999999999997
session,fixed,200,k-NN,s053,0.024287698412698427,0.5064,0.808
session,fixed,200,k-NN,s054,0.16558980775331192,0.6904,1.0
session,fixed,200,k-NN,s055,0.046456650435046286,0.10800000000000001,1.0
session,fixed,200,k-NN,s056,0.059189456543045436,0.27680000000000005,1.0
session,fixed,200,k-NN,s057,0.09589136557750809,0.4264,1.0
session,fixed,200,LDA,s002,0.2068,0.8568,0.866
session,fixed,200,LDA,s003,0.0352,0.0784,0.24000000000000005
session,fixed,200,LDA,s004,0.08399999999999996,0.296,0.612
session,fixed,200,LDA,s005,0.08879999999999996,0.3423999999999999,0.8220000000000001
session,fixed,200,LDA,s007,0.1448,0.6912,0.9059999999999999
session,fixed,200,LDA,s008,0.1588,0.6408,0.954
session,fixed,200,LDA,s010,0.04240000000000001,0.1824,0.5539999999999999
session,fixed,200,LDA,s011,0.056000000000000015,0.32480000000000003,0.36799999999999994
session,fixed,200,LDA,s012,0.0624,0.1112,0.7739999999999999
session,fixed,200,LDA,s013,0.0748,0.26399999999999996,0.7739999999999999
session,fixed,200,LDA,s015,0.14800000000000002,0.5048,0.7380000000000001
session,fixed,200,LDA,s016,0.09159999999999999,0.164,0.9199999999999999
session,fixed,200,LDA,s017,0.041600000000000005,0.288,0.294
session,fixed,200,LDA,s018,0.09,0.3976,0.502
session,fixed,200,LDA,s019,0.06840000000000002,0.27999999999999997,0.782
session,fixed,200,LDA,s020,0.1312,0.3304,0.866
session,fixed,200,LDA,s021,0.1348,0.6007999999999999,0.908
session,fixed,200,LDA,s022,0.020800000000000006,0.028000000000000004,0.354
session,fixed,200,LDA,s024,0.036800000000000006,0.1048,0.312
session,fixed,200,LDA,s025,0.027200000000000002,0.13679999999999998,0.4700000000000001
session,fixed,200,LDA,s026,0.19400000000000003,0.6416,1.0
session,fixed,200,LDA,s027,0.08480000000000001,0.5279999999999999,0.6519999999999999
session,fixed,200,LDA,s028,0.07159999999999998,0.20800000000000002,0.57
session,fixed,200,LDA,s029,0.09679999999999998,0.38639999999999997,0.738
session,fixed,200,LDA,s030,0.03680000000000001,0.8256,0.65
session,fixed,200,LDA,s031,0.18080000000000002,0.7295999999999999,0.8400000000000001
session,fixed,200,LDA,s032,0.22679999999999997,0.8343999999999999,0.9739999999999999
session,fixed,200,LDA,s033,0.0248,0.05600000000000001,0.184
session,fixed,200,LDA,s034,0.0624,0.5736,0.418
session,fixed,200,LDA,s035,0.11239999999999999,0.5808000000000001,0.7959999999999999
session,fixed,200,LDA,s036,0.0,0.0,0.0
session,fixed,200,LDA,s037,0.138,0.5232,0.9480000000000001
session,fixed,200,LDA,s038,0.060799999999999986,0.9936,0.55
session,fixed,200,LDA,s039,0.05160000000000002,0.3504,0.792
session,fixed,200,LDA,s040,0.04160000000000001,0.0736,0.22400000000000003
session,fixed,200,LDA,s041,0.04840000000000002,0.0736,0.7939999999999999
session,fixed,200,LDA,s042,0.019200000000000012,0.11600000000000002,0.040000000000000015
session,fixed,200,LDA,s043,0.02160000000000001,0.0288,0.28200000000000003
session,fixed,200,LDA,s044,0.09279999999999998,0.3464,0.7060000000000001
session,fixed,200,LDA,s046,0.0948,0.3192,0.834
session,fixed,200,LDA,s047,0.0924,0.5944,0.434
session,fixed,200,LDA,s048,0.11679999999999999,0.708,0.9940000000000001
session,fixed,200,LDA,s049,0.05160000000000002,0.26399999999999996,0.592
session,fixed,200,LDA,s050,0.0996,0.64,0.756
session,fixed,200,LDA,s051,0.07039999999999996,0.5719999999999998,0.6559999999999999
session,fixed,200,LDA,s052,0.010800000000000006,0.44000000000000006,0.014000000000000012
session,fixed,200,LDA,s053,0.026000000000000006,0.2944,0.26399999999999996
session,fixed,200,LDA,s054,0.23279999999999998,0.7024000000000001,1.0
session,fixed,200,LDA,s055,0.027600000000000006,0.07680000000000001,0.33
session,fixed,200,LDA,s056,0.05520000000000003,0.23840000000000003,0.404
session,fixed,200,LDA,s057,0.1216,0.3824,0.794
session,fixed,200,Threshold,s002,0.47400000000000003,0.9016,0.6719999999999999
session,fixed,200,Threshold,s003,0.3499999999999999,0.8824,0.986
session,fixed,200,Threshold,s004,0.11439999999999999,0.6616,0.6279999999999999
session,fixed,200,Threshold,s005,0.04200000000000004,0.19920000000000002,0.184
session,fixed,200,Threshold,s007,0.1676,0.8048,0.9179999999999999
session,fixed,200,Threshold,s008,0.15000000000000002,0.6584000000000001,0.6859999999999999
session,fixed,200,Threshold,s010,0.04280000000000002,0.2136,0.18
session,fixed,200,Threshold,s011,0.2408,0.7495999999999998,0.884
session,fixed,200,Threshold,s012,0.08799999999999997,0.24159999999999998,0.262
session,fixed,200,Threshold,s013,0.1368,0.45200000000000007,0.518
session,fixed,200,Threshold,s015,0.22119999999999998,0.5896,0.95
session,fixed,200,Threshold,s016,0.03480000000000001,0.08320000000000001,0.13599999999999998
session,fixed,200,Threshold,s017,0.039200000000000026,0.4824,0.21599999999999997
session,fixed,200,Threshold,s018,0.21200000000000002,0.9960000000000001,0.774
session,fixed,200,Threshold,s019,0.04480000000000002,0.2088,0.08599999999999997
session,fixed,200,Threshold,s020,0.2364,0.908,0.784
session,fixed,200,Threshold,s021,0.118,0.5376000000000001,0.426
session,fixed,200,Threshold,s022,0.014400000000000005,0.0976,0.042000000000000016
session,fixed,200,Threshold,s024,0.04480000000000002,0.07440000000000001,0.11399999999999999
session,fixed,200,Threshold,s025,0.06999999999999998,0.7751999999999999,0.144
session,fixed,200,Threshold,s026,0.07119999999999997,0.3383999999999999,0.174
session,fixed,200,Threshold,s027,0.07519999999999996,0.708,0.25
session,fixed,200,Threshold,s028,0.03920000000000001,0.2656,0.198
session,fixed,200,Threshold,s029,0.1336,0.672,0.3999999999999999
session,fixed,200,Threshold,s030,0.08399999999999996,0.9792,0.192
session,fixed,200,Threshold,s031,0.2776,0.8695999999999999,0.916
session,fixed,200,Threshold,s032,0.4144,0.9256,0.994
session,fixed,200,Threshold,s033,0.088,0.7176,0.40800000000000003
session,fixed,200,Threshold,s034,0.2872,0.844,0.9560000000000001
session,fixed,200,Threshold,s035,0.2596,0.7088000000000001,0.6880000000000001
session,fixed,200,Threshold,s036,0.007600000000000001,0.008799999999999999,0.006000000000000005
session,fixed,200,Threshold,s037,0.2132,0.8096,0.978
session,fixed,200,Threshold,s038,0.0668,0.9416,0.14600000000000002
session,fixed,200,Threshold,s039,0.07999999999999997,0.9096,0.17
session,fixed,200,Threshold,s040,0.13720000000000002,0.9888,0.39399999999999996
session,fixed,200,Threshold,s041,0.10639999999999998,0.6176,0.48600000000000004
session,fixed,200,Threshold,s042,0.02840000000000002,0.29039999999999994,0.038000000000000034
session,fixed,200,Threshold,s043,0.02760000000000002,0.6008000000000001,0.08999999999999997
session,fixed,200,Threshold,s044,0.06160000000000001,0.37679999999999997,0.29
session,fixed,200,Threshold,s046,0.1196,0.6888000000000001,0.274
session,fixed,200,Threshold,s047,0.2852,0.9192,0.9
session,fixed,200,Threshold,s048,0.08039999999999999,0.876,0.282
session,fixed,200,Threshold,s049,0.050000000000000044,0.7088000000000001,0.07400000000000002
session,fixed,200,Threshold,s050,0.174,0.7984,0.718
session,fixed,200,Threshold,s051,0.22359999999999997,0.696,0.95
session,fixed,200,Threshold,s052,0.010400000000000006,0.4224,0.01200000000000001
session,fixed,200,Threshold,s053,0.07599999999999998,0.6312,0.138
session,fixed,200,Threshold,s054,0.09799999999999998,0.6984,0.8100000000000002
session,fixed,200,Threshold,s055,0.05440000000000002,0.1688,0.21200000000000002
session,fixed,200,Threshold,s056,0.1572,0.6439999999999999,0.6819999999999999
session,fixed,200,Threshold,s057,0.2496,0.628,0.9640000000000001
session,fixed,200,Linear SVM,s002,0.19999999999999998,0.8008,0.882
session,fixed,200,Linear SVM,s003,0.04120000000000001,0.10880000000000001,0.178
session,fixed,200,Linear SVM,s004,0.0788,0.27759999999999996,0.45
session,fixed,200,Linear SVM,s005,0.08639999999999996,0.37120000000000003,0.866
session,fixed,200,Linear SVM,s007,0.1376,0.7479999999999999,0.9219999999999999
session,fixed,200,Linear SVM,s008,0.1476,0.7008000000000001,0.924
session,fixed,200,Linear SVM,s010,0.0464,0.1224,0.61
session,fixed,200,Linear SVM,s011,0.044000000000000004,0.4072,0.318
session,fixed,200,Linear SVM,s012,0.0656,0.0984,0.776
session,fixed,200,Linear SVM,s013,0.08879999999999999,0.336,0.7859999999999999
session,fixed,200,Linear SVM,s015,0.12279999999999999,0.4368,0.6679999999999999
session,fixed,200,Linear SVM,s016,0.10719999999999999,0.1752,0.9399999999999998
session,fixed,200,Linear SVM,s017,0.03480000000000002,0.2904,0.172
session,fixed,200,Linear SVM,s018,0.09119999999999999,0.536,0.4600000000000001
session,fixed,200,Linear SVM,s019,0.06080000000000001,0.2848,0.812
session,fixed,200,Linear SVM,s020,0.12840000000000001,0.3224,0.9339999999999999
session,fixed,200,Linear SVM,s021,0.11599999999999999,0.6352000000000001,0.828
session,fixed,200,Linear SVM,s022,0.02520000000000001,0.041600000000000005,0.6180000000000001
session,fixed,200,Linear SVM,s024,0.038400000000000004,0.088,0.324
session,fixed,200,Linear SVM,s025,0.030000000000000016,0.16560000000000002,0.38599999999999995
session,fixed,200,Linear SVM,s026,0.18759999999999993,0.6648,0.998
session,fixed,200,Linear SVM,s027,0.08279999999999998,0.4056,0.6439999999999999
session,fixed,200,Linear SVM,s028,0.04680000000000002,0.188,0.55
session,fixed,200,Linear SVM,s029,0.09439999999999997,0.5648,0.8319999999999999
session,fixed,200,Linear SVM,s030,0.0432,0.6952,0.514
session,fixed,200,Linear SVM,s031,0.1852,0.7072,0.8960000000000001
session,fixed,200,Linear SVM,s032,0.22999999999999998,0.8984,0.9560000000000001
session,fixed,200,Linear SVM,s033,0.02040000000000001,0.0624,0.08600000000000001
session,fixed,200,Linear SVM,s034,0.059199999999999996,0.7232,0.344
session,fixed,200,Linear SVM,s035,0.10399999999999998,0.472,0.502
session,fixed,200,Linear SVM,s036,0.0008,0.0008,0.0
session,fixed,200,Linear SVM,s037,0.13679999999999998,0.3992,0.9420000000000002
session,fixed,200,Linear SVM,s038,0.05840000000000001,0.9872,0.7220000000000001
session,fixed,200,Linear SVM,s039,0.0528,0.6119999999999999,0.532
session,fixed,200,Linear SVM,s040,0.04760000000000001,0.08159999999999999,0.316
session,fixed,200,Linear SVM,s041,0.05200000000000001,0.09519999999999999,0.6739999999999999
session,fixed,200,Linear SVM,s042,0.0156,0.22160000000000002,0.044
session,fixed,200,Linear SVM,s043,0.022400000000000017,0.0408,0.21600000000000003
session,fixed,200,Linear SVM,s044,0.07999999999999999,0.18480000000000002,0.764
session,fixed,200,Linear SVM,s046,0.08919999999999999,0.276,0.8859999999999999
session,fixed,200,Linear SVM,s047,0.0792,0.7584,0.514
session,fixed,200,Linear SVM,s048,0.0892,0.8455999999999999,0.9199999999999999
session,fixed,200,Linear SVM,s049,0.038400000000000004,0.30640000000000006,0.358
session,fixed,200,Linear SVM,s050,0.0968,0.6232,0.7459999999999999
session,fixed,200,Linear SVM,s051,0.057599999999999985,0.5736000000000001,0.506
session,fixed,200,Linear SVM,s052,0.010000000000000009,0.5960000000000001,0.010000000000000009
session,fixed,200,Linear SVM,s053,0.02400000000000002,0.348,0.05600000000000001
session,fixed,200,Linear SVM,s054,0.19839999999999997,0.5888,1.0
session,fixed,200,Linear SVM,s055,0.028000000000000008,0.076,0.05800000000000001
session,fixed,200,Linear SVM,s056,0.05800000000000001,0.3096,0.398
session,fixed,200,Linear SVM,s057,0.118,0.3456,0.7380000000000001
session,fixed,200,MLP,s002,0.3156,0.868,0.8719999999999999
session,fixed,200,MLP,s003,0.04960000000000001,0.1216,0.18
session,fixed,200,MLP,s004,0.08359999999999998,0.18719999999999998,0.39
session,fixed,200,MLP,s005,0.07520000000000002,0.3136,0.9339999999999999
session,fixed,200,MLP,s007,0.11599999999999999,0.9103999999999999,0.756
session,fixed,200,MLP,s008,0.1456,0.4968,0.9019999999999999
session,fixed,200,MLP,s010,0.09679999999999998,0.4272,0.8
session,fixed,200,MLP,s011,0.06599999999999999,0.45760000000000006,0.32600000000000007
session,fixed,200,MLP,s012,0.06200000000000001,0.10880000000000001,0.946
session,fixed,200,MLP,s013,0.1524,0.34879999999999994,0.858
session,fixed,200,MLP,s015,0.08959999999999999,0.404,0.43200000000000005
session,fixed,200,MLP,s016,0.2,0.3888,0.99
session,fixed,200,MLP,s017,0.03680000000000002,0.32239999999999996,0.194
session,fixed,200,MLP,s018,0.1152,0.8280000000000001,0.732
session,fixed,200,MLP,s019,0.0668,0.21760000000000002,0.884
session,fixed,200,MLP,s020,0.17120000000000005,0.5448000000000001,0.994
session,fixed,200,MLP,s021,0.1408,0.8704000000000001,0.8119999999999999
session,fixed,200,MLP,s022,0.029599999999999998,0.0344,0.9920000000000002
session,fixed,200,MLP,s024,0.074,0.1056,0.916
session,fixed,200,MLP,s025,0.0624,0.47119999999999995,0.506
session,fixed,200,MLP,s026,0.2244,0.5352,0.994
session,fixed,200,MLP,s027,0.1068,0.332,0.76
session,fixed,200,MLP,s028,0.05919999999999999,0.17519999999999997,0.7639999999999999
session,fixed,200,MLP,s029,0.14479999999999998,0.5664,0.762
session,fixed,200,MLP,s030,0.041600000000000005,0.132,0.4800000000000001
session,fixed,200,MLP,s031,0.21919999999999998,0.7416,0.9279999999999999
session,fixed,200,MLP,s032,0.21359999999999996,0.9423999999999999,0.8699999999999999
session,fixed,200,MLP,s033,0.044400000000000016,0.0784,0.576
session,fixed,200,MLP,s034,0.09999999999999999,0.6752,0.44400000000000006
session,fixed,200,MLP,s035,0.1276,0.5744,0.5559999999999999
session,fixed,200,MLP,s036,0.0032,0.0032,0.06799999999999999
session,fixed,200,MLP,s037,0.17880000000000001,0.46719999999999995,0.97
session,fixed,200,MLP,s038,0.0576,0.984,0.6940000000000001
session,fixed,200,MLP,s039,0.06599999999999999,0.9408,0.48199999999999993
session,fixed,200,MLP,s040,0.0728,0.1464,0.6859999999999999
session,fixed,200,MLP,s041,0.07599999999999998,0.2,0.79
session,fixed,200,MLP,s042,0.014400000000000005,0.2424,0.08
session,fixed,200,MLP,s043,0.0472,0.05439999999999999,0.9460000000000001
session,fixed,200,MLP,s044,0.08879999999999999,0.1528,0.882
session,fixed,200,MLP,s046,0.0948,0.2016,0.9239999999999998
session,fixed,200,MLP,s047,0.08759999999999998,0.45999999999999996,0.472
session,fixed,200,MLP,s048,0.09559999999999999,0.7096,0.9100000000000001
session,fixed,200,MLP,s049,0.029600000000000015,0.07120000000000001,0.21200000000000002
session,fixed,200,MLP,s050,0.11400000000000002,0.7367999999999999,0.532
session,fixed,200,MLP,s051,0.06440000000000001,0.5055999999999999,0.182
session,fixed,200,MLP,s052,0.014400000000000007,0.11840000000000002,0.026000000000000002
session,fixed,200,MLP,s053,0.02560000000000001,0.4368,0.05600000000000003
session,fixed,200,MLP,s054,0.1848,0.5528000000000001,0.992
session,fixed,200,MLP,s055,0.02880000000000002,0.2,0.04800000000000002
session,fixed,200,MLP,s056,0.06959999999999998,0.29440000000000005,0.626
session,fixed,200,MLP,s057,0.10679999999999998,0.44400000000000006,0.31999999999999995
session,balanced,10,k-NN,s002,0.4101398438916489,0.9736,1.0
session,balanced,10,k-NN,s003,0.19845268408701938,0.4943999999999999,1.0
session,balanced,10,k-NN,s004,0.258635726724163,0.9783999999999999,1.0
session,balanced,10,k-NN,s005,0.12362458555926711,0.43360000000000004,1.0
session,balanced,10,k-NN,s007,0.2659940046777642,0.8775999999999999,0.9879999999999999
session,balanced,10,k-NN,s008,0.23803381844735286,0.76,1.0
session,balanced,10,k-NN,s010,0.15029061307175726,0.43439999999999995,1.0
session,balanced,10,k-NN,s011,0.1466276119534433,0.6488,1.0
session,balanced,10,k-NN,s012,0.14759335669846835,0.6776000000000001,1.0
session,balanced,10,k-NN,s013,0.2110546618123374,0.7104000000000001,0.986
session,balanced,10,k-NN,s015,0.21537023588307283,0.8064,0.99
session,balanced,10,k-NN,s016,0.3416653054509242,0.9231999999999999,0.9780000000000001
session,balanced,10,k-NN,s017,0.12151554436679121,0.5888,1.0
session,balanced,10,k-NN,s018,0.21553957220475867,0.9960000000000001,0.974
session,balanced,10,k-NN,s019,0.14624869806252025,0.6904,1.0
session,balanced,10,k-NN,s020,0.22567393401956073,0.8064,0.9879999999999999
session,balanced,10,k-NN,s021,0.20147194666921853,0.796,0.9800000000000001
session,balanced,10,k-NN,s022,0.03580014487939868,0.2384,0.8039999999999999
session,balanced,10,k-NN,s024,0.09945441495780943,0.3912,1.0
session,balanced,10,k-NN,s025,0.15102641597860597,0.8976,0.812
session,balanced,10,k-NN,s026,0.3070806541587291,0.8640000000000001,1.0
session,balanced,10,k-NN,s027,0.2438262646568417,0.8535999999999999,0.96
session,balanced,10,k-NN,s028,0.1616765287570489,0.5584,1.0
session,balanced,10,k-NN,s029,0.2666819996830985,0.9823999999999999,1.0
session,balanced,10,k-NN,s030,0.06786227821082004,0.4064,0.9800000000000001
session,balanced,10,k-NN,s031,0.34462527372470764,0.9847999999999999,1.0
session,balanced,10,k-NN,s032,0.35714539327523187,1.0,0.9960000000000001
session,balanced,10,k-NN,s033,0.1336750727178918,0.8432000000000001,0.8640000000000001
session,balanced,10,k-NN,s034,0.18961372530490597,0.9576,1.0
session,balanced,10,k-NN,s035,0.29497627091900924,0.8624,0.9960000000000001
session,balanced,10,k-NN,s036,0.023171912799636193,0.0264,0.604
session,balanced,10,k-NN,s037,0.36515196320299936,0.9192,1.0
session,balanced,10,k-NN,s038,0.1535105445010217,0.8535999999999999,1.0
session,balanced,10,k-NN,s039,0.19281379047074737,0.9551999999999999,1.0
session,balanced,10,k-NN,s040,0.13904991464437896,0.6456,0.884
session,balanced,10,k-NN,s041,0.11129850658547528,0.5519999999999999,0.868
session,balanced,10,k-NN,s042,0.13168681655383668,0.7048000000000001,0.99
session,balanced,10,k-NN,s043,0.06484050114338608,0.0912,0.9219999999999999
session,balanced,10,k-NN,s044,0.11603039260799097,0.5296,1.0
session,balanced,10,k-NN,s046,0.235953329530222,0.8455999999999999,1.0
session,balanced,10,k-NN,s047,0.23366552113075373,0.9288000000000001,0.992
session,balanced,10,k-NN,s048,0.22130906512019727,0.7392000000000001,1.0
session,balanced,10,k-NN,s049,0.08938544927052998,0.8375999999999999,1.0
session,balanced,10,k-NN,s050,0.24440818099972997,0.9087999999999999,1.0
session,balanced,10,k-NN,s051,0.28184606877401186,0.9343999999999999,0.998
session,balanced,10,k-NN,s052,0.03918451101666687,0.42400000000000004,1.0
session,balanced,10,k-NN,s053,0.20914985042681233,1.0,1.0
session,balanced,10,k-NN,s054,0.3103333517515639,0.8879999999999999,1.0
session,balanced,10,k-NN,s055,0.17647979896948357,0.7584,1.0
session,balanced,10,k-NN,s056,0.17631271937793366,0.776,0.9259999999999999
session,balanced,10,k-NN,s057,0.2696234714114761,0.7976000000000001,1.0
session,balanced,10,LDA,s002,0.40222979901413825,0.9800000000000001,1.0
session,balanced,10,LDA,s003,0.23525222411508614,0.8023999999999999,1.0
session,balanced,10,LDA,s004,0.2851798699075659,0.8184000000000001,1.0
session,balanced,10,LDA,s005,0.2476,0.9576,1.0
session,balanced,10,LDA,s007,0.374,0.892,1.0
session,balanced,10,LDA,s008,0.3629536950711666,0.8520000000000001,1.0
session,balanced,10,LDA,s010,0.23097031668414925,0.6592,1.0
session,balanced,10,LDA,s011,0.2036481203007519,0.724,1.0
session,balanced,10,LDA,s012,0.29310840423344076,0.7872,1.0
session,balanced,10,LDA,s013,0.292,0.7647999999999999,1.0
session,balanced,10,LDA,s015,0.31511724137931035,0.8208,0.986
session,balanced,10,LDA,s016,0.286,0.7136,1.0
session,balanced,10,LDA,s017,0.30236319018404906,0.8896000000000001,1.0
session,balanced,10,LDA,s018,0.23856620278330015,0.7415999999999999,0.9719999999999999
session,balanced,10,LDA,s019,0.25938317757009355,0.7976,1.0
session,balanced,10,LDA,s020,0.34840577617328516,0.9064,1.0
session,balanced,10,LDA,s021,0.26665736434108533,0.9391999999999999,1.0
session,balanced,10,LDA,s022,0.14325245901639344,0.5048,1.0
session,balanced,10,LDA,s024,0.18766829268292684,0.8664,1.0
session,balanced,10,LDA,s025,0.19813156146179403,0.6975999999999999,1.0
session,balanced,10,LDA,s026,0.3988754868890462,0.9343999999999999,1.0
session,balanced,10,LDA,s027,0.2693785760770533,0.9719999999999999,1.0
session,balanced,10,LDA,s028,0.28145010246715185,0.7792,1.0
session,balanced,10,LDA,s029,0.32880000000000004,0.9023999999999999,1.0
session,balanced,10,LDA,s030,0.2470578862716029,0.828,1.0
session,balanced,10,LDA,s031,0.41079999999999994,0.9536,1.0
session,balanced,10,LDA,s032,0.3908,0.9751999999999998,0.998
session,balanced,10,LDA,s033,0.11640000000000002,0.3872,1.0
session,balanced,10,LDA,s034,0.26959999999999995,0.9359999999999999,1.0
session,balanced,10,LDA,s035,0.3378674102490962,0.9968,1.0
session,balanced,10,LDA,s036,0.13949985722306796,0.45680000000000004,1.0
session,balanced,10,LDA,s037,0.3592100178890877,0.8552,1.0
session,balanced,10,LDA,s038,0.2696,0.8744,1.0
session,balanced,10,LDA,s039,0.18883393958522374,0.9776,1.0
session,balanced,10,LDA,s040,0.19119999999999998,0.7496,1.0
session,balanced,10,LDA,s041,0.20180756649399348,0.7215999999999999,1.0
session,balanced,10,LDA,s042,0.19787173004402886,0.6759999999999999,1.0
session,balanced,10,LDA,s043,0.1508800306550223,0.6359999999999999,1.0
session,balanced,10,LDA,s044,0.2616435643564356,0.9071999999999999,1.0
session,balanced,10,LDA,s046,0.3008,0.8608,1.0
session,balanced,10,LDA,s047,0.36800000000000005,0.952,1.0
session,balanced,10,LDA,s048,0.34841047463175123,0.9096,1.0
session,balanced,10,LDA,s049,0.1814996197718631,0.8736,1.0
session,balanced,10,LDA,s050,0.27069565217391306,0.9743999999999999,1.0
session,balanced,10,LDA,s051,0.28738640776699026,0.9279999999999999,1.0
session,balanced,10,LDA,s052,0.10923689776733254,0.5408000000000001,1.0
session,balanced,10,LDA,s053,0.27212296058886226,0.8719999999999999,1.0
session,balanced,10,LDA,s054,0.37637334543456974,0.8416,1.0
session,balanced,10,LDA,s055,0.2780539545441902,0.7952,1.0
session,balanced,10,LDA,s056,0.3144,0.9071999999999999,1.0
session,balanced,10,LDA,s057,0.2332,0.8039999999999999,1.0
session,balanced,10,Threshold,s002,0.4676,0.8968,0.6699999999999999
session,balanced,10,Threshold,s003,0.3456,0.8752000000000001,0.974
session,balanced,10,Threshold,s004,0.09559999999999999,0.8615999999999999,0.446
session,balanced,10,Threshold,s005,0.05840000000000001,0.6312,0.356
session,balanced,10,Threshold,s007,0.21239999999999998,0.8544,0.8939999999999999
session,balanced,10,Threshold,s008,0.1568,0.7,0.514
session,balanced,10,Threshold,s010,0.04160000000000001,0.3136,0.12400000000000003
session,balanced,10,Threshold,s011,0.2516,0.6952,0.8939999999999999
session,balanced,10,Threshold,s012,0.10399999999999998,0.6272,0.39
session,balanced,10,Threshold,s013,0.12840000000000001,0.6432,0.31799999999999995
session,balanced,10,Threshold,s015,0.2088,0.7575999999999999,0.834
session,balanced,10,Threshold,s016,0.0732,0.37360000000000004,0.46799999999999997
session,balanced,10,Threshold,s017,0.04240000000000002,0.4488,0.092
session,balanced,10,Threshold,s018,0.23879999999999998,0.9952,0.712
session,balanced,10,Threshold,s019,0.05320000000000001,0.4488,0.08999999999999997
session,balanced,10,Threshold,s020,0.258,0.9503999999999999,0.776
session,balanced,10,Threshold,s021,0.1212,0.8576,0.41000000000000003
session,balanced,10,Threshold,s022,0.017200000000000003,0.3136,0.02400000000000002
session,balanced,10,Threshold,s024,0.0656,0.4152,0.192
session,balanced,10,Threshold,s025,0.10039999999999998,0.9224,0.15600000000000003
session,balanced,10,Threshold,s026,0.10719999999999999,0.7112,0.258
session,balanced,10,Threshold,s027,0.09279999999999997,0.8664,0.21800000000000003
session,balanced,10,Threshold,s028,0.0724,0.5904,0.19
session,balanced,10,Threshold,s029,0.1444,0.8103999999999999,0.44399999999999995
session,balanced,10,Threshold,s030,0.152,0.9888,0.376
session,balanced,10,Threshold,s031,0.308,0.9728,0.9359999999999999
session,balanced,10,Threshold,s032,0.38920000000000005,0.9495999999999999,0.974
session,balanced,10,Threshold,s033,0.11839999999999999,0.9144,0.45599999999999996
session,balanced,10,Threshold,s034,0.2696,0.9128000000000001,0.9179999999999999
session,balanced,10,Threshold,s035,0.2572,0.9183999999999999,0.71
session,balanced,10,Threshold,s036,0.0176,0.0472,0.020000000000000018
session,balanced,10,Threshold,s037,0.21559999999999996,0.9087999999999999,0.874
session,balanced,10,Threshold,s038,0.124,0.984,0.22000000000000003
session,balanced,10,Threshold,s039,0.09799999999999999,0.9896,0.18
session,balanced,10,Threshold,s040,0.16720000000000002,0.9864,0.372
session,balanced,10,Threshold,s041,0.1528,0.9208000000000001,0.562
session,balanced,10,Threshold,s042,0.03600000000000003,0.8472,0.038000000000000034
session,balanced,10,Threshold,s043,0.04600000000000002,0.668,0.10199999999999995
session,balanced,10,Threshold,s044,0.08800000000000001,0.7719999999999999,0.294
session,balanced,10,Threshold,s046,0.138,0.9128000000000001,0.528
session,balanced,10,Threshold,s047,0.28240000000000004,0.9888,0.9279999999999999
session,balanced,10,Threshold,s048,0.14240000000000003,0.8656,0.344
session,balanced,10,Threshold,s049,0.0536,0.5671999999999999,0.11599999999999999
session,balanced,10,Threshold,s050,0.17359999999999998,0.9263999999999999,0.5780000000000001
session,balanced,10,Threshold,s051,0.2344,0.7023999999999999,0.9400000000000001
session,balanced,10,Threshold,s052,0.018000000000000016,0.6136,0.020000000000000018
session,balanced,10,Threshold,s053,0.08520000000000001,0.6839999999999999,0.27
session,balanced,10,Threshold,s054,0.11279999999999998,0.8368,0.8559999999999999
session,balanced,10,Threshold,s055,0.054000000000000006,0.4936,0.21200000000000002
session,balanced,10,Threshold,s056,0.14640000000000003,0.6848000000000001,0.714
session,balanced,10,Threshold,s057,0.23879999999999998,0.6888,0.952
session,balanced,10,Linear SVM,s002,0.29,0.944,0.9700000000000001
session,balanced,10,Linear SVM,s003,0.05840000000000002,0.1712,0.332
session,balanced,10,Linear SVM,s004,0.1524,0.9032,0.9480000000000001
session,balanced,10,Linear SVM,s005,0.1476,0.33039999999999997,0.9960000000000001
session,balanced,10,Linear SVM,s007,0.20600000000000002,0.7504000000000001,0.9800000000000001
session,balanced,10,Linear SVM,s008,0.1916,0.7087999999999999,0.952
session,balanced,10,Linear SVM,s010,0.0928,0.3568,0.488
session,balanced,10,Linear SVM,s011,0.0784,0.2848,0.74
session,balanced,10,Linear SVM,s012,0.08639999999999999,0.2232,0.8859999999999999
session,balanced,10,Linear SVM,s013,0.1812,0.7432000000000001,0.858
session,balanced,10,Linear SVM,s015,0.156,0.6984,0.7100000000000001
session,balanced,10,Linear SVM,s016,0.22080000000000002,0.4032,0.9880000000000001
session,balanced,10,Linear SVM,s017,0.0812,0.2872,0.7340000000000001
session,balanced,10,Linear SVM,s018,0.15799999999999997,0.8423999999999999,0.7959999999999999
session,balanced,10,Linear SVM,s019,0.10799999999999998,0.32480000000000003,0.998
session,balanced,10,Linear SVM,s020,0.22000000000000003,0.7192000000000001,0.9259999999999999
session,balanced,10,Linear SVM,s021,0.2032,0.8808,0.99
session,balanced,10,Linear SVM,s022,0.028800000000000003,0.0792,0.8720000000000001
session,balanced,10,Linear SVM,s024,0.07919999999999999,0.352,0.6859999999999999
session,balanced,10,Linear SVM,s025,0.084,0.5008,0.938
session,balanced,10,Linear SVM,s026,0.33999999999999997,0.8320000000000001,0.9960000000000001
session,balanced,10,Linear SVM,s027,0.1592,0.78,0.97
session,balanced,10,Linear SVM,s028,0.092,0.3352,0.938
session,balanced,10,Linear SVM,s029,0.1716,0.6952,0.9899999999999999
session,balanced,10,Linear SVM,s030,0.05559999999999998,0.2888,0.726
session,balanced,10,Linear SVM,s031,0.33680000000000004,0.868,0.992
session,balanced,10,Linear SVM,s032,0.2796,0.9431999999999998,0.984
session,balanced,10,Linear SVM,s033,0.04480000000000001,0.19119999999999998,0.618
session,balanced,10,Linear SVM,s034,0.1264,0.8991999999999999,0.598
session,balanced,10,Linear SVM,s035,0.162,0.9416,0.85
session,balanced,10,Linear SVM,s036,0.0016,0.0016,0.0
session,balanced,10,Linear SVM,s037,0.24359999999999998,0.804,0.99
session,balanced,10,Linear SVM,s038,0.1272,0.9039999999999999,0.86
session,balanced,10,Linear SVM,s039,0.1708,0.992,0.97
session,balanced,10,Linear SVM,s040,0.1156,0.31439999999999996,0.9
session,balanced,10,Linear SVM,s041,0.08479999999999997,0.26559999999999995,0.588
session,balanced,10,Linear SVM,s042,0.0748,0.4064,0.742
session,balanced,10,Linear SVM,s043,0.0448,0.055999999999999994,0.954
session,balanced,10,Linear SVM,s044,0.10479999999999998,0.5416000000000001,0.976
session,balanced,10,Linear SVM,s046,0.17040000000000002,0.5904,0.966
session,balanced,10,Linear SVM,s047,0.1964,0.7976,0.908
session,balanced,10,Linear SVM,s048,0.1488,0.8032,0.9019999999999999
session,balanced,10,Linear SVM,s049,0.0688,0.12,0.774
session,balanced,10,Linear SVM,s050,0.26799999999999996,0.8671999999999999,0.9440000000000002
session,balanced,10,Linear SVM,s051,0.12399999999999997,0.776,0.6460000000000001
session,balanced,10,Linear SVM,s052,0.012400000000000008,0.45680000000000004,0.076
session,balanced,10,Linear SVM,s053,0.06040000000000002,0.664,0.5980000000000001
session,balanced,10,Linear SVM,s054,0.23079999999999998,0.7504,0.9879999999999999
session,balanced,10,Linear SVM,s055,0.026800000000000018,0.3304,0.274
session,balanced,10,Linear SVM,s056,0.1276,0.7008000000000001,0.8899999999999999
session,balanced,10,Linear SVM,s057,0.1764,0.6864,0.908
session,balanced,10,MLP,s002,0.4636,0.8808,0.982
session,balanced,10,MLP,s003,0.2484,0.5256000000000001,0.6679999999999999
session,balanced,10,MLP,s004,0.28959999999999997,0.9279999999999999,0.9179999999999999
session,balanced,10,MLP,s005,0.1728,0.5112,0.974
session,balanced,10,MLP,s007,0.368,0.8944000000000001,0.9940000000000001
session,balanced,10,MLP,s008,0.4444,0.9048,1.0
session,balanced,10,MLP,s010,0.19560000000000002,0.8263999999999999,0.968
session,balanced,10,MLP,s011,0.21280000000000002,0.7832,0.942
session,balanced,10,MLP,s012,0.366,0.764,0.9720000000000001
session,balanced,10,MLP,s013,0.3748,0.9296,0.992
session,balanced,10,MLP,s015,0.3944,0.7872,0.99
session,balanced,10,MLP,s016,0.3208,0.728,0.9960000000000001
session,balanced,10,MLP,s017,0.2032,0.7384000000000001,0.998
session,balanced,10,MLP,s018,0.5124000000000001,0.984,0.9960000000000001
session,balanced,10,MLP,s019,0.22880000000000003,0.7255999999999999,0.9880000000000001
session,balanced,10,MLP,s020,0.39039999999999997,0.9328,0.9960000000000001
session,balanced,10,MLP,s021,0.3571999999999999,0.9400000000000001,0.998
session,balanced,10,MLP,s022,0.0512,0.0744,0.9399999999999998
session,balanced,10,MLP,s024,0.18960000000000002,0.6952,0.9019999999999999
session,balanced,10,MLP,s025,0.3212,0.9632,1.0
session,balanced,10,MLP,s026,0.30999999999999994,0.8423999999999999,0.9800000000000001
session,balanced,10,MLP,s027,0.396,0.8152000000000001,0.998
session,balanced,10,MLP,s028,0.1696,0.788,0.968
session,balanced,10,MLP,s029,0.2948,0.9311999999999999,0.942
session,balanced,10,MLP,s030,0.2404,0.9144,0.9099999999999999
session,balanced,10,MLP,s031,0.4288,0.8728,0.994
session,balanced,10,MLP,s032,0.44800000000000006,0.9704,0.978
session,balanced,10,MLP,s033,0.29359999999999997,0.7224,0.8480000000000001
session,balanced,10,MLP,s034,0.4072,0.9687999999999999,0.984
session,balanced,10,MLP,s035,0.2032,0.7272,0.9179999999999999
session,balanced,10,MLP,s036,0.034800000000000005,0.08879999999999999,0.14800000000000002
session,balanced,10,MLP,s037,0.40919999999999995,0.8888,0.99
session,balanced,10,MLP,s038,0.15519999999999998,0.9655999999999999,0.72
session,balanced,10,MLP,s039,0.4744,0.9448000000000001,0.986
session,balanced,10,MLP,s040,0.2784,0.7176,0.96
session,balanced,10,MLP,s041,0.2272,0.7456,0.8799999999999999
session,balanced,10,MLP,s042,0.21600000000000003,0.6288,0.9880000000000001
session,balanced,10,MLP,s043,0.08359999999999998,0.2592,0.8899999999999999
session,balanced,10,MLP,s044,0.1664,0.7487999999999999,0.9359999999999999
session,balanced,10,MLP,s046,0.2548,0.86,0.966
session,balanced,10,MLP,s047,0.4556,0.9832000000000001,0.9639999999999999
session,balanced,10,MLP,s048,0.21639999999999998,0.8295999999999999,0.9019999999999999
session,balanced,10,MLP,s049,0.11320000000000001,0.47759999999999997,0.794
session,balanced,10,MLP,s050,0.266,0.8656,0.99
session,balanced,10,MLP,s051,0.26799999999999996,0.8416,0.976
session,balanced,10,MLP,s052,0.1516,0.6104,0.9179999999999999
session,balanced,10,MLP,s053,0.24879999999999997,0.8032000000000001,0.8620000000000001
session,balanced,10,MLP,s054,0.3544,0.7904,0.9960000000000001
session,balanced,10,MLP,s055,0.17040000000000002,0.5992,0.9380000000000001
session,balanced,10,MLP,s056,0.32,0.9088,1.0
session,balanced,10,MLP,s057,0.23880000000000004,0.6504,0.7939999999999999
session,balanced,50,k-NN,s002,0.33771402118560123,0.9832000000000001,1.0
session,balanced,50,k-NN,s003,0.08285693649078779,0.2424,1.0
session,balanced,50,k-NN,s004,0.09503374306984415,0.6472,1.0
session,balanced,50,k-NN,s005,0.05502488330952231,0.3472,1.0
session,balanced,50,k-NN,s007,0.1473821608696199,0.8632,1.0
session,balanced,50,k-NN,s008,0.14986615343257534,0.5536000000000001,1.0
session,balanced,50,k-NN,s010,0.05654132132829208,0.5464,1.0
session,balanced,50,k-NN,s011,0.0716477132063339,0.6496000000000001,1.0
session,balanced,50,k-NN,s012,0.11118902109661184,0.4976,1.0
session,balanced,50,k-NN,s013,0.11060837838100421,0.524,1.0
session,balanced,50,k-NN,s015,0.13198613168475312,0.5671999999999999,1.0
session,balanced,50,k-NN,s016,0.2739597606368872,1.0,0.924
session,balanced,50,k-NN,s017,0.05694801831048094,0.3984,0.8140000000000001
session,balanced,50,k-NN,s018,0.12006246694112466,0.8568,0.8939999999999999
session,balanced,50,k-NN,s019,0.05262038349102928,0.7,1.0
session,balanced,50,k-NN,s020,0.1581164943740691,0.9071999999999999,0.942
session,balanced,50,k-NN,s021,0.1588796451133408,0.8232000000000002,0.9
session,balanced,50,k-NN,s022,0.029357647609943915,0.0376,1.0
session,balanced,50,k-NN,s024,0.05992902277758448,0.4880000000000001,1.0
session,balanced,50,k-NN,s025,0.05039833644155563,0.5640000000000001,0.812
session,balanced,50,k-NN,s026,0.1590945185376345,0.5376,1.0
session,balanced,50,k-NN,s027,0.0759129693222381,0.42799999999999994,1.0
session,balanced,50,k-NN,s028,0.08135831218040687,0.44400000000000006,1.0
session,balanced,50,k-NN,s029,0.15051864720104358,0.696,1.0
session,balanced,50,k-NN,s030,0.05100858805588573,0.5328000000000002,0.818
session,balanced,50,k-NN,s031,0.2432724879507487,0.7112,1.0
session,balanced,50,k-NN,s032,0.270897835606252,0.9495999999999999,1.0
session,balanced,50,k-NN,s033,0.038812366703389424,0.4928,0.516
session,balanced,50,k-NN,s034,0.11184242683914913,0.6624000000000001,1.0
session,balanced,50,k-NN,s035,0.1348672739826524,0.7168,0.8960000000000001
session,balanced,50,k-NN,s036,0.00966167561117819,0.404,0.20600000000000002
session,balanced,50,k-NN,s037,0.2633168064776017,0.756,1.0
session,balanced,50,k-NN,s038,0.09406189550301293,0.876,0.8379999999999999
session,balanced,50,k-NN,s039,0.08308941773032774,0.7512000000000001,1.0
session,balanced,50,k-NN,s040,0.07403222734742894,0.35839999999999994,0.8960000000000001
session,balanced,50,k-NN,s041,0.08381442387976296,0.692,1.0
session,balanced,50,k-NN,s042,0.04158502214652592,0.4112,0.806
session,balanced,50,k-NN,s043,0.030483650644984032,0.08399999999999999,1.0
session,balanced,50,k-NN,s044,0.06001735186828355,0.36,1.0
session,balanced,50,k-NN,s046,0.14522019453756113,0.7576,1.0
session,balanced,50,k-NN,s047,0.13297791372337237,0.7664000000000001,0.858
session,balanced,50,k-NN,s048,0.11305899558620394,0.7112,1.0
session,balanced,50,k-NN,s049,0.028794542886438117,0.2312,0.8400000000000001
session,balanced,50,k-NN,s050,0.16527108128178988,0.8103999999999999,1.0
session,balanced,50,k-NN,s051,0.11601976795566298,0.5272,1.0
session,balanced,50,k-NN,s052,0.0210351000401118,0.6448,0.6039999999999999
session,balanced,50,k-NN,s053,0.03619671194009046,0.5576,0.8099999999999999
session,balanced,50,k-NN,s054,0.1779883790957537,0.8008000000000001,1.0
session,balanced,50,k-NN,s055,0.0699340189585016,0.5312,1.0
session,balanced,50,k-NN,s056,0.08642906801325435,0.5608,0.952
session,balanced,50,k-NN,s057,0.14795692418583292,0.624,1.0
session,balanced,50,LDA,s002,0.21399999999999997,0.9328,0.962
session,balanced,50,LDA,s003,0.04600000000000003,0.27599999999999997,0.308
session,balanced,50,LDA,s004,0.0992,0.56,0.6739999999999999
session,balanced,50,LDA,s005,0.11839999999999999,0.3576,0.93
session,balanced,50,LDA,s007,0.16919999999999996,0.812,0.924
session,balanced,50,LDA,s008,0.18280000000000002,0.6960000000000001,0.9739999999999999
session,balanced,50,LDA,s010,0.0688,0.24,0.8160000000000001
session,balanced,50,LDA,s011,0.060399999999999995,0.3888,0.402
session,balanced,50,LDA,s012,0.0752,0.2712,0.776
session,balanced,50,LDA,s013,0.1072,0.38560000000000005,0.8240000000000001
session,balanced,50,LDA,s015,0.18159999999999998,0.68,0.8400000000000001
session,balanced,50,LDA,s016,0.10919999999999999,0.2752,0.79
session,balanced,50,LDA,s017,0.10880000000000001,0.40800000000000003,0.9640000000000001
session,balanced,50,LDA,s018,0.09879999999999999,0.44800000000000006,0.458
session,balanced,50,LDA,s019,0.0824,0.4911999999999999,0.7139999999999999
session,balanced,50,LDA,s020,0.14240000000000003,0.36880000000000007,0.9339999999999999
session,balanced,50,LDA,s021,0.17079999999999998,0.6416,0.9799999999999999
session,balanced,50,LDA,s022,0.026800000000000008,0.0344,0.40199999999999997
session,balanced,50,LDA,s024,0.054400000000000004,0.3384,0.38
session,balanced,50,LDA,s025,0.04880000000000002,0.43599999999999994,0.472
session,balanced,50,LDA,s026,0.23079999999999998,0.7752000000000001,0.998
session,balanced,50,LDA,s027,0.11159999999999999,0.6599999999999999,0.836
session,balanced,50,LDA,s028,0.08680000000000002,0.44720000000000004,0.726
session,balanced,50,LDA,s029,0.1292,0.6808,0.868
session,balanced,50,LDA,s030,0.03480000000000001,0.8464,0.5700000000000001
session,balanced,50,LDA,s031,0.2352,0.7664,0.9059999999999999
session,balanced,50,LDA,s032,0.246,0.8488,0.9560000000000001
session,balanced,50,LDA,s033,0.03640000000000001,0.18319999999999997,0.15399999999999997
session,balanced,50,LDA,s034,0.09199999999999997,0.6759999999999999,0.43000000000000005
session,balanced,50,LDA,s035,0.1296,0.7416,0.742
session,balanced,50,LDA,s036,0.011200000000000002,0.1688,0.01200000000000001
session,balanced,50,LDA,s037,0.18120000000000003,0.5208,0.942
session,balanced,50,LDA,s038,0.0732,0.7727999999999999,0.716
session,balanced,50,LDA,s039,0.07200000000000001,0.6888,0.768
session,balanced,50,LDA,s040,0.066,0.2088,0.614
session,balanced,50,LDA,s041,0.056799999999999996,0.13520000000000001,0.702
session,balanced,50,LDA,s042,0.05199999999999999,0.25680000000000003,0.702
session,balanced,50,LDA,s043,0.034,0.0504,0.26799999999999996
session,balanced,50,LDA,s044,0.0984,0.3496,0.866
session,balanced,50,LDA,s046,0.1244,0.4944,0.9040000000000001
session,balanced,50,LDA,s047,0.10959999999999999,0.7263999999999999,0.5780000000000001
session,balanced,50,LDA,s048,0.1264,0.7424000000000001,0.944
session,balanced,50,LDA,s049,0.0624,0.44960000000000006,0.612
session,balanced,50,LDA,s050,0.1212,0.7784,0.8879999999999999
session,balanced,50,LDA,s051,0.11000000000000001,0.7192000000000001,0.852
session,balanced,50,LDA,s052,0.013200000000000009,0.40800000000000003,0.014000000000000012
session,balanced,50,LDA,s053,0.044,0.396,0.35600000000000004
session,balanced,50,LDA,s054,0.23399999999999999,0.7824000000000001,0.998
session,balanced,50,LDA,s055,0.03960000000000001,0.1296,0.626
session,balanced,50,LDA,s056,0.08279999999999998,0.44000000000000006,0.47400000000000003
session,balanced,50,LDA,s057,0.1648,0.692,0.95
session,balanced,50,Threshold,s002,0.46799999999999997,0.9136,0.6839999999999999
session,balanced,50,Threshold,s003,0.33719999999999994,0.8928,0.978
session,balanced,50,Threshold,s004,0.0984,0.7263999999999999,0.4739999999999999
session,balanced,50,Threshold,s005,0.04760000000000002,0.4,0.30200000000000005
session,balanced,50,Threshold,s007,0.1696,0.82,0.876
session,balanced,50,Threshold,s008,0.1668,0.6712,0.666
session,balanced,50,Threshold,s010,0.036,0.2864,0.08399999999999999
session,balanced,50,Threshold,s011,0.26,0.7392,0.958
session,balanced,50,Threshold,s012,0.08439999999999998,0.3992,0.43200000000000005
session,balanced,50,Threshold,s013,0.1196,0.6272,0.41400000000000003
session,balanced,50,Threshold,s015,0.2244,0.5864,0.95
session,balanced,50,Threshold,s016,0.04480000000000002,0.15439999999999998,0.196
session,balanced,50,Threshold,s017,0.03840000000000002,0.52,0.07999999999999996
session,balanced,50,Threshold,s018,0.21760000000000002,0.9952,0.692
session,balanced,50,Threshold,s019,0.044000000000000025,0.26080000000000003,0.08
session,balanced,50,Threshold,s020,0.244,0.9088,0.8020000000000002
session,balanced,50,Threshold,s021,0.1236,0.7335999999999999,0.578
session,balanced,50,Threshold,s022,0.0144,0.0824,0.020000000000000018
session,balanced,50,Threshold,s024,0.04720000000000002,0.18080000000000002,0.13
session,balanced,50,Threshold,s025,0.07479999999999996,0.9096,0.13
session,balanced,50,Threshold,s026,0.0816,0.488,0.154
session,balanced,50,Threshold,s027,0.07959999999999996,0.8231999999999999,0.22800000000000004
session,balanced,50,Threshold,s028,0.05600000000000003,0.388,0.186
session,balanced,50,Threshold,s029,0.14520000000000002,0.7952,0.48600000000000004
session,balanced,50,Threshold,s030,0.09599999999999999,0.9944,0.21599999999999997
session,balanced,50,Threshold,s031,0.27840000000000004,0.9128000000000001,0.9179999999999999
session,balanced,50,Threshold,s032,0.42560000000000003,0.9416,0.9960000000000001
session,balanced,50,Threshold,s033,0.11279999999999998,0.9591999999999998,0.506
session,balanced,50,Threshold,s034,0.274,0.9016,0.954
session,balanced,50,Threshold,s035,0.2364,0.776,0.626
session,balanced,50,Threshold,s036,0.004800000000000004,0.024,0.008000000000000007
session,balanced,50,Threshold,s037,0.22279999999999997,0.844,0.9780000000000001
session,balanced,50,Threshold,s038,0.0728,0.9488,0.158
session,balanced,50,Threshold,s039,0.08599999999999997,0.9416,0.16
session,balanced,50,Threshold,s040,0.1396,0.9872,0.36
session,balanced,50,Threshold,s041,0.1272,0.6768,0.578
session,balanced,50,Threshold,s042,0.03600000000000003,0.552,0.04800000000000002
session,balanced,50,Threshold,s043,0.02560000000000001,0.7791999999999999,0.08000000000000003
session,balanced,50,Threshold,s044,0.06479999999999998,0.5048,0.22199999999999998
session,balanced,50,Threshold,s046,0.1332,0.8071999999999999,0.4959999999999999
session,balanced,50,Threshold,s047,0.2924,0.9551999999999999,0.914
session,balanced,50,Threshold,s048,0.09159999999999999,0.8583999999999999,0.388
session,balanced,50,Threshold,s049,0.04320000000000003,0.5456,0.06600000000000002
session,balanced,50,Threshold,s050,0.1748,0.8032,0.692
session,balanced,50,Threshold,s051,0.22079999999999997,0.7288,0.958
session,balanced,50,Threshold,s052,0.018000000000000016,0.6896,0.018000000000000016
session,balanced,50,Threshold,s053,0.06919999999999998,0.6824,0.188
session,balanced,50,Threshold,s054,0.0912,0.748,0.8300000000000001
session,balanced,50,Threshold,s055,0.053200000000000025,0.364,0.178
session,balanced,50,Threshold,s056,0.1544,0.6272000000000001,0.732
session,balanced,50,Threshold,s057,0.2512,0.66,0.954
session,balanced,50,Linear SVM,s002,0.22280000000000003,0.9184000000000001,0.9560000000000001
session,balanced,50,Linear SVM,s003,0.04600000000000002,0.16319999999999998,0.22199999999999998
session,balanced,50,Linear SVM,s004,0.08479999999999999,0.5992,0.5640000000000001
session,balanced,50,Linear SVM,s005,0.10159999999999998,0.312,0.9480000000000001
session,balanced,50,Linear SVM,s007,0.12279999999999999,0.6936,0.8899999999999999
session,balanced,50,Linear SVM,s008,0.1588,0.6904,0.874
session,balanced,50,Linear SVM,s010,0.04480000000000001,0.16720000000000002,0.4
session,balanced,50,Linear SVM,s011,0.05200000000000001,0.3024,0.332
session,balanced,50,Linear SVM,s012,0.068,0.09519999999999999,0.8220000000000001
session,balanced,50,Linear SVM,s013,0.11079999999999998,0.3496,0.758
session,balanced,50,Linear SVM,s015,0.1552,0.6519999999999999,0.696
session,balanced,50,Linear SVM,s016,0.1368,0.2624,0.8959999999999999
session,balanced,50,Linear SVM,s017,0.044400000000000016,0.29359999999999997,0.40199999999999997
session,balanced,50,Linear SVM,s018,0.0844,0.5856,0.34400000000000003
session,balanced,50,Linear SVM,s019,0.06080000000000001,0.3944,0.8579999999999999
session,balanced,50,Linear SVM,s020,0.14840000000000003,0.4992,0.982
session,balanced,50,Linear SVM,s021,0.1464,0.8192,0.974
session,balanced,50,Linear SVM,s022,0.027200000000000012,0.0512,0.726
session,balanced,50,Linear SVM,s024,0.055200000000000006,0.2032,0.544
session,balanced,50,Linear SVM,s025,0.0408,0.35840000000000005,0.4619999999999999
session,balanced,50,Linear SVM,s026,0.24559999999999998,0.7632,0.994
session,balanced,50,Linear SVM,s027,0.1272,0.5904,0.9059999999999999
session,balanced,50,Linear SVM,s028,0.07359999999999997,0.2088,0.7380000000000001
session,balanced,50,Linear SVM,s029,0.1236,0.7495999999999999,0.8379999999999999
session,balanced,50,Linear SVM,s030,0.03680000000000001,0.7472000000000001,0.4
session,balanced,50,Linear SVM,s031,0.23399999999999999,0.7256,0.95
session,balanced,50,Linear SVM,s032,0.2384,0.9136,0.9400000000000001
session,balanced,50,Linear SVM,s033,0.027600000000000013,0.3032,0.316
session,balanced,50,Linear SVM,s034,0.08519999999999998,0.6744000000000001,0.45
session,balanced,50,Linear SVM,s035,0.11400000000000002,0.5192,0.476
session,balanced,50,Linear SVM,s036,0.0028000000000000017,0.007200000000000001,0.0020000000000000018
session,balanced,50,Linear SVM,s037,0.16960000000000003,0.5856,0.942
session,balanced,50,Linear SVM,s038,0.0664,0.9296,0.7379999999999999
session,balanced,50,Linear SVM,s039,0.0744,0.8248,0.866
session,balanced,50,Linear SVM,s040,0.08199999999999999,0.1632,0.82
session,balanced,50,Linear SVM,s041,0.072,0.1416,0.616
session,balanced,50,Linear SVM,s042,0.022000000000000006,0.33920000000000006,0.25800000000000006
session,balanced,50,Linear SVM,s043,0.022800000000000004,0.036,0.508
session,balanced,50,Linear SVM,s044,0.07279999999999998,0.1272,0.93
session,balanced,50,Linear SVM,s046,0.11479999999999999,0.4128,0.9119999999999999
session,balanced,50,Linear SVM,s047,0.0948,0.6368,0.47000000000000003
session,balanced,50,Linear SVM,s048,0.11320000000000001,0.6736,0.8880000000000001
session,balanced,50,Linear SVM,s049,0.0504,0.23680000000000004,0.522
session,balanced,50,Linear SVM,s050,0.1312,0.7672000000000001,0.8619999999999999
session,balanced,50,Linear SVM,s051,0.07119999999999999,0.6831999999999999,0.44399999999999995
session,balanced,50,Linear SVM,s052,0.011200000000000007,0.5168000000000001,0.01200000000000001
session,balanced,50,Linear SVM,s053,0.030800000000000015,0.3376,0.13400000000000004
session,balanced,50,Linear SVM,s054,0.1916,0.6776000000000001,0.9879999999999999
session,balanced,50,Linear SVM,s055,0.02320000000000002,0.1368,0.082
session,balanced,50,Linear SVM,s056,0.062,0.42479999999999996,0.386
session,balanced,50,Linear SVM,s057,0.11639999999999999,0.5095999999999999,0.8440000000000001
session,balanced,50,MLP,s002,0.348,0.9143999999999999,0.8460000000000001
session,balanced,50,MLP,s003,0.05840000000000003,0.14800000000000002,0.172
session,balanced,50,MLP,s004,0.10399999999999998,0.884,0.526
session,balanced,50,MLP,s005,0.0792,0.2656,0.9560000000000001
session,balanced,50,MLP,s007,0.13440000000000002,0.7656000000000001,0.952
session,balanced,50,MLP,s008,0.2036,0.6664,0.8859999999999999
session,balanced,50,MLP,s010,0.1296,0.536,0.8140000000000001
session,balanced,50,MLP,s011,0.12039999999999998,0.6472,0.7060000000000001
session,balanced,50,MLP,s012,0.08319999999999998,0.2136,0.852
session,balanced,50,MLP,s013,0.20039999999999997,0.6824,0.8300000000000001
session,balanced,50,MLP,s015,0.1764,0.6432,0.618
session,balanced,50,MLP,s016,0.18439999999999998,0.4072,0.924
session,balanced,50,MLP,s017,0.05000000000000001,0.4031999999999999,0.176
session,balanced,50,MLP,s018,0.1504,0.9304,0.6519999999999999
session,balanced,50,MLP,s019,0.12840000000000001,0.24159999999999998,0.9800000000000001
session,balanced,50,MLP,s020,0.2008,0.8192,0.954
session,balanced,50,MLP,s021,0.1828,0.9544,0.8859999999999999
session,balanced,50,MLP,s022,0.036,0.0512,0.932
session,balanced,50,MLP,s024,0.11199999999999999,0.2928,0.8139999999999998
session,balanced,50,MLP,s025,0.0868,0.7024000000000001,0.664
session,balanced,50,MLP,s026,0.2024,0.6776,0.9639999999999999
session,balanced,50,MLP,s027,0.12719999999999998,0.43439999999999995,0.78
session,balanced,50,MLP,s028,0.08839999999999999,0.43439999999999995,0.704
session,balanced,50,MLP,s029,0.22039999999999998,0.7696,0.908
session,balanced,50,MLP,s030,0.04240000000000001,0.2664,0.454
session,balanced,50,MLP,s031,0.3348,0.744,0.986
session,balanced,50,MLP,s032,0.23879999999999998,0.9480000000000001,0.9099999999999999
session,balanced,50,MLP,s033,0.0528,0.128,0.6719999999999999
session,balanced,50,MLP,s034,0.15719999999999998,0.8488000000000001,0.5319999999999999
session,balanced,50,MLP,s035,0.18520000000000003,0.6167999999999999,0.742
session,balanced,50,MLP,s036,0.014800000000000002,0.024,0.028000000000000004
session,balanced,50,MLP,s037,0.1888,0.6088,0.9559999999999998
session,balanced,50,MLP,s038,0.0736,0.9823999999999999,0.8160000000000001
session,balanced,50,MLP,s039,0.1344,0.9736,0.938
session,balanced,50,MLP,s040,0.074,0.24159999999999998,0.6679999999999999
session,balanced,50,MLP,s041,0.11679999999999999,0.4048,0.85
session,balanced,50,MLP,s042,0.0776,0.31040000000000006,0.6
session,balanced,50,MLP,s043,0.050000000000000024,0.2184,0.6519999999999999
session,balanced,50,MLP,s044,0.09920000000000001,0.2976,0.944
session,balanced,50,MLP,s046,0.09040000000000001,0.4664,0.9179999999999999
session,balanced,50,MLP,s047,0.21480000000000002,0.8320000000000001,0.75
session,balanced,50,MLP,s048,0.1232,0.704,0.8
session,balanced,50,MLP,s049,0.0432,0.0864,0.466
session,balanced,50,MLP,s050,0.2068,0.8528,0.774
session,balanced,50,MLP,s051,0.11080000000000001,0.7232,0.47000000000000003
session,balanced,50,MLP,s052,0.020800000000000006,0.2528,0.21400000000000002
session,balanced,50,MLP,s053,0.092,0.68,0.316
session,balanced,50,MLP,s054,0.1896,0.6632,0.9899999999999999
session,balanced,50,MLP,s055,0.044800000000000006,0.4016,0.20600000000000004
session,balanced,50,MLP,s056,0.0904,0.6672,0.624
session,balanced,50,MLP,s057,0.1264,0.4408,0.5780000000000001
session,balanced,200,k-NN,s002,0.3453790399497033,1.0,1.0
session,balanced,200,k-NN,s003,0.05689478687179779,0.17200000000000001,1.0
session,balanced,200,k-NN,s004,0.058847755000539806,0.16960000000000003,1.0
session,balanced,200,k-NN,s005,0.03930537476614573,0.1352,1.0
session,balanced,200,k-NN,s007,0.1175133003203469,0.8432000000000001,1.0
session,balanced,200,k-NN,s008,0.10154449996271162,0.40800000000000003,1.0
session,balanced,200,k-NN,s010,0.03692937874332192,0.3423999999999999,1.0
session,balanced,200,k-NN,s011,0.07972538711143526,0.7312,0.8140000000000001
session,balanced,200,k-NN,s012,0.050310822100641694,0.1296,1.0
session,balanced,200,k-NN,s013,0.05937226781194878,0.23600000000000004,1.0
session,balanced,200,k-NN,s015,0.09000352121208188,0.5943999999999999,0.8780000000000001
session,balanced,200,k-NN,s016,0.19748767707245637,1.0,0.736
session,balanced,200,k-NN,s017,0.02979815760136128,0.6904000000000001,1.0
session,balanced,200,k-NN,s018,0.0693627723284724,0.5024,0.6839999999999999
session,balanced,200,k-NN,s019,0.025837868200639953,1.0,0.41600000000000004
session,balanced,200,k-NN,s020,0.11578412187045783,1.0,0.882
session,balanced,200,k-NN,s021,0.07624009983602513,0.388,1.0
session,balanced,200,k-NN,s022,0.012152888360246224,0.22000000000000003,0.404
session,balanced,200,k-NN,s024,0.04097604609227251,0.07120000000000001,0.6279999999999999
session,balanced,200,k-NN,s025,0.03923569794050346,0.2088,0.434
session,balanced,200,k-NN,s026,0.10864396076804761,0.364,1.0
session,balanced,200,k-NN,s027,0.04588689524787413,0.148,0.654
session,balanced,200,k-NN,s028,0.03718515280981338,0.18880000000000002,1.0
session,balanced,200,k-NN,s029,0.09918049872824505,0.5327999999999999,1.0
session,balanced,200,k-NN,s030,0.036292830226300934,0.12080000000000002,0.8099999999999999
session,balanced,200,k-NN,s031,0.15096750122692387,0.8168,0.9019999999999999
session,balanced,200,k-NN,s032,0.2116341915597196,0.7904,1.0
session,balanced,200,k-NN,s033,0.022823654839247053,0.0968,0.262
session,balanced,200,k-NN,s034,0.08830887047734873,0.4144,1.0
session,balanced,200,k-NN,s035,0.07829503952342766,0.5968,0.45600000000000007
session,balanced,200,k-NN,s036,0.005946914659854414,0.20400000000000001,0.202
session,balanced,200,k-NN,s037,0.14861522446816566,0.5504,1.0
session,balanced,200,k-NN,s038,0.051504685203591874,0.5376,0.8160000000000001
session,balanced,200,k-NN,s039,0.057863394874830165,0.2432,1.0
session,balanced,200,k-NN,s040,0.04747063959834099,0.4720000000000001,0.674
session,balanced,200,k-NN,s041,0.07186857263378149,0.6824,1.0
session,balanced,200,k-NN,s042,0.026413342030876287,0.5112,0.43000000000000005
session,balanced,200,k-NN,s043,0.02981997489689798,0.054400000000000004,0.808
session,balanced,200,k-NN,s044,0.018287377208647183,0.0432,0.6220000000000001
session,balanced,200,k-NN,s046,0.10360052185206678,0.5976,1.0
session,balanced,200,k-NN,s047,0.07220910244439657,0.5631999999999999,0.712
session,balanced,200,k-NN,s048,0.066602284070527,0.5184,1.0
session,balanced,200,k-NN,s049,0.021681616161616166,0.24559999999999998,0.252
session,balanced,200,k-NN,s050,0.12209939924574069,0.6096,1.0
session,balanced,200,k-NN,s051,0.07514040379984652,0.31839999999999996,1.0
session,balanced,200,k-NN,s052,0.012701386704304252,0.4152,0.40599999999999986
session,balanced,200,k-NN,s053,0.02489765590446706,0.6392,0.618
session,balanced,200,k-NN,s054,0.14877046787625217,0.6688,1.0
session,balanced,200,k-NN,s055,0.0372816755893679,0.0736,1.0
session,balanced,200,k-NN,s056,0.050459957426391686,0.27280000000000004,1.0
session,balanced,200,k-NN,s057,0.09510576243146107,0.34080000000000005,1.0
session,balanced,200,LDA,s002,0.2136,0.8984,0.9180000000000001
session,balanced,200,LDA,s003,0.03360000000000001,0.0688,0.346
session,balanced,200,LDA,s004,0.07719999999999999,0.3344,0.544
session,balanced,200,LDA,s005,0.07719999999999999,0.4024,0.702
session,balanced,200,LDA,s007,0.14120000000000002,0.8135999999999999,0.9359999999999999
session,balanced,200,LDA,s008,0.1456,0.5496000000000001,0.868
session,balanced,200,LDA,s010,0.06080000000000001,0.3512,0.778
session,balanced,200,LDA,s011,0.049600000000000005,0.28959999999999997,0.244
session,balanced,200,LDA,s012,0.0648,0.13440000000000002,0.752
session,balanced,200,LDA,s013,0.0728,0.15119999999999997,0.71
session,balanced,200,LDA,s015,0.15839999999999996,0.5768000000000001,0.766
session,balanced,200,LDA,s016,0.07360000000000001,0.1568,0.826
session,balanced,200,LDA,s017,0.04360000000000002,0.1744,0.43199999999999994
session,balanced,200,LDA,s018,0.09079999999999999,0.292,0.308
session,balanced,200,LDA,s019,0.06440000000000001,0.41200000000000003,0.866
session,balanced,200,LDA,s020,0.13440000000000002,0.316,0.9259999999999999
session,balanced,200,LDA,s021,0.14120000000000002,0.5351999999999999,0.9620000000000001
session,balanced,200,LDA,s022,0.0176,0.022400000000000003,0.34800000000000003
session,balanced,200,LDA,s024,0.03800000000000002,0.12079999999999999,0.158
session,balanced,200,LDA,s025,0.030000000000000016,0.1456,0.34199999999999997
session,balanced,200,LDA,s026,0.196,0.7440000000000001,0.9960000000000001
session,balanced,200,LDA,s027,0.08360000000000001,0.5296000000000001,0.732
session,balanced,200,LDA,s028,0.059999999999999984,0.1568,0.6639999999999999
session,balanced,200,LDA,s029,0.10279999999999997,0.5071999999999999,0.8560000000000001
session,balanced,200,LDA,s030,0.03320000000000002,0.8576,0.662
session,balanced,200,LDA,s031,0.16440000000000002,0.7264000000000002,0.632
session,balanced,200,LDA,s032,0.2284,0.8296000000000001,0.9479999999999998
session,balanced,200,LDA,s033,0.02160000000000001,0.0656,0.050000000000000024
session,balanced,200,LDA,s034,0.05200000000000001,0.4936,0.4079999999999999
session,balanced,200,LDA,s035,0.0992,0.47520000000000007,0.622
session,balanced,200,LDA,s036,0.007200000000000001,0.007200000000000001,0.0040000000000000036
session,balanced,200,LDA,s037,0.13040000000000002,0.4032,0.9420000000000002
session,balanced,200,LDA,s038,0.06440000000000003,0.9432,0.5399999999999999
session,balanced,200,LDA,s039,0.04840000000000002,0.3464,0.6679999999999999
session,balanced,200,LDA,s040,0.05160000000000002,0.09280000000000001,0.33599999999999997
session,balanced,200,LDA,s041,0.043600000000000014,0.06960000000000001,0.722
session,balanced,200,LDA,s042,0.02560000000000001,0.10719999999999999,0.21799999999999997
session,balanced,200,LDA,s043,0.019200000000000005,0.0312,0.084
session,balanced,200,LDA,s044,0.08319999999999997,0.37439999999999996,0.5780000000000001
session,balanced,200,LDA,s046,0.096,0.3328,0.8999999999999998
session,balanced,200,LDA,s047,0.072,0.4808,0.38599999999999995
session,balanced,200,LDA,s048,0.09639999999999997,0.5824,0.982
session,balanced,200,LDA,s049,0.0528,0.308,0.47800000000000004
session,balanced,200,LDA,s050,0.10879999999999998,0.6288,0.784
session,balanced,200,LDA,s051,0.0712,0.43679999999999997,0.578
session,balanced,200,LDA,s052,0.010000000000000009,0.3168,0.010000000000000009
session,balanced,200,LDA,s053,0.028000000000000014,0.1152,0.12199999999999997
session,balanced,200,LDA,s054,0.21879999999999997,0.7128,0.978
session,balanced,200,LDA,s055,0.020800000000000006,0.0728,0.09
session,balanced,200,LDA,s056,0.06040000000000002,0.288,0.402
session,balanced,200,LDA,s057,0.13640000000000002,0.5312,0.8459999999999999
session,balanced,200,Threshold,s002,0.472,0.8976000000000001,0.67
session,balanced,200,Threshold,s003,0.36360000000000003,0.8896000000000001,0.9880000000000001
session,balanced,200,Threshold,s004,0.10999999999999999,0.6696,0.48599999999999993
session,balanced,200,Threshold,s005,0.046400000000000004,0.2016,0.23600000000000004
session,balanced,200,Threshold,s007,0.168,0.8136000000000001,0.898
session,balanced,200,Threshold,s008,0.15760000000000002,0.6599999999999999,0.648
session,balanced,200,Threshold,s010,0.03440000000000002,0.2192,0.082
session,balanced,200,Threshold,s011,0.2412,0.7536000000000002,0.93
session,balanced,200,Threshold,s012,0.08999999999999997,0.2392,0.44800000000000006
session,balanced,200,Threshold,s013,0.1348,0.44959999999999994,0.522
session,balanced,200,Threshold,s015,0.22479999999999997,0.5816,0.9640000000000001
session,balanced,200,Threshold,s016,0.03400000000000001,0.0864,0.11599999999999999
session,balanced,200,Threshold,s017,0.04000000000000002,0.4784,0.08199999999999999
session,balanced,200,Threshold,s018,0.20999999999999996,0.9936,0.7459999999999999
session,balanced,200,Threshold,s019,0.04520000000000003,0.21280000000000002,0.08399999999999996
session,balanced,200,Threshold,s020,0.242,0.9040000000000001,0.794
session,balanced,200,Threshold,s021,0.11840000000000002,0.524,0.518
session,balanced,200,Threshold,s022,0.015600000000000003,0.1024,0.018000000000000016
session,balanced,200,Threshold,s024,0.04480000000000003,0.0728,0.10999999999999999
session,balanced,200,Threshold,s025,0.06959999999999998,0.7824,0.11399999999999999
session,balanced,200,Threshold,s026,0.07319999999999999,0.34240000000000004,0.148
session,balanced,200,Threshold,s027,0.07199999999999998,0.6872,0.198
session,balanced,200,Threshold,s028,0.044800000000000006,0.2712,0.166
session,balanced,200,Threshold,s029,0.13840000000000002,0.6904,0.442
session,balanced,200,Threshold,s030,0.08319999999999997,0.9792,0.16999999999999998
session,balanced,200,Threshold,s031,0.28,0.8960000000000001,0.946
session,balanced,200,Threshold,s032,0.4244,0.9264000000000001,0.9960000000000001
session,balanced,200,Threshold,s033,0.08559999999999998,0.6976,0.526
session,balanced,200,Threshold,s034,0.28040000000000004,0.8360000000000001,0.9400000000000001
session,balanced,200,Threshold,s035,0.24159999999999998,0.7048,0.6479999999999999
session,balanced,200,Threshold,s036,0.0048000000000000004,0.0064,0.0040000000000000036
session,balanced,200,Threshold,s037,0.21959999999999996,0.8088,0.978
session,balanced,200,Threshold,s038,0.06879999999999999,0.9488,0.15200000000000002
session,balanced,200,Threshold,s039,0.08159999999999996,0.9048,0.15000000000000002
session,balanced,200,Threshold,s040,0.13520000000000001,0.9879999999999999,0.32
session,balanced,200,Threshold,s041,0.11040000000000001,0.6024,0.5
session,balanced,200,Threshold,s042,0.03440000000000003,0.2912,0.04200000000000004
session,balanced,200,Threshold,s043,0.026800000000000018,0.6152,0.08600000000000001
session,balanced,200,Threshold,s044,0.0608,0.3936,0.238
session,balanced,200,Threshold,s046,0.1268,0.6888000000000001,0.446
session,balanced,200,Threshold,s047,0.2832,0.9200000000000002,0.9259999999999999
session,balanced,200,Threshold,s048,0.08479999999999997,0.8728,0.30600000000000005
session,balanced,200,Threshold,s049,0.050000000000000044,0.7232000000000001,0.062000000000000034
session,balanced,200,Threshold,s050,0.1752,0.768,0.71
session,balanced,200,Threshold,s051,0.22719999999999999,0.684,0.958
session,balanced,200,Threshold,s052,0.010000000000000009,0.45280000000000004,0.010000000000000009
session,balanced,200,Threshold,s053,0.07559999999999997,0.652,0.15
session,balanced,200,Threshold,s054,0.09079999999999999,0.6808,0.874
session,balanced,200,Threshold,s055,0.05199999999999999,0.1688,0.174
session,balanced,200,Threshold,s056,0.16640000000000002,0.6559999999999999,0.722
session,balanced,200,Threshold,s057,0.24559999999999998,0.6352,0.952
session,balanced,200,Linear SVM,s002,0.2232,0.8640000000000001,0.9279999999999999
session,balanced,200,Linear SVM,s003,0.0368,0.0816,0.184
session,balanced,200,Linear SVM,s004,0.06799999999999999,0.2616,0.40599999999999997
session,balanced,200,Linear SVM,s005,0.08159999999999998,0.3864,0.742
session,balanced,200,Linear SVM,s007,0.126,0.6712,0.9279999999999999
session,balanced,200,Linear SVM,s008,0.12079999999999999,0.5872,0.8019999999999999
session,balanced,200,Linear SVM,s010,0.039200000000000006,0.1608,0.44400000000000006
session,balanced,200,Linear SVM,s011,0.03600000000000001,0.4528,0.21799999999999997
session,balanced,200,Linear SVM,s012,0.06839999999999999,0.11039999999999998,0.734
session,balanced,200,Linear SVM,s013,0.078,0.2464,0.6439999999999999
session,balanced,200,Linear SVM,s015,0.1192,0.5168,0.734
session,balanced,200,Linear SVM,s016,0.08679999999999999,0.1416,0.8280000000000001
session,balanced,200,Linear SVM,s017,0.02360000000000001,0.0712,0.06600000000000003
session,balanced,200,Linear SVM,s018,0.08999999999999997,0.3704,0.2839999999999999
session,balanced,200,Linear SVM,s019,0.04920000000000002,0.41999999999999993,0.716
session,balanced,200,Linear SVM,s020,0.1368,0.3792,0.9460000000000001
session,balanced,200,Linear SVM,s021,0.11280000000000001,0.496,0.942
session,balanced,200,Linear SVM,s022,0.021600000000000005,0.0248,0.364
session,balanced,200,Linear SVM,s024,0.044000000000000025,0.11680000000000001,0.15200000000000002
session,balanced,200,Linear SVM,s025,0.028000000000000014,0.1688,0.15
session,balanced,200,Linear SVM,s026,0.19519999999999998,0.7624000000000001,0.994
session,balanced,200,Linear SVM,s027,0.09159999999999997,0.564,0.7899999999999999
session,balanced,200,Linear SVM,s028,0.04520000000000003,0.11839999999999999,0.564
session,balanced,200,Linear SVM,s029,0.09240000000000001,0.6792,0.72
session,balanced,200,Linear SVM,s030,0.03520000000000002,0.7352000000000001,0.57
session,balanced,200,Linear SVM,s031,0.1612,0.6968,0.636
session,balanced,200,Linear SVM,s032,0.2312,0.8655999999999999,0.9279999999999999
session,balanced,200,Linear SVM,s033,0.01800000000000001,0.07600000000000001,0.05600000000000003
session,balanced,200,Linear SVM,s034,0.06440000000000001,0.6568,0.358
session,balanced,200,Linear SVM,s035,0.09,0.4584,0.41600000000000004
session,balanced,200,Linear SVM,s036,0.0020000000000000018,0.0024000000000000002,0.0020000000000000018
session,balanced,200,Linear SVM,s037,0.12079999999999999,0.3888,0.9179999999999999
session,balanced,200,Linear SVM,s038,0.06439999999999999,0.9960000000000001,0.4
session,balanced,200,Linear SVM,s039,0.057200000000000015,0.5935999999999999,0.558
session,balanced,200,Linear SVM,s040,0.052000000000000025,0.0864,0.354
session,balanced,200,Linear SVM,s041,0.051600000000000014,0.0864,0.5840000000000001
session,balanced,200,Linear SVM,s042,0.021600000000000005,0.1256,0.376
session,balanced,200,Linear SVM,s043,0.01920000000000001,0.023200000000000002,0.11599999999999999
session,balanced,200,Linear SVM,s044,0.0732,0.23120000000000002,0.558
session,balanced,200,Linear SVM,s046,0.09319999999999999,0.28400000000000003,0.9
session,balanced,200,Linear SVM,s047,0.076,0.6632,0.44800000000000006
session,balanced,200,Linear SVM,s048,0.07679999999999998,0.796,0.9279999999999999
session,balanced,200,Linear SVM,s049,0.04200000000000002,0.16640000000000002,0.32999999999999996
session,balanced,200,Linear SVM,s050,0.10279999999999997,0.6176,0.7
session,balanced,200,Linear SVM,s051,0.05800000000000003,0.6799999999999999,0.256
session,balanced,200,Linear SVM,s052,0.010000000000000009,0.6056000000000001,0.010000000000000009
session,balanced,200,Linear SVM,s053,0.020000000000000018,0.3152,0.028000000000000025
session,balanced,200,Linear SVM,s054,0.1728,0.5576,0.9879999999999999
session,balanced,200,Linear SVM,s055,0.021200000000000017,0.040799999999999996,0.082
session,balanced,200,Linear SVM,s056,0.06120000000000001,0.37039999999999995,0.45999999999999996
session,balanced,200,Linear SVM,s057,0.11439999999999999,0.4168,0.8299999999999998
session,balanced,200,MLP,s002,0.3004,0.8768,0.7780000000000001
session,balanced,200,MLP,s003,0.03160000000000001,0.0664,0.08799999999999997
session,balanced,200,MLP,s004,0.047200000000000006,0.1984,0.27999999999999997
session,balanced,200,MLP,s005,0.052400000000000016,0.2464,0.67
session,balanced,200,MLP,s007,0.08639999999999999,0.8624,0.7859999999999999
session,balanced,200,MLP,s008,0.10759999999999999,0.35520000000000007,0.554
session,balanced,200,MLP,s010,0.06240000000000001,0.192,0.41200000000000003
session,balanced,200,MLP,s011,0.05920000000000001,0.3696,0.23199999999999998
session,balanced,200,MLP,s012,0.0576,0.10400000000000001,0.884
session,balanced,200,MLP,s013,0.09639999999999999,0.2552,0.706
session,balanced,200,MLP,s015,0.08079999999999997,0.4016,0.304
session,balanced,200,MLP,s016,0.16920000000000002,0.35200000000000004,0.9199999999999999
session,balanced,200,MLP,s017,0.033200000000000014,0.37679999999999997,0.08199999999999999
session,balanced,200,MLP,s018,0.09039999999999997,0.7087999999999999,0.34800000000000003
session,balanced,200,MLP,s019,0.052800000000000014,0.252,0.724
session,balanced,200,MLP,s020,0.1392,0.54,0.95
session,balanced,200,MLP,s021,0.1008,0.8832000000000001,0.79
session,balanced,200,MLP,s022,0.0312,0.038400000000000004,0.99
session,balanced,200,MLP,s024,0.053200000000000004,0.10400000000000001,0.376
session,balanced,200,MLP,s025,0.057600000000000026,0.6152,0.32599999999999996
session,balanced,200,MLP,s026,0.1336,0.5712,0.924
session,balanced,200,MLP,s027,0.08120000000000001,0.2488,0.602
session,balanced,200,MLP,s028,0.05600000000000001,0.1424,0.526
session,balanced,200,MLP,s029,0.1308,0.6504,0.7020000000000001
session,balanced,200,MLP,s030,0.024400000000000015,0.1384,0.14400000000000002
session,balanced,200,MLP,s031,0.20840000000000006,0.7048000000000001,0.79
session,balanced,200,MLP,s032,0.21719999999999998,0.9216000000000001,0.768
session,balanced,200,MLP,s033,0.04160000000000001,0.1032,0.42200000000000004
session,balanced,200,MLP,s034,0.10439999999999998,0.6088,0.422
session,balanced,200,MLP,s035,0.11800000000000002,0.5,0.548
session,balanced,200,MLP,s036,0.0008,0.0008,0.0
session,balanced,200,MLP,s037,0.1496,0.46799999999999997,0.836
session,balanced,200,MLP,s038,0.0548,0.952,0.43200000000000005
session,balanced,200,MLP,s039,0.052000000000000025,0.9480000000000001,0.462
session,balanced,200,MLP,s040,0.06880000000000001,0.13440000000000002,0.694
session,balanced,200,MLP,s041,0.0684,0.13040000000000002,0.5840000000000001
session,balanced,200,MLP,s042,0.01280000000000001,0.027200000000000002,0.061999999999999986
session,balanced,200,MLP,s043,0.03720000000000001,0.04479999999999999,0.7220000000000001
session,balanced,200,MLP,s044,0.0672,0.11679999999999999,0.636
session,balanced,200,MLP,s046,0.072,0.17440000000000003,0.9
session,balanced,200,MLP,s047,0.0792,0.5544,0.378
session,balanced,200,MLP,s048,0.0648,0.5239999999999999,0.64
session,balanced,200,MLP,s049,0.029200000000000014,0.0512,0.22400000000000003
session,balanced,200,MLP,s050,0.11080000000000001,0.7031999999999999,0.554
session,balanced,200,MLP,s051,0.066,0.4856,0.22999999999999998
session,balanced,200,MLP,s052,0.012400000000000008,0.292,0.02400000000000002
session,balanced,200,MLP,s053,0.018400000000000014,0.33599999999999997,0.03800000000000001
session,balanced,200,MLP,s054,0.1396,0.48,0.952
session,balanced,200,MLP,s055,0.029600000000000022,0.18159999999999998,0.04800000000000002
session,balanced,200,MLP,s056,0.0536,0.16799999999999998,0.5599999999999999
session,balanced,200,MLP,s057,0.09799999999999998,0.392,0.376
random,fixed,10,k-NN,s002,0.21374117009337712,1.0,0.806
random,fixed,10,k-NN,s003,0.14280554337617365,1.0,0.6820000000000002
random,fixed,10,k-NN,s004,0.1405132983148442,1.0,0.716
random,fixed,10,k-NN,s005,0.07366433565033836,1.0,0.744
random,fixed,10,k-NN,s007,0.19221819492006847,0.9039999999999999,0.818
random,fixed,10,k-NN,s008,0.1688845502431029,1.0,0.748
random,fixed,10,k-NN,s010,0.08670817427857982,1.0,0.33799999999999997
random,fixed,10,k-NN,s011,0.1417049212573466,1.0,0.5
random,fixed,10,k-NN,s012,0.07871151553556618,1.0,0.7459999999999999
random,fixed,10,k-NN,s013,0.10863827533687524,1.0,0.4
random,fixed,10,k-NN,s015,0.15444658142254947,1.0,0.8219999999999998
random,fixed,10,k-NN,s016,0.1189441499727728,1.0,0.782
random,fixed,10,k-NN,s017,0.05712306905013507,0.664,0.524
random,fixed,10,k-NN,s018,0.16459065314879626,1.0,0.5740000000000001
random,fixed,10,k-NN,s019,0.052140349027182384,0.6552,0.3
random,fixed,10,k-NN,s020,0.24282801977092658,1.0,0.9
random,fixed,10,k-NN,s021,0.12864010787741062,1.0,0.5900000000000001
random,fixed,10,k-NN,s022,0.04274205528690579,0.8096,0.39799999999999996
random,fixed,10,k-NN,s024,0.08281974002869526,1.0,0.6900000000000001
random,fixed,10,k-NN,s025,0.05833584640026118,1.0,0.13799999999999996
random,fixed,10,k-NN,s026,0.16887811591093776,0.9288000000000001,0.738
random,fixed,10,k-NN,s027,0.07023101793382167,0.696,0.422
random,fixed,10,k-NN,s028,0.07256313098203751,1.0,0.6540000000000001
random,fixed,10,k-NN,s029,0.11887319201403708,1.0,0.752
random,fixed,10,k-NN,s030,0.11882577283922728,1.0,0.7300000000000001
random,fixed,10,k-NN,s031,0.24572542131898106,1.0,0.9199999999999999
random,fixed,10,k-NN,s032,0.25776576509673577,1.0,0.6359999999999999
random,fixed,10,k-NN,s033,0.10371121078244379,1.0,0.54
random,fixed,10,k-NN,s034,0.16846503823993,1.0,0.6759999999999999
random,fixed,10,k-NN,s035,0.1745970212762688,1.0,0.5980000000000001
random,fixed,10,k-NN,s036,0.026678393559621417,0.808,0.22200000000000003
random,fixed,10,k-NN,s037,0.1853642197159622,1.0,0.7619999999999999
random,fixed,10,k-NN,s038,0.106980027751208,1.0,0.5
random,fixed,10,k-NN,s039,0.1124086175645708,1.0,0.542
random,fixed,10,k-NN,s040,0.11460542052679931,1.0,0.508
random,fixed,10,k-NN,s041,0.07623008738767084,1.0,0.6120000000000001
random,fixed,10,k-NN,s042,0.06432654956731268,1.0,0.458
random,fixed,10,k-NN,s043,0.0561255378854008,0.8168,0.502
random,fixed,10,k-NN,s044,0.08340011025199208,0.836,0.5660000000000001
random,fixed,10,k-NN,s046,0.15973211644506882,1.0,0.742
random,fixed,10,k-NN,s047,0.13102639325497611,1.0,0.6359999999999999
random,fixed,10,k-NN,s048,0.152369053018289,1.0,0.634
random,fixed,10,k-NN,s049,0.06340577646394513,0.644,0.29400000000000004
random,fixed,10,k-NN,s050,0.17472329996415006,1.0,0.632
random,fixed,10,k-NN,s051,0.14919332613905995,1.0,0.758
random,fixed,10,k-NN,s052,0.02212336176409404,0.8,0.08
random,fixed,10,k-NN,s053,0.11013218115887025,1.0,0.6599999999999999
random,fixed,10,k-NN,s054,0.22821126754096177,1.0,0.852
random,fixed,10,k-NN,s055,0.06864304565959486,1.0,0.9120000000000001
random,fixed,10,k-NN,s056,0.16464244769717995,1.0,0.8080000000000002
random,fixed,10,k-NN,s057,0.1550088935554156,1.0,0.626
random,fixed,10,LDA,s002,0.2076,0.8240000000000001,0.968
random,fixed,10,LDA,s003,0.1072,0.7328,0.64
random,fixed,10,LDA,s004,0.11079999999999998,0.5871999999999999,0.796
random,fixed,10,LDA,s005,0.1312,0.37279999999999996,0.9179999999999999
random,fixed,10,LDA,s007,0.16920000000000002,0.7888000000000001,0.8699999999999999
random,fixed,10,LDA,s008,0.18,0.776,0.9119999999999999
random,fixed,10,LDA,s010,0.09120000000000002,0.3016,0.882
random,fixed,10,LDA,s011,0.11839999999999999,0.7584,0.546
random,fixed,10,LDA,s012,0.09359999999999999,0.6199999999999999,0.7140000000000001
random,fixed,10,LDA,s013,0.1032,0.4008000000000001,0.7699999999999999
random,fixed,10,LDA,s015,0.17400000000000002,0.8071999999999999,0.7460000000000001
random,fixed,10,LDA,s016,0.09280000000000001,0.4328,0.682
random,fixed,10,LDA,s017,0.08919999999999997,0.3368,0.698
random,fixed,10,LDA,s018,0.11639999999999999,0.8024000000000001,0.692
random,fixed,10,LDA,s019,0.061999999999999986,0.5272,0.682
random,fixed,10,LDA,s020,0.1456,0.9551999999999999,0.808
random,fixed,10,LDA,s021,0.1512,0.5511999999999999,0.95
random,fixed,10,LDA,s022,0.03720000000000002,0.09759999999999999,0.6519999999999999
random,fixed,10,LDA,s024,0.0656,0.4816,0.836
random,fixed,10,LDA,s025,0.05719999999999999,0.3632,0.882
random,fixed,10,LDA,s026,0.2084,0.6912,0.99
random,fixed,10,LDA,s027,0.08760000000000001,0.42960000000000004,0.72
random,fixed,10,LDA,s028,0.08560000000000001,0.5088,0.86
random,fixed,10,LDA,s029,0.1532,0.5696,0.916
random,fixed,10,LDA,s030,0.07799999999999996,0.7368,0.44000000000000006
random,fixed,10,LDA,s031,0.21439999999999998,0.7864,0.946
random,fixed,10,LDA,s032,0.252,0.9384,0.974
random,fixed,10,LDA,s033,0.03520000000000002,0.31040000000000006,0.12399999999999997
random,fixed,10,LDA,s034,0.1316,0.732,0.5980000000000001
random,fixed,10,LDA,s035,0.12840000000000001,0.6064,0.71
random,fixed,10,LDA,s036,0.028800000000000013,0.28559999999999997,0.382
random,fixed,10,LDA,s037,0.1532,0.5327999999999999,0.908
random,fixed,10,LDA,s038,0.08519999999999998,0.7792,0.756
random,fixed,10,LDA,s039,0.0792,0.5119999999999999,0.5780000000000001
random,fixed,10,LDA,s040,0.08879999999999999,0.7152,0.45199999999999996
random,fixed,10,LDA,s041,0.0696,0.4952,0.472
random,fixed,10,LDA,s042,0.04320000000000003,0.3344,0.32
random,fixed,10,LDA,s043,0.039200000000000006,0.28959999999999997,0.5199999999999999
random,fixed,10,LDA,s044,0.11079999999999998,0.6096,0.842
random,fixed,10,LDA,s046,0.13999999999999999,0.624,0.8459999999999999
random,fixed,10,LDA,s047,0.09,0.5928,0.634
random,fixed,10,LDA,s048,0.17880000000000001,0.7744,0.942
random,fixed,10,LDA,s049,0.09160000000000001,0.72,0.49799999999999994
random,fixed,10,LDA,s050,0.1676,0.9039999999999999,0.952
random,fixed,10,LDA,s051,0.11679999999999999,0.5576000000000001,0.6719999999999999
random,fixed,10,LDA,s052,0.020800000000000003,0.152,0.31000000000000005
random,fixed,10,LDA,s053,0.047200000000000006,0.31439999999999996,0.26399999999999996
random,fixed,10,LDA,s054,0.23759999999999998,0.9384,0.892
random,fixed,10,LDA,s055,0.0888,0.33039999999999997,0.5359999999999999
random,fixed,10,LDA,s056,0.1316,0.6344,0.716
random,fixed,10,LDA,s057,0.1332,0.7152,0.6399999999999999
random,fixed,10,Threshold,s002,0.2592,0.8920000000000001,0.592
random,fixed,10,Threshold,s003,0.20759999999999995,0.8712,0.51
random,fixed,10,Threshold,s004,0.1464,0.7352,0.462
random,fixed,10,Threshold,s005,0.08519999999999998,0.9512,0.18
random,fixed,10,Threshold,s007,0.1768,0.8032,0.666
random,fixed,10,Threshold,s008,0.18719999999999998,0.7224,0.506
random,fixed,10,Threshold,s010,0.08760000000000001,0.5592,0.18400000000000002
random,fixed,10,Threshold,s011,0.17719999999999997,0.7424000000000001,0.492
random,fixed,10,Threshold,s012,0.16360000000000002,0.8832000000000001,0.358
random,fixed,10,Threshold,s013,0.14240000000000003,0.6991999999999999,0.33399999999999996
random,fixed,10,Threshold,s015,0.1776,0.8343999999999999,0.726
random,fixed,10,Threshold,s016,0.1092,0.8736,0.30600000000000005
random,fixed,10,Threshold,s017,0.06760000000000001,0.42960000000000004,0.154
random,fixed,10,Threshold,s018,0.2756,0.9279999999999999,0.64
random,fixed,10,Threshold,s019,0.0988,0.8952,0.14600000000000002
random,fixed,10,Threshold,s020,0.28280000000000005,0.9576,0.752
random,fixed,10,Threshold,s021,0.17160000000000003,0.9400000000000001,0.42800000000000005
random,fixed,10,Threshold,s022,0.07399999999999998,0.8808,0.166
random,fixed,10,Threshold,s024,0.0748,0.4648,0.238
random,fixed,10,Threshold,s025,0.118,0.9024000000000001,0.17800000000000002
random,fixed,10,Threshold,s026,0.15519999999999998,0.8096,0.34199999999999997
random,fixed,10,Threshold,s027,0.13799999999999998,0.8896000000000001,0.316
random,fixed,10,Threshold,s028,0.06,0.5336000000000001,0.22599999999999998
random,fixed,10,Threshold,s029,0.132,0.7303999999999999,0.29400000000000004
random,fixed,10,Threshold,s030,0.17,0.9911999999999999,0.30999999999999994
random,fixed,10,Threshold,s031,0.22280000000000003,0.9776,0.7
random,fixed,10,Threshold,s032,0.2968,0.9592,0.776
random,fixed,10,Threshold,s033,0.1448,0.9576,0.352
random,fixed,10,Threshold,s034,0.2084,0.9296,0.548
random,fixed,10,Threshold,s035,0.21919999999999998,0.9471999999999999,0.532
random,fixed,10,Threshold,s036,0.03800000000000002,0.27359999999999995,0.06600000000000002
random,fixed,10,Threshold,s037,0.20839999999999997,0.8775999999999999,0.7539999999999999
random,fixed,10,Threshold,s038,0.16360000000000002,0.9568,0.312
random,fixed,10,Threshold,s039,0.1252,0.96,0.21600000000000003
random,fixed,10,Threshold,s040,0.18639999999999998,0.9544,0.45199999999999996
random,fixed,10,Threshold,s041,0.20359999999999995,0.9583999999999999,0.592
random,fixed,10,Threshold,s042,0.076,0.9024000000000001,0.13799999999999998
random,fixed,10,Threshold,s043,0.04160000000000001,0.5224,0.13799999999999998
random,fixed,10,Threshold,s044,0.11640000000000002,0.968,0.258
random,fixed,10,Threshold,s046,0.22479999999999997,0.9583999999999999,0.6319999999999999
random,fixed,10,Threshold,s047,0.26280000000000003,0.9648,0.652
random,fixed,10,Threshold,s048,0.15200000000000002,0.7384000000000001,0.40800000000000003
random,fixed,10,Threshold,s049,0.1436,0.992,0.29799999999999993
random,fixed,10,Threshold,s050,0.20879999999999996,0.9120000000000001,0.53
random,fixed,10,Threshold,s051,0.2012,0.7464,0.742
random,fixed,10,Threshold,s052,0.07200000000000002,0.8119999999999999,0.1
random,fixed,10,Threshold,s053,0.11239999999999999,0.6592,0.244
random,fixed,10,Threshold,s054,0.142,0.9456,0.5559999999999999
random,fixed,10,Threshold,s055,0.052800000000000034,0.5047999999999999,0.09399999999999997
random,fixed,10,Threshold,s056,0.174,0.8752000000000001,0.526
random,fixed,10,Threshold,s057,0.22279999999999997,0.7807999999999999,0.74
random,fixed,10,Linear SVM,s002,0.19999999999999998,0.7344,0.9639999999999999
random,fixed,10,Linear SVM,s003,0.10599999999999998,0.768,0.618
random,fixed,10,Linear SVM,s004,0.09559999999999999,0.7103999999999999,0.61
random,fixed,10,Linear SVM,s005,0.12,0.36560000000000004,0.924
random,fixed,10,Linear SVM,s007,0.1652,0.7304,0.8320000000000001
random,fixed,10,Linear SVM,s008,0.1696,0.7304,0.9480000000000001
random,fixed,10,Linear SVM,s010,0.0652,0.32480000000000003,0.534
random,fixed,10,Linear SVM,s011,0.10719999999999999,0.6103999999999999,0.516
random,fixed,10,Linear SVM,s012,0.072,0.472,0.746
random,fixed,10,Linear SVM,s013,0.0888,0.3832,0.528
random,fixed,10,Linear SVM,s015,0.14079999999999998,0.776,0.678
random,fixed,10,Linear SVM,s016,0.10679999999999998,0.43439999999999995,0.748
random,fixed,10,Linear SVM,s017,0.0648,0.2744,0.386
random,fixed,10,Linear SVM,s018,0.10679999999999998,0.8544,0.558
random,fixed,10,Linear SVM,s019,0.06,0.6784,0.7220000000000001
random,fixed,10,Linear SVM,s020,0.13720000000000002,0.8976,0.818
random,fixed,10,Linear SVM,s021,0.1272,0.5864,0.9460000000000001
random,fixed,10,Linear SVM,s022,0.03400000000000001,0.0624,0.5079999999999999
random,fixed,10,Linear SVM,s024,0.05519999999999999,0.28400000000000003,0.7339999999999999
random,fixed,10,Linear SVM,s025,0.0408,0.4032,0.606
random,fixed,10,Linear SVM,s026,0.1992,0.6576000000000001,0.99
random,fixed,10,Linear SVM,s027,0.08120000000000001,0.4176,0.612
random,fixed,10,Linear SVM,s028,0.0748,0.4288,0.766
random,fixed,10,Linear SVM,s029,0.11439999999999999,0.5384,0.874
random,fixed,10,Linear SVM,s030,0.07999999999999999,0.7632000000000001,0.4640000000000001
random,fixed,10,Linear SVM,s031,0.20679999999999996,0.7872,0.958
random,fixed,10,Linear SVM,s032,0.2488,0.9376,0.968
random,fixed,10,Linear SVM,s033,0.02880000000000001,0.22960000000000003,0.178
random,fixed,10,Linear SVM,s034,0.1252,0.7624,0.634
random,fixed,10,Linear SVM,s035,0.11039999999999998,0.5688,0.608
random,fixed,10,Linear SVM,s036,0.018000000000000013,0.0648,0.328
random,fixed,10,Linear SVM,s037,0.15760000000000002,0.5432,0.85
random,fixed,10,Linear SVM,s038,0.07959999999999999,0.8096,0.8160000000000001
random,fixed,10,Linear SVM,s039,0.06999999999999999,0.5984,0.48200000000000004
random,fixed,10,Linear SVM,s040,0.08919999999999999,0.6944,0.638
random,fixed,10,Linear SVM,s041,0.051600000000000035,0.2632,0.396
random,fixed,10,Linear SVM,s042,0.04160000000000002,0.37439999999999996,0.22599999999999998
random,fixed,10,Linear SVM,s043,0.038400000000000004,0.07919999999999999,0.632
random,fixed,10,Linear SVM,s044,0.0944,0.6904,0.7700000000000001
random,fixed,10,Linear SVM,s046,0.13240000000000002,0.6759999999999999,0.874
random,fixed,10,Linear SVM,s047,0.1028,0.7263999999999999,0.594
random,fixed,10,Linear SVM,s048,0.15640000000000004,0.7912,0.9120000000000001
random,fixed,10,Linear SVM,s049,0.0824,0.6624000000000001,0.5200000000000001
random,fixed,10,Linear SVM,s050,0.18,0.9151999999999999,0.9099999999999999
random,fixed,10,Linear SVM,s051,0.10719999999999999,0.5264,0.6200000000000001
random,fixed,10,Linear SVM,s052,0.020000000000000007,0.21680000000000002,0.25
random,fixed,10,Linear SVM,s053,0.03480000000000001,0.33440000000000003,0.13999999999999999
random,fixed,10,Linear SVM,s054,0.196,0.9271999999999998,0.85
random,fixed,10,Linear SVM,s055,0.06400000000000002,0.2744,0.48599999999999993
random,fixed,10,Linear SVM,s056,0.11280000000000001,0.7392,0.644
random,fixed,10,Linear SVM,s057,0.11480000000000001,0.5336,0.674
random,fixed,10,MLP,s002,0.3848,0.8712,0.974
random,fixed,10,MLP,s003,0.2564,0.8495999999999999,0.938
random,fixed,10,MLP,s004,0.22959999999999997,0.8263999999999999,0.99
random,fixed,10,MLP,s005,0.15719999999999998,0.8336,0.808
random,fixed,10,MLP,s007,0.39039999999999997,0.8568,0.998
random,fixed,10,MLP,s008,0.30760000000000004,0.7608,0.9799999999999999
random,fixed,10,MLP,s010,0.28400000000000003,0.8888,0.998
random,fixed,10,MLP,s011,0.2832,0.7896,0.958
random,fixed,10,MLP,s012,0.20400000000000001,0.8815999999999999,0.738
random,fixed,10,MLP,s013,0.5144,0.8136000000000001,0.992
random,fixed,10,MLP,s015,0.39080000000000004,0.9199999999999999,0.986
random,fixed,10,MLP,s016,0.15839999999999999,0.6128,0.7539999999999999
random,fixed,10,MLP,s017,0.088,0.5888,0.446
random,fixed,10,MLP,s018,0.2612,0.9551999999999999,0.9259999999999999
random,fixed,10,MLP,s019,0.12000000000000002,0.6192000000000001,0.6880000000000001
random,fixed,10,MLP,s020,0.47520000000000007,0.9719999999999999,0.9799999999999999
random,fixed,10,MLP,s021,0.3052,0.9384,0.9620000000000001
random,fixed,10,MLP,s022,0.128,0.808,0.606
random,fixed,10,MLP,s024,0.2144,0.6512,0.818
random,fixed,10,MLP,s025,0.2004,0.9071999999999999,0.914
random,fixed,10,MLP,s026,0.2524,0.8343999999999999,0.9960000000000001
random,fixed,10,MLP,s027,0.2804,0.924,0.9540000000000001
random,fixed,10,MLP,s028,0.20400000000000001,0.7071999999999999,0.8099999999999999
random,fixed,10,MLP,s029,0.332,0.9144,0.984
random,fixed,10,MLP,s030,0.176,0.9176,0.7220000000000001
random,fixed,10,MLP,s031,0.3052,0.9768000000000001,0.962
random,fixed,10,MLP,s032,0.4136,0.9632,0.986
random,fixed,10,MLP,s033,0.136,0.6736000000000001,0.706
random,fixed,10,MLP,s034,0.40759999999999996,0.9416,0.9780000000000001
random,fixed,10,MLP,s035,0.22240000000000001,0.8224,0.8619999999999999
random,fixed,10,MLP,s036,0.050400000000000014,0.3,0.46799999999999997
random,fixed,10,MLP,s037,0.32799999999999996,0.8832000000000001,0.9700000000000001
random,fixed,10,MLP,s038,0.16199999999999998,0.8992000000000001,0.9419999999999998
random,fixed,10,MLP,s039,0.2072,0.9616,0.9179999999999999
random,fixed,10,MLP,s040,0.254,0.984,0.8640000000000001
random,fixed,10,MLP,s041,0.21479999999999996,0.7272,0.6700000000000002
random,fixed,10,MLP,s042,0.1628,0.9152000000000001,0.772
random,fixed,10,MLP,s043,0.09040000000000001,0.5232,0.742
random,fixed,10,MLP,s044,0.24560000000000004,0.7832,0.9339999999999999
random,fixed,10,MLP,s046,0.23159999999999997,0.8783999999999998,0.876
random,fixed,10,MLP,s047,0.32039999999999996,0.9712,0.968
random,fixed,10,MLP,s048,0.2736,0.8151999999999999,0.9719999999999999
random,fixed,10,MLP,s049,0.11200000000000002,0.7504,0.614
random,fixed,10,MLP,s050,0.33120000000000005,0.8888,0.994
random,fixed,10,MLP,s051,0.45600000000000007,0.8440000000000001,0.9960000000000001
random,fixed,10,MLP,s052,0.11679999999999999,0.5296000000000001,0.6200000000000001
random,fixed,10,MLP,s053,0.2764,0.8272,0.868
random,fixed,10,MLP,s054,0.3832,0.9704,0.982
random,fixed,10,MLP,s055,0.1636,0.5696000000000001,0.6220000000000001
random,fixed,10,MLP,s056,0.3356,0.9312000000000001,0.992
random,fixed,10,MLP,s057,0.3548,0.8784000000000001,0.9800000000000001
random,fixed,50,k-NN,s002,0.14292066165893624,0.7703999999999999,1.0
random,fixed,50,k-NN,s003,0.08680871167829514,0.7263999999999999,0.734
random,fixed,50,k-NN,s004,0.07708172335054064,0.5087999999999999,0.748
random,fixed,50,k-NN,s005,0.05211981068289386,0.5504,0.8220000000000001
random,fixed,50,k-NN,s007,0.12406969176281457,0.8800000000000001,1.0
random,fixed,50,k-NN,s008,0.12854611336759686,0.7032,1.0
random,fixed,50,k-NN,s010,0.06172053395977363,0.6088,0.644
random,fixed,50,k-NN,s011,0.08096666666666666,1.0,0.426
random,fixed,50,k-NN,s012,0.0545212156630551,0.8440000000000001,0.836
random,fixed,50,k-NN,s013,0.09895822774959308,1.0,0.8699999999999999
random,fixed,50,k-NN,s015,0.1149893235003296,0.9007999999999999,0.702
random,fixed,50,k-NN,s016,0.055778256146821706,0.23199999999999998,0.8699999999999999
random,fixed,50,k-NN,s017,0.04824562024981334,0.5008000000000001,1.0
random,fixed,50,k-NN,s018,0.12492381663825183,1.0,0.71
random,fixed,50,k-NN,s019,0.05142796384901649,0.4128,0.63
random,fixed,50,k-NN,s020,0.12429515151515151,0.8568,0.8859999999999999
random,fixed,50,k-NN,s021,0.10107290685156545,0.8768,0.8800000000000001
random,fixed,50,k-NN,s022,0.028197509118012953,0.2504,0.624
random,fixed,50,k-NN,s024,0.05672956464282736,0.6832,0.826
random,fixed,50,k-NN,s025,0.05086324786324786,0.6816,0.65
random,fixed,50,k-NN,s026,0.15225599517920485,0.6064,1.0
random,fixed,50,k-NN,s027,0.0571372738926079,0.5208,0.85
random,fixed,50,k-NN,s028,0.06373377267676801,0.6936,1.0
random,fixed,50,k-NN,s029,0.10280825988451454,0.792,1.0
random,fixed,50,k-NN,s030,0.07239999691604312,0.5456,0.844
random,fixed,50,k-NN,s031,0.15295693757282675,0.8256,0.916
random,fixed,50,k-NN,s032,0.19028398958589313,1.0,0.7619999999999999
random,fixed,50,k-NN,s033,0.03314322369758148,0.45760000000000006,0.666
random,fixed,50,k-NN,s034,0.10872002382075178,0.7768,0.6559999999999999
random,fixed,50,k-NN,s035,0.09609447099710097,0.8056000000000001,0.738
random,fixed,50,k-NN,s036,0.017980145128917716,0.2192,0.6100000000000001
random,fixed,50,k-NN,s037,0.12201444214049255,0.9103999999999999,0.8039999999999999
random,fixed,50,k-NN,s038,0.09391205136327087,0.7912,0.7020000000000001
random,fixed,50,k-NN,s039,0.08560033200712572,0.932,0.8320000000000001
random,fixed,50,k-NN,s040,0.05410411164876766,0.6816,0.7260000000000001
random,fixed,50,k-NN,s041,0.06223481446090142,0.5208,0.734
random,fixed,50,k-NN,s042,0.04892970674174263,0.8384,0.622
random,fixed,50,k-NN,s043,0.03377943851836812,0.26480000000000004,0.8160000000000001
random,fixed,50,k-NN,s044,0.05944538980273524,0.3776,0.532
random,fixed,50,k-NN,s046,0.11695735014658801,0.9231999999999999,1.0
random,fixed,50,k-NN,s047,0.09216564126709055,0.6352,0.38000000000000006
random,fixed,50,k-NN,s048,0.11946442423347534,0.8655999999999999,0.8560000000000001
random,fixed,50,k-NN,s049,0.04737317630371503,0.8112,1.0
random,fixed,50,k-NN,s050,0.14715402370439573,0.8248000000000001,0.772
random,fixed,50,k-NN,s051,0.10208047008766627,0.8896000000000001,0.8719999999999999
random,fixed,50,k-NN,s052,0.012684737484737491,0.4096,0.028000000000000025
random,fixed,50,k-NN,s053,0.03919227364596926,0.8320000000000001,0.47999999999999987
random,fixed,50,k-NN,s054,0.11399788359788361,1.0,0.6759999999999999
random,fixed,50,k-NN,s055,0.044969090942432635,0.72,0.6679999999999999
random,fixed,50,k-NN,s056,0.11029766238325471,1.0,0.73
random,fixed,50,k-NN,s057,0.10818642761361845,0.9168,0.8379999999999999
random,fixed,50,LDA,s002,0.15880000000000002,0.7584,0.9199999999999999
random,fixed,50,LDA,s003,0.0744,0.4048,0.47400000000000003
random,fixed,50,LDA,s004,0.08919999999999997,0.43600000000000005,0.628
random,fixed,50,LDA,s005,0.10279999999999997,0.2784,0.8419999999999999
random,fixed,50,LDA,s007,0.14520000000000002,0.7144,0.834
random,fixed,50,LDA,s008,0.1524,0.6568,0.858
random,fixed,50,LDA,s010,0.0764,0.2392,0.828
random,fixed,50,LDA,s011,0.09319999999999999,0.5927999999999999,0.48
random,fixed,50,LDA,s012,0.06879999999999999,0.3912,0.608
random,fixed,50,LDA,s013,0.08520000000000001,0.43760000000000004,0.6239999999999999
random,fixed,50,LDA,s015,0.1428,0.8400000000000001,0.736
random,fixed,50,LDA,s016,0.0776,0.1848,0.61
random,fixed,50,LDA,s017,0.0688,0.30720000000000003,0.6699999999999999
random,fixed,50,LDA,s018,0.09319999999999998,0.7247999999999999,0.586
random,fixed,50,LDA,s019,0.059199999999999996,0.528,0.7540000000000001
random,fixed,50,LDA,s020,0.11439999999999999,0.6392,0.772
random,fixed,50,LDA,s021,0.1272,0.3856,0.9099999999999998
random,fixed,50,LDA,s022,0.019200000000000005,0.0416,0.502
random,fixed,50,LDA,s024,0.05080000000000001,0.3568,0.9100000000000001
random,fixed,50,LDA,s025,0.04640000000000001,0.25680000000000003,0.712
random,fixed,50,LDA,s026,0.17560000000000003,0.5831999999999999,0.982
random,fixed,50,LDA,s027,0.0688,0.3992,0.582
random,fixed,50,LDA,s028,0.0684,0.2912,0.784
random,fixed,50,LDA,s029,0.11079999999999998,0.46880000000000005,0.8739999999999999
random,fixed,50,LDA,s030,0.06319999999999999,0.44480000000000003,0.4760000000000001
random,fixed,50,LDA,s031,0.196,0.796,0.9339999999999999
random,fixed,50,LDA,s032,0.20719999999999997,0.8488000000000001,0.952
random,fixed,50,LDA,s033,0.021200000000000007,0.0632,0.05400000000000003
random,fixed,50,LDA,s034,0.1032,0.7295999999999999,0.554
random,fixed,50,LDA,s035,0.07599999999999998,0.37120000000000003,0.586
random,fixed,50,LDA,s036,0.021600000000000015,0.2752,0.23800000000000004
random,fixed,50,LDA,s037,0.1176,0.4072,0.764
random,fixed,50,LDA,s038,0.06759999999999998,0.5336000000000001,0.794
random,fixed,50,LDA,s039,0.07079999999999999,0.5112,0.5820000000000001
random,fixed,50,LDA,s040,0.0524,0.2488,0.376
random,fixed,50,LDA,s041,0.0452,0.2464,0.384
random,fixed,50,LDA,s042,0.03800000000000002,0.28959999999999997,0.19
random,fixed,50,LDA,s043,0.035199999999999995,0.1528,0.518
random,fixed,50,LDA,s044,0.0884,0.6544,0.8459999999999999
random,fixed,50,LDA,s046,0.12,0.5672,0.8059999999999998
random,fixed,50,LDA,s047,0.08719999999999997,0.5327999999999999,0.526
random,fixed,50,LDA,s048,0.14279999999999998,0.7632,0.9360000000000002
random,fixed,50,LDA,s049,0.053200000000000025,0.6088,0.41400000000000003
random,fixed,50,LDA,s050,0.14400000000000002,0.8911999999999999,0.8039999999999999
random,fixed,50,LDA,s051,0.1116,0.5136000000000001,0.658
random,fixed,50,LDA,s052,0.021600000000000005,0.164,0.268
random,fixed,50,LDA,s053,0.03600000000000002,0.27759999999999996,0.162
random,fixed,50,LDA,s054,0.1516,0.8928,0.8960000000000001
random,fixed,50,LDA,s055,0.06079999999999998,0.24480000000000005,0.442
random,fixed,50,LDA,s056,0.10880000000000001,0.5344,0.644
random,fixed,50,LDA,s057,0.10159999999999998,0.5288,0.594
random,fixed,50,Threshold,s002,0.2264,0.908,0.616
random,fixed,50,Threshold,s003,0.19319999999999998,0.7552000000000001,0.558
random,fixed,50,Threshold,s004,0.11599999999999999,0.756,0.47000000000000003
random,fixed,50,Threshold,s005,0.07799999999999999,0.9591999999999998,0.154
random,fixed,50,Threshold,s007,0.164,0.7304,0.66
random,fixed,50,Threshold,s008,0.1648,0.6368,0.4720000000000001
random,fixed,50,Threshold,s010,0.07999999999999999,0.47119999999999995,0.14999999999999997
random,fixed,50,Threshold,s011,0.154,0.7288,0.496
random,fixed,50,Threshold,s012,0.124,0.8320000000000001,0.27399999999999997
random,fixed,50,Threshold,s013,0.1316,0.72,0.33199999999999996
random,fixed,50,Threshold,s015,0.196,0.7776,0.75
random,fixed,50,Threshold,s016,0.06999999999999999,0.8640000000000001,0.18
random,fixed,50,Threshold,s017,0.050399999999999986,0.3336,0.11199999999999999
random,fixed,50,Threshold,s018,0.242,0.9176,0.624
random,fixed,50,Threshold,s019,0.09399999999999997,0.9384,0.11599999999999999
random,fixed,50,Threshold,s020,0.2676,0.9456,0.8039999999999999
random,fixed,50,Threshold,s021,0.1628,0.9343999999999999,0.39
random,fixed,50,Threshold,s022,0.057200000000000015,0.604,0.128
random,fixed,50,Threshold,s024,0.06400000000000002,0.42000000000000004,0.184
random,fixed,50,Threshold,s025,0.08519999999999998,0.8847999999999999,0.126
random,fixed,50,Threshold,s026,0.10599999999999998,0.688,0.23399999999999999
random,fixed,50,Threshold,s027,0.12000000000000002,0.7968,0.256
random,fixed,50,Threshold,s028,0.05720000000000001,0.3223999999999999,0.18599999999999997
random,fixed,50,Threshold,s029,0.11679999999999999,0.7352000000000001,0.328
random,fixed,50,Threshold,s030,0.14,0.9864,0.266
random,fixed,50,Threshold,s031,0.2352,0.9471999999999999,0.6839999999999999
random,fixed,50,Threshold,s032,0.2944,0.9512,0.8320000000000001
random,fixed,50,Threshold,s033,0.11359999999999999,0.9423999999999999,0.312
random,fixed,50,Threshold,s034,0.1908,0.9111999999999998,0.626
random,fixed,50,Threshold,s035,0.18,0.8751999999999999,0.394
random,fixed,50,Threshold,s036,0.034400000000000014,0.11200000000000002,0.054000000000000006
random,fixed,50,Threshold,s037,0.2,0.8896,0.716
random,fixed,50,Threshold,s038,0.1468,0.9231999999999999,0.29
random,fixed,50,Threshold,s039,0.09679999999999998,0.9448000000000001,0.178
random,fixed,50,Threshold,s040,0.172,0.9640000000000001,0.41200000000000003
random,fixed,50,Threshold,s041,0.162,0.9015999999999998,0.51
random,fixed,50,Threshold,s042,0.06920000000000001,0.8872,0.098
random,fixed,50,Threshold,s043,0.03840000000000001,0.44399999999999995,0.118
random,fixed,50,Threshold,s044,0.088,0.9087999999999999,0.24400000000000005
random,fixed,50,Threshold,s046,0.21639999999999998,0.9704,0.5740000000000001
random,fixed,50,Threshold,s047,0.23079999999999998,0.944,0.564
random,fixed,50,Threshold,s048,0.12840000000000001,0.7295999999999999,0.374
random,fixed,50,Threshold,s049,0.14120000000000002,0.9960000000000001,0.288
random,fixed,50,Threshold,s050,0.1964,0.8592000000000001,0.53
random,fixed,50,Threshold,s051,0.17720000000000002,0.7688,0.744
random,fixed,50,Threshold,s052,0.05080000000000001,0.6359999999999999,0.07799999999999999
random,fixed,50,Threshold,s053,0.1036,0.6976000000000001,0.21200000000000002
random,fixed,50,Threshold,s054,0.126,0.9503999999999999,0.45600000000000007
random,fixed,50,Threshold,s055,0.04680000000000002,0.4640000000000001,0.09
random,fixed,50,Threshold,s056,0.1448,0.8400000000000001,0.5959999999999999
random,fixed,50,Threshold,s057,0.2036,0.7903999999999999,0.7539999999999999
random,fixed,50,Linear SVM,s002,0.1476,0.7848,0.938
random,fixed,50,Linear SVM,s003,0.0832,0.4968,0.378
random,fixed,50,Linear SVM,s004,0.08919999999999997,0.6656,0.4720000000000001
random,fixed,50,Linear SVM,s005,0.09839999999999999,0.2832,0.892
random,fixed,50,Linear SVM,s007,0.1332,0.636,0.78
random,fixed,50,Linear SVM,s008,0.136,0.6576,0.82
random,fixed,50,Linear SVM,s010,0.06480000000000001,0.2728,0.514
random,fixed,50,Linear SVM,s011,0.098,0.5,0.45600000000000007
random,fixed,50,Linear SVM,s012,0.04960000000000002,0.29919999999999997,0.702
random,fixed,50,Linear SVM,s013,0.08759999999999998,0.4312,0.386
random,fixed,50,Linear SVM,s015,0.1296,0.8032,0.6599999999999999
random,fixed,50,Linear SVM,s016,0.08560000000000001,0.35680000000000006,0.64
random,fixed,50,Linear SVM,s017,0.04760000000000002,0.16,0.26399999999999996
random,fixed,50,Linear SVM,s018,0.09480000000000002,0.7792,0.418
random,fixed,50,Linear SVM,s019,0.04800000000000001,0.5328,0.736
random,fixed,50,Linear SVM,s020,0.09559999999999999,0.7071999999999999,0.772
random,fixed,50,Linear SVM,s021,0.11399999999999999,0.5608,0.916
random,fixed,50,Linear SVM,s022,0.018000000000000006,0.036800000000000006,0.5900000000000001
random,fixed,50,Linear SVM,s024,0.03680000000000001,0.2704,0.7100000000000001
random,fixed,50,Linear SVM,s025,0.0384,0.35439999999999994,0.5399999999999999
random,fixed,50,Linear SVM,s026,0.16560000000000002,0.6256,0.9760000000000002
random,fixed,50,Linear SVM,s027,0.05760000000000002,0.376,0.6140000000000001
random,fixed,50,Linear SVM,s028,0.06799999999999999,0.2664,0.658
random,fixed,50,Linear SVM,s029,0.08520000000000001,0.6224000000000001,0.712
random,fixed,50,Linear SVM,s030,0.07440000000000002,0.6176,0.686
random,fixed,50,Linear SVM,s031,0.1948,0.6888,0.922
random,fixed,50,Linear SVM,s032,0.21519999999999997,0.9336,0.9480000000000001
random,fixed,50,Linear SVM,s033,0.023600000000000013,0.1288,0.122
random,fixed,50,Linear SVM,s034,0.0952,0.7096,0.518
random,fixed,50,Linear SVM,s035,0.06280000000000002,0.37760000000000005,0.378
random,fixed,50,Linear SVM,s036,0.0108,0.0312,0.054000000000000006
random,fixed,50,Linear SVM,s037,0.1152,0.396,0.732
random,fixed,50,Linear SVM,s038,0.06200000000000002,0.688,0.5980000000000001
random,fixed,50,Linear SVM,s039,0.0696,0.7264,0.58
random,fixed,50,Linear SVM,s040,0.06119999999999999,0.32880000000000004,0.48599999999999993
random,fixed,50,Linear SVM,s041,0.05960000000000001,0.3136,0.45199999999999996
random,fixed,50,Linear SVM,s042,0.03320000000000001,0.3736,0.09400000000000001
random,fixed,50,Linear SVM,s043,0.030400000000000003,0.06240000000000001,0.438
random,fixed,50,Linear SVM,s044,0.07959999999999998,0.5096,0.836
random,fixed,50,Linear SVM,s046,0.10119999999999998,0.6448,0.776
random,fixed,50,Linear SVM,s047,0.07440000000000002,0.6439999999999999,0.476
random,fixed,50,Linear SVM,s048,0.1136,0.6848,0.852
random,fixed,50,Linear SVM,s049,0.043600000000000014,0.14240000000000003,0.306
random,fixed,50,Linear SVM,s050,0.15960000000000002,0.9103999999999999,0.842
random,fixed,50,Linear SVM,s051,0.11679999999999999,0.6616000000000001,0.6
random,fixed,50,Linear SVM,s052,0.0164,0.2808,0.192
random,fixed,50,Linear SVM,s053,0.028400000000000026,0.2056,0.10600000000000001
random,fixed,50,Linear SVM,s054,0.12040000000000002,0.9096,0.8039999999999999
random,fixed,50,Linear SVM,s055,0.04200000000000002,0.1944,0.20599999999999996
random,fixed,50,Linear SVM,s056,0.08560000000000001,0.776,0.554
random,fixed,50,Linear SVM,s057,0.0944,0.3888,0.568
random,fixed,50,MLP,s002,0.1576,0.752,0.842
random,fixed,50,MLP,s003,0.14840000000000003,0.708,0.5940000000000001
random,fixed,50,MLP,s004,0.1232,0.82,0.48999999999999994
random,fixed,50,MLP,s005,0.0548,0.2272,0.74
random,fixed,50,MLP,s007,0.18639999999999995,0.7552,0.6839999999999999
random,fixed,50,MLP,s008,0.156,0.6567999999999999,0.6859999999999999
random,fixed,50,MLP,s010,0.1068,0.5416000000000001,0.4779999999999999
random,fixed,50,MLP,s011,0.14479999999999998,0.6264000000000001,0.6679999999999999
random,fixed,50,MLP,s012,0.0724,0.6784,0.466
random,fixed,50,MLP,s013,0.1568,0.7232,0.526
random,fixed,50,MLP,s015,0.1588,0.8952,0.6559999999999999
random,fixed,50,MLP,s016,0.1388,0.4056,0.8160000000000001
random,fixed,50,MLP,s017,0.07440000000000001,0.5816,0.37
random,fixed,50,MLP,s018,0.1496,0.9303999999999999,0.49000000000000005
random,fixed,50,MLP,s019,0.06920000000000001,0.5680000000000001,0.518
random,fixed,50,MLP,s020,0.1872,0.7984,0.7539999999999999
random,fixed,50,MLP,s021,0.10200000000000001,0.7352000000000001,0.65
random,fixed,50,MLP,s022,0.04680000000000002,0.11600000000000002,0.8780000000000001
random,fixed,50,MLP,s024,0.0848,0.4136,0.6399999999999999
random,fixed,50,MLP,s025,0.05200000000000001,0.7008,0.20400000000000001
random,fixed,50,MLP,s026,0.138,0.7023999999999999,0.698
random,fixed,50,MLP,s027,0.07799999999999999,0.5711999999999999,0.584
random,fixed,50,MLP,s028,0.11079999999999998,0.5192,0.804
random,fixed,50,MLP,s029,0.15839999999999996,0.7864000000000001,0.806
random,fixed,50,MLP,s030,0.08959999999999999,0.6504,0.5900000000000001
random,fixed,50,MLP,s031,0.21400000000000002,0.7232000000000001,0.9039999999999999
random,fixed,50,MLP,s032,0.3012,0.96,0.844
random,fixed,50,MLP,s033,0.06799999999999999,0.1968,0.6399999999999999
random,fixed,50,MLP,s034,0.18480000000000002,0.9256,0.662
random,fixed,50,MLP,s035,0.1096,0.7215999999999999,0.346
random,fixed,50,MLP,s036,0.017600000000000005,0.036,0.12600000000000003
random,fixed,50,MLP,s037,0.10879999999999998,0.8448,0.5479999999999999
random,fixed,50,MLP,s038,0.0736,0.6784,0.6119999999999999
random,fixed,50,MLP,s039,0.07159999999999998,0.8992000000000001,0.23600000000000004
random,fixed,50,MLP,s040,0.1056,0.7752,0.788
random,fixed,50,MLP,s041,0.08479999999999999,0.6632,0.552
random,fixed,50,MLP,s042,0.057600000000000005,0.5528,0.088
random,fixed,50,MLP,s043,0.0528,0.2056,0.8099999999999999
random,fixed,50,MLP,s044,0.0968,0.5120000000000001,0.852
random,fixed,50,MLP,s046,0.1052,0.6584,0.648
random,fixed,50,MLP,s047,0.11079999999999998,0.6584000000000001,0.65
random,fixed,50,MLP,s048,0.11039999999999998,0.652,0.6980000000000001
random,fixed,50,MLP,s049,0.05840000000000003,0.0984,0.5459999999999999
random,fixed,50,MLP,s050,0.17880000000000001,0.7904,0.636
random,fixed,50,MLP,s051,0.13999999999999999,0.6816000000000001,0.434
random,fixed,50,MLP,s052,0.021600000000000005,0.1416,0.07200000000000002
random,fixed,50,MLP,s053,0.09559999999999999,0.5896000000000001,0.296
random,fixed,50,MLP,s054,0.14320000000000002,0.8583999999999999,0.618
random,fixed,50,MLP,s055,0.0868,0.4904,0.30999999999999994
random,fixed,50,MLP,s056,0.1452,0.9408,0.8379999999999999
random,fixed,50,MLP,s057,0.1664,0.6912,0.758
random,fixed,200,k-NN,s002,0.11682354674068,0.7343999999999999,1.0
random,fixed,200,k-NN,s003,0.08009012517608494,0.2992,1.0
random,fixed,200,k-NN,s004,0.07896694943200813,0.4128,1.0
random,fixed,200,k-NN,s005,0.059519936486197376,0.2792,1.0
random,fixed,200,k-NN,s007,0.11322070815952263,0.5288,1.0
random,fixed,200,k-NN,s008,0.11068791417708153,0.5488000000000001,1.0
random,fixed,200,k-NN,s010,0.046395336952305,0.3264,1.0
random,fixed,200,k-NN,s011,0.07292444484618398,0.9176,1.0
random,fixed,200,k-NN,s012,0.04948513069602954,0.3664,1.0
random,fixed,200,k-NN,s013,0.08410194189557116,0.5128,1.0
random,fixed,200,k-NN,s015,0.09845637642304343,0.43199999999999994,1.0
random,fixed,200,k-NN,s016,0.05263842333056794,0.15360000000000001,1.0
random,fixed,200,k-NN,s017,0.055001395436158895,0.3368,1.0
random,fixed,200,k-NN,s018,0.10876412329098928,0.648,1.0
random,fixed,200,k-NN,s019,0.05690411183579921,0.2408,0.812
random,fixed,200,k-NN,s020,0.10423370815231278,0.6968,1.0
random,fixed,200,k-NN,s021,0.11049116910704804,0.4888,1.0
random,fixed,200,k-NN,s022,0.039868216686193766,0.0496,1.0
random,fixed,200,k-NN,s024,0.043045227479300494,0.1408,0.808
random,fixed,200,k-NN,s025,0.04402997321158923,0.3296,1.0
random,fixed,200,k-NN,s026,0.14641698790776903,0.496,1.0
random,fixed,200,k-NN,s027,0.06842052545645687,0.472,1.0
random,fixed,200,k-NN,s028,0.0669959465166533,0.34640000000000004,1.0
random,fixed,200,k-NN,s029,0.0897242176848476,0.5272,1.0
random,fixed,200,k-NN,s030,0.06184294628044753,0.244,1.0
random,fixed,200,k-NN,s031,0.14273628567046565,0.532,1.0
random,fixed,200,k-NN,s032,0.16731062253013698,0.8192,1.0
random,fixed,200,k-NN,s033,0.02506761453349509,0.0888,0.8039999999999999
random,fixed,200,k-NN,s034,0.09156748156992059,0.6112,1.0
random,fixed,200,k-NN,s035,0.06367605730498396,0.3288,1.0
random,fixed,200,k-NN,s036,0.017134789008660015,0.019200000000000002,0.8019999999999999
random,fixed,200,k-NN,s037,0.1124785316256317,0.576,1.0
random,fixed,200,k-NN,s038,0.0686797371529886,0.4272,1.0
random,fixed,200,k-NN,s039,0.07766401182500393,0.45759999999999995,1.0
random,fixed,200,k-NN,s040,0.06067709911786544,0.304,1.0
random,fixed,200,k-NN,s041,0.056076490890284006,0.15680000000000002,1.0
random,fixed,200,k-NN,s042,0.042497336552988735,0.4936,0.6399999999999999
random,fixed,200,k-NN,s043,0.029266133319286004,0.0512,1.0
random,fixed,200,k-NN,s044,0.04993233279386468,0.2032,1.0
random,fixed,200,k-NN,s046,0.11687912178101703,0.6759999999999999,1.0
random,fixed,200,k-NN,s047,0.06394999322768523,0.27359999999999995,0.834
random,fixed,200,k-NN,s048,0.11225694554401011,0.7304,1.0
random,fixed,200,k-NN,s049,0.037056440286605256,0.0624,1.0
random,fixed,200,k-NN,s050,0.12095567927972103,0.5344,1.0
random,fixed,200,k-NN,s051,0.09081567982008637,0.48,1.0
random,fixed,200,k-NN,s052,0.013866015788696964,0.024,0.8019999999999999
random,fixed,200,k-NN,s053,0.035545701357466084,0.3504,0.06400000000000002
random,fixed,200,k-NN,s054,0.10264765907673408,0.828,1.0
random,fixed,200,k-NN,s055,0.04185257188332816,0.5144,1.0
random,fixed,200,k-NN,s056,0.09253998556292575,0.4128,1.0
random,fixed,200,k-NN,s057,0.08766407044042915,0.5448000000000001,1.0
random,fixed,200,LDA,s002,0.1332,0.7567999999999999,0.914
random,fixed,200,LDA,s003,0.07759999999999997,0.29840000000000005,0.55
random,fixed,200,LDA,s004,0.07839999999999998,0.3416,0.65
random,fixed,200,LDA,s005,0.094,0.23520000000000002,0.914
random,fixed,200,LDA,s007,0.13840000000000002,0.5688,0.8280000000000001
random,fixed,200,LDA,s008,0.14120000000000002,0.6192,0.876
random,fixed,200,LDA,s010,0.06119999999999999,0.16720000000000002,0.61
random,fixed,200,LDA,s011,0.06720000000000001,0.3352,0.48600000000000004
random,fixed,200,LDA,s012,0.05600000000000001,0.21280000000000002,0.52
random,fixed,200,LDA,s013,0.07160000000000002,0.3576,0.5279999999999999
random,fixed,200,LDA,s015,0.134,0.7984,0.55
random,fixed,200,LDA,s016,0.0636,0.16240000000000002,0.568
random,fixed,200,LDA,s017,0.056000000000000015,0.2648,0.5820000000000001
random,fixed,200,LDA,s018,0.1008,0.5424,0.5820000000000001
random,fixed,200,LDA,s019,0.05440000000000002,0.5096,0.712
random,fixed,200,LDA,s020,0.11079999999999998,0.504,0.792
random,fixed,200,LDA,s021,0.1052,0.3024,0.8559999999999999
random,fixed,200,LDA,s022,0.023200000000000005,0.0344,0.396
random,fixed,200,LDA,s024,0.03600000000000002,0.11440000000000002,0.5820000000000001
random,fixed,200,LDA,s025,0.03760000000000002,0.0608,0.562
random,fixed,200,LDA,s026,0.156,0.47919999999999996,0.966
random,fixed,200,LDA,s027,0.05600000000000001,0.3696,0.41
random,fixed,200,LDA,s028,0.0528,0.1464,0.656
random,fixed,200,LDA,s029,0.0988,0.3872,0.76
random,fixed,200,LDA,s030,0.054800000000000015,0.5256,0.362
random,fixed,200,LDA,s031,0.17800000000000002,0.5704,0.9099999999999999
random,fixed,200,LDA,s032,0.2016,0.8496,0.976
random,fixed,200,LDA,s033,0.016400000000000012,0.029599999999999998,0.028000000000000025
random,fixed,200,LDA,s034,0.08559999999999998,0.5744,0.45
random,fixed,200,LDA,s035,0.060800000000000035,0.22319999999999998,0.41200000000000003
random,fixed,200,LDA,s036,0.010400000000000003,0.013600000000000001,0.040000000000000015
random,fixed,200,LDA,s037,0.11080000000000001,0.36319999999999997,0.7220000000000001
random,fixed,200,LDA,s038,0.0712,0.5392,0.732
random,fixed,200,LDA,s039,0.05840000000000001,0.488,0.426
random,fixed,200,LDA,s040,0.05120000000000001,0.11440000000000002,0.308
random,fixed,200,LDA,s041,0.03400000000000001,0.11520000000000001,0.174
random,fixed,200,LDA,s042,0.03520000000000001,0.3896,0.12
random,fixed,200,LDA,s043,0.028400000000000016,0.092,0.406
random,fixed,200,LDA,s044,0.06959999999999997,0.46320000000000006,0.884
random,fixed,200,LDA,s046,0.11279999999999998,0.5439999999999999,0.78
random,fixed,200,LDA,s047,0.07520000000000002,0.3256,0.536
random,fixed,200,LDA,s048,0.136,0.7232000000000001,0.8619999999999999
random,fixed,200,LDA,s049,0.04160000000000001,0.3632,0.438
random,fixed,200,LDA,s050,0.11439999999999999,0.7487999999999999,0.8220000000000001
random,fixed,200,LDA,s051,0.09359999999999999,0.4896,0.588
random,fixed,200,LDA,s052,0.01800000000000001,0.1288,0.188
random,fixed,200,LDA,s053,0.028400000000000026,0.25680000000000003,0.12000000000000002
random,fixed,200,LDA,s054,0.12,0.8528,0.944
random,fixed,200,LDA,s055,0.04680000000000002,0.132,0.442
random,fixed,200,LDA,s056,0.08439999999999999,0.45840000000000003,0.5720000000000001
random,fixed,200,LDA,s057,0.09479999999999997,0.4136,0.5539999999999999
random,fixed,200,Threshold,s002,0.22160000000000002,0.8664,0.5760000000000001
random,fixed,200,Threshold,s003,0.18119999999999997,0.76,0.5279999999999999
random,fixed,200,Threshold,s004,0.1192,0.6832,0.466
random,fixed,200,Threshold,s005,0.076,0.952,0.13799999999999998
random,fixed,200,Threshold,s007,0.16920000000000002,0.6992,0.62
random,fixed,200,Threshold,s008,0.156,0.64,0.466
random,fixed,200,Threshold,s010,0.074,0.4048,0.13599999999999998
random,fixed,200,Threshold,s011,0.15640000000000004,0.6752,0.488
random,fixed,200,Threshold,s012,0.11639999999999999,0.788,0.25
random,fixed,200,Threshold,s013,0.13,0.7071999999999999,0.31
random,fixed,200,Threshold,s015,0.198,0.7232000000000001,0.692
random,fixed,200,Threshold,s016,0.06520000000000001,0.8736,0.152
random,fixed,200,Threshold,s017,0.03960000000000002,0.3192,0.12799999999999997
random,fixed,200,Threshold,s018,0.23159999999999997,0.9016,0.598
random,fixed,200,Threshold,s019,0.08360000000000001,0.9384,0.118
random,fixed,200,Threshold,s020,0.2652,0.944,0.8300000000000001
random,fixed,200,Threshold,s021,0.14999999999999997,0.8959999999999999,0.42800000000000005
random,fixed,200,Threshold,s022,0.05800000000000001,0.3928,0.14600000000000002
random,fixed,200,Threshold,s024,0.05600000000000001,0.24640000000000004,0.182
random,fixed,200,Threshold,s025,0.07959999999999998,0.7903999999999999,0.13
random,fixed,200,Threshold,s026,0.09999999999999998,0.7088000000000001,0.22199999999999998
random,fixed,200,Threshold,s027,0.10640000000000001,0.8184000000000001,0.236
random,fixed,200,Threshold,s028,0.05000000000000001,0.1672,0.18
random,fixed,200,Threshold,s029,0.11679999999999999,0.7336,0.276
random,fixed,200,Threshold,s030,0.134,0.9904,0.22599999999999998
random,fixed,200,Threshold,s031,0.22519999999999998,0.8959999999999999,0.742
random,fixed,200,Threshold,s032,0.29600000000000004,0.944,0.852
random,fixed,200,Threshold,s033,0.10959999999999999,0.8864000000000001,0.30599999999999994
random,fixed,200,Threshold,s034,0.1964,0.9152000000000001,0.6159999999999999
random,fixed,200,Threshold,s035,0.17000000000000004,0.8295999999999999,0.41200000000000003
random,fixed,200,Threshold,s036,0.03520000000000002,0.11040000000000001,0.040000000000000036
random,fixed,200,Threshold,s037,0.1936,0.8512000000000001,0.752
random,fixed,200,Threshold,s038,0.14400000000000002,0.8952,0.282
random,fixed,200,Threshold,s039,0.09399999999999997,0.7912,0.18
random,fixed,200,Threshold,s040,0.17640000000000003,0.9496,0.41200000000000003
random,fixed,200,Threshold,s041,0.148,0.8879999999999999,0.504
random,fixed,200,Threshold,s042,0.06600000000000002,0.836,0.094
random,fixed,200,Threshold,s043,0.03040000000000001,0.3976,0.084
random,fixed,200,Threshold,s044,0.09359999999999999,0.9120000000000001,0.248
random,fixed,200,Threshold,s046,0.21239999999999998,0.9128000000000001,0.572
random,fixed,200,Threshold,s047,0.21559999999999996,0.9303999999999999,0.602
random,fixed,200,Threshold,s048,0.1292,0.7096,0.42400000000000004
random,fixed,200,Threshold,s049,0.1316,0.9416,0.27999999999999997
random,fixed,200,Threshold,s050,0.16720000000000002,0.772,0.514
random,fixed,200,Threshold,s051,0.18120000000000003,0.7776,0.72
random,fixed,200,Threshold,s052,0.04520000000000003,0.5048,0.072
random,fixed,200,Threshold,s053,0.10399999999999998,0.7064,0.22400000000000003
random,fixed,200,Threshold,s054,0.1264,0.9408,0.514
random,fixed,200,Threshold,s055,0.05320000000000001,0.3944,0.08399999999999999
random,fixed,200,Threshold,s056,0.1516,0.8311999999999999,0.644
random,fixed,200,Threshold,s057,0.19719999999999996,0.7816000000000001,0.792
random,fixed,200,Linear SVM,s002,0.132,0.7455999999999999,0.9359999999999999
random,fixed,200,Linear SVM,s003,0.0692,0.2608,0.458
random,fixed,200,Linear SVM,s004,0.0752,0.43360000000000004,0.458
random,fixed,200,Linear SVM,s005,0.0988,0.27759999999999996,0.9139999999999999
random,fixed,200,Linear SVM,s007,0.13,0.5944,0.834
random,fixed,200,Linear SVM,s008,0.1252,0.7008,0.874
random,fixed,200,Linear SVM,s010,0.052800000000000014,0.19119999999999998,0.476
random,fixed,200,Linear SVM,s011,0.07160000000000001,0.37760000000000005,0.5219999999999999
random,fixed,200,Linear SVM,s012,0.0508,0.22240000000000001,0.7140000000000001
random,fixed,200,Linear SVM,s013,0.0692,0.3624,0.484
random,fixed,200,Linear SVM,s015,0.1224,0.6559999999999999,0.524
random,fixed,200,Linear SVM,s016,0.05720000000000001,0.2136,0.5780000000000001
random,fixed,200,Linear SVM,s017,0.04000000000000002,0.1416,0.33199999999999996
random,fixed,200,Linear SVM,s018,0.1,0.5399999999999999,0.49400000000000005
random,fixed,200,Linear SVM,s019,0.050400000000000014,0.4912000000000001,0.8140000000000001
random,fixed,200,Linear SVM,s020,0.11879999999999999,0.628,0.806
random,fixed,200,Linear SVM,s021,0.11080000000000001,0.2912,0.86
random,fixed,200,Linear SVM,s022,0.021200000000000007,0.027200000000000002,0.252
random,fixed,200,Linear SVM,s024,0.02840000000000001,0.0752,0.40199999999999997
random,fixed,200,Linear SVM,s025,0.034800000000000005,0.1256,0.5359999999999999
random,fixed,200,Linear SVM,s026,0.162,0.5408000000000001,0.966
random,fixed,200,Linear SVM,s027,0.05720000000000001,0.42400000000000004,0.638
random,fixed,200,Linear SVM,s028,0.052800000000000014,0.11679999999999999,0.532
random,fixed,200,Linear SVM,s029,0.09279999999999998,0.584,0.666
random,fixed,200,Linear SVM,s030,0.056400000000000027,0.3704,0.4640000000000001
random,fixed,200,Linear SVM,s031,0.17840000000000003,0.5311999999999999,0.946
random,fixed,200,Linear SVM,s032,0.2076,0.9,0.968
random,fixed,200,Linear SVM,s033,0.022000000000000013,0.0504,0.186
random,fixed,200,Linear SVM,s034,0.0792,0.6888,0.4760000000000001
random,fixed,200,Linear SVM,s035,0.0536,0.2544,0.28600000000000003
random,fixed,200,Linear SVM,s036,0.0032,0.0032,0.0
random,fixed,200,Linear SVM,s037,0.10600000000000001,0.3464,0.672
random,fixed,200,Linear SVM,s038,0.06400000000000002,0.5648,0.7859999999999999
random,fixed,200,Linear SVM,s039,0.05800000000000003,0.5584,0.506
random,fixed,200,Linear SVM,s040,0.0504,0.11120000000000001,0.5
random,fixed,200,Linear SVM,s041,0.044000000000000004,0.16160000000000002,0.20999999999999996
random,fixed,200,Linear SVM,s042,0.027200000000000002,0.35680000000000006,0.14
random,fixed,200,Linear SVM,s043,0.026000000000000013,0.0528,0.55
random,fixed,200,Linear SVM,s044,0.0712,0.3456,0.8939999999999999
random,fixed,200,Linear SVM,s046,0.0992,0.6447999999999999,0.7619999999999999
random,fixed,200,Linear SVM,s047,0.06760000000000002,0.24159999999999998,0.596
random,fixed,200,Linear SVM,s048,0.13440000000000002,0.6624000000000001,0.924
random,fixed,200,Linear SVM,s049,0.033200000000000014,0.18159999999999998,0.258
random,fixed,200,Linear SVM,s050,0.11239999999999999,0.7024,0.842
random,fixed,200,Linear SVM,s051,0.09639999999999997,0.5968,0.5940000000000001
random,fixed,200,Linear SVM,s052,0.013200000000000007,0.1592,0.11400000000000002
random,fixed,200,Linear SVM,s053,0.030000000000000016,0.29440000000000005,0.10200000000000002
random,fixed,200,Linear SVM,s054,0.10799999999999998,0.8672000000000001,0.9480000000000001
random,fixed,200,Linear SVM,s055,0.03400000000000002,0.20800000000000002,0.10399999999999998
random,fixed,200,Linear SVM,s056,0.0836,0.5831999999999999,0.55
random,fixed,200,Linear SVM,s057,0.08839999999999999,0.4136,0.484
random,fixed,200,MLP,s002,0.1376,0.7768,0.9400000000000001
random,fixed,200,MLP,s003,0.1,0.396,0.6340000000000001
random,fixed,200,MLP,s004,0.09719999999999998,0.5224,0.516
random,fixed,200,MLP,s005,0.09479999999999998,0.16560000000000002,0.9120000000000001
random,fixed,200,MLP,s007,0.16720000000000002,0.6487999999999999,0.756
random,fixed,200,MLP,s008,0.134,0.6032,0.842
random,fixed,200,MLP,s010,0.08479999999999999,0.38079999999999997,0.522
random,fixed,200,MLP,s011,0.11199999999999999,0.5344,0.5960000000000001
random,fixed,200,MLP,s012,0.048,0.352,0.562
random,fixed,200,MLP,s013,0.1004,0.5327999999999999,0.642
random,fixed,200,MLP,s015,0.11600000000000002,0.6464000000000001,0.5720000000000001
random,fixed,200,MLP,s016,0.0932,0.1552,0.82
random,fixed,200,MLP,s017,0.0536,0.2664,0.22199999999999998
random,fixed,200,MLP,s018,0.11839999999999999,0.64,0.71
random,fixed,200,MLP,s019,0.054400000000000004,0.33599999999999997,0.7200000000000001
random,fixed,200,MLP,s020,0.122,0.5136,0.764
random,fixed,200,MLP,s021,0.1244,0.6456,0.9059999999999999
random,fixed,200,MLP,s022,0.0376,0.040799999999999996,0.916
random,fixed,200,MLP,s024,0.06720000000000001,0.1296,0.884
random,fixed,200,MLP,s025,0.03520000000000001,0.2608,0.42400000000000004
random,fixed,200,MLP,s026,0.16240000000000002,0.5288,0.9559999999999998
random,fixed,200,MLP,s027,0.0748,0.4231999999999999,0.6980000000000001
random,fixed,200,MLP,s028,0.07439999999999998,0.2272,0.718
random,fixed,200,MLP,s029,0.12279999999999999,0.5944,0.79
random,fixed,200,MLP,s030,0.07400000000000001,0.3728,0.766
random,fixed,200,MLP,s031,0.16840000000000002,0.492,0.9059999999999999
random,fixed,200,MLP,s032,0.192,0.8367999999999999,0.852
random,fixed,200,MLP,s033,0.058399999999999994,0.12240000000000002,0.6519999999999999
random,fixed,200,MLP,s034,0.09439999999999997,0.7584,0.5820000000000001
random,fixed,200,MLP,s035,0.08279999999999998,0.3936,0.406
random,fixed,200,MLP,s036,0.004800000000000004,0.0064,0.0040000000000000036
random,fixed,200,MLP,s037,0.11799999999999997,0.4952,0.8260000000000002
random,fixed,200,MLP,s038,0.06120000000000001,0.6104,0.774
random,fixed,200,MLP,s039,0.08199999999999999,0.6664,0.86
random,fixed,200,MLP,s040,0.07879999999999998,0.18080000000000002,0.836
random,fixed,200,MLP,s041,0.07119999999999996,0.20639999999999997,0.5319999999999999
random,fixed,200,MLP,s042,0.0396,0.304,0.302
random,fixed,200,MLP,s043,0.04920000000000001,0.08,0.952
random,fixed,200,MLP,s044,0.1056,0.1616,0.922
random,fixed,200,MLP,s046,0.10400000000000001,0.5191999999999999,0.722
random,fixed,200,MLP,s047,0.0908,0.3432,0.6940000000000001
random,fixed,200,MLP,s048,0.11159999999999999,0.6152,0.932
random,fixed,200,MLP,s049,0.03760000000000001,0.11839999999999999,0.32999999999999996
random,fixed,200,MLP,s050,0.1256,0.6007999999999999,0.772
random,fixed,200,MLP,s051,0.128,0.5952,0.512
random,fixed,200,MLP,s052,0.016400000000000005,0.14079999999999998,0.030000000000000006
random,fixed,200,MLP,s053,0.05919999999999999,0.4944,0.134
random,fixed,200,MLP,s054,0.13440000000000002,0.8495999999999999,0.9280000000000002
random,fixed,200,MLP,s055,0.0548,0.45760000000000006,0.188
random,fixed,200,MLP,s056,0.092,0.7024,0.744
random,fixed,200,MLP,s057,0.1176,0.404,0.5459999999999999
random,balanced,10,k-NN,s002,0.3105994919164833,0.9808,1.0
random,balanced,10,k-NN,s003,0.17502764962165104,1.0,1.0
random,balanced,10,k-NN,s004,0.15161260613246522,0.7864,1.0
random,balanced,10,k-NN,s005,0.1324155972267086,0.6479999999999999,1.0
random,balanced,10,k-NN,s007,0.26696752134334306,0.9416,1.0
random,balanced,10,k-NN,s008,0.229814649334208,0.9168,1.0
random,balanced,10,k-NN,s010,0.15515504614782422,0.8296000000000001,1.0
random,balanced,10,k-NN,s011,0.1859411790152526,1.0,1.0
random,balanced,10,k-NN,s012,0.12887289792333273,0.8704000000000001,1.0
random,balanced,10,k-NN,s013,0.18972843959996816,0.8735999999999999,0.99
random,balanced,10,k-NN,s015,0.21064326728258212,1.0,1.0
random,balanced,10,k-NN,s016,0.17601899791909603,0.7144,1.0
random,balanced,10,k-NN,s017,0.12105175204123156,0.4944,1.0
random,balanced,10,k-NN,s018,0.2272366851865677,0.9800000000000001,0.924
random,balanced,10,k-NN,s019,0.16093866836070309,0.784,1.0
random,balanced,10,k-NN,s020,0.25135089944073724,0.9624,0.9640000000000001
random,balanced,10,k-NN,s021,0.2305104054499211,0.8392,1.0
random,balanced,10,k-NN,s022,0.08402460356555248,0.46320000000000006,0.8859999999999999
random,balanced,10,k-NN,s024,0.1809067938585534,0.636,1.0
random,balanced,10,k-NN,s025,0.20403344344500648,1.0,1.0
random,balanced,10,k-NN,s026,0.24499835628280014,0.8583999999999999,1.0
random,balanced,10,k-NN,s027,0.1353390515518869,0.8055999999999999,1.0
random,balanced,10,k-NN,s028,0.13308421294318795,0.7064,1.0
random,balanced,10,k-NN,s029,0.25722116076283674,0.9847999999999999,1.0
random,balanced,10,k-NN,s030,0.16942598299075604,0.876,1.0
random,balanced,10,k-NN,s031,0.30569354537801285,0.9663999999999999,1.0
random,balanced,10,k-NN,s032,0.3415281866104699,0.9815999999999999,0.99
random,balanced,10,k-NN,s033,0.07657961148643465,0.5032,0.858
random,balanced,10,k-NN,s034,0.254663417568503,0.9448000000000001,1.0
random,balanced,10,k-NN,s035,0.18525147105573128,0.8560000000000001,0.9280000000000002
random,balanced,10,k-NN,s036,0.03905778481597695,0.23359999999999997,1.0
random,balanced,10,k-NN,s037,0.30168529559516905,0.9152000000000001,1.0
random,balanced,10,k-NN,s038,0.1926653757273408,0.876,1.0
random,balanced,10,k-NN,s039,0.20322315201170987,0.9832000000000001,1.0
random,balanced,10,k-NN,s040,0.1429046690028484,0.8440000000000001,0.916
random,balanced,10,k-NN,s041,0.11708676575257382,0.7128,1.0
random,balanced,10,k-NN,s042,0.08285317827976604,0.8583999999999999,0.82
random,balanced,10,k-NN,s043,0.09360566288164637,0.2992,1.0
random,balanced,10,k-NN,s044,0.1438849917650155,0.332,1.0
random,balanced,10,k-NN,s046,0.2400842126586705,0.9231999999999999,1.0
random,balanced,10,k-NN,s047,0.23272069592057898,0.8984,0.9879999999999999
random,balanced,10,k-NN,s048,0.2152422460727716,0.9216,1.0
random,balanced,10,k-NN,s049,0.09992129320325924,0.5424,0.906
random,balanced,10,k-NN,s050,0.2802737023718717,0.9544,0.998
random,balanced,10,k-NN,s051,0.19414394213234462,0.8944000000000001,1.0
random,balanced,10,k-NN,s052,0.05048180187871425,0.6568,0.44800000000000006
random,balanced,10,k-NN,s053,0.12712996628713188,0.8008,0.86
random,balanced,10,k-NN,s054,0.27956749619540544,0.9816,1.0
random,balanced,10,k-NN,s055,0.10880192406689748,0.8103999999999999,1.0
random,balanced,10,k-NN,s056,0.21389821457397243,0.9944,0.9259999999999999
random,balanced,10,k-NN,s057,0.25394355537704855,0.9936,1.0
random,balanced,10,LDA,s002,0.4049142857142858,0.9544,1.0
random,balanced,10,LDA,s003,0.30600000000000005,0.9591999999999998,1.0
random,balanced,10,LDA,s004,0.2892,0.8376000000000001,1.0
random,balanced,10,LDA,s005,0.2890758620689655,0.8968,1.0
random,balanced,10,LDA,s007,0.35901141804788217,0.9007999999999999,1.0
random,balanced,10,LDA,s008,0.3501234200743494,0.8896000000000001,1.0
random,balanced,10,LDA,s010,0.2579182402372714,0.7832000000000001,1.0
random,balanced,10,LDA,s011,0.3052805414551607,0.8328,1.0
random,balanced,10,LDA,s012,0.26210919026328866,0.8768,1.0
random,balanced,10,LDA,s013,0.3076,0.9192,1.0
random,balanced,10,LDA,s015,0.32359493670886075,0.8632,1.0
random,balanced,10,LDA,s016,0.28029707602339177,0.9007999999999999,1.0
random,balanced,10,LDA,s017,0.27564493554327807,0.7576,1.0
random,balanced,10,LDA,s018,0.2968,0.9704,1.0
random,balanced,10,LDA,s019,0.2448,0.7592,1.0
random,balanced,10,LDA,s020,0.3347266540642722,0.9728,1.0
random,balanced,10,LDA,s021,0.32404878048780483,0.8512000000000001,1.0
random,balanced,10,LDA,s022,0.14832974910394267,0.7344,1.0
random,balanced,10,LDA,s024,0.2616187060595419,0.7472,1.0
random,balanced,10,LDA,s025,0.24641524211864363,0.716,1.0
random,balanced,10,LDA,s026,0.3596,0.9112,1.0
random,balanced,10,LDA,s027,0.296541935483871,0.808,1.0
random,balanced,10,LDA,s028,0.23531302701554968,0.8872,1.0
random,balanced,10,LDA,s029,0.248053531598513,0.9192,0.998
random,balanced,10,LDA,s030,0.20040615456437588,0.8648,1.0
random,balanced,10,LDA,s031,0.3517577689243028,0.9728,1.0
random,balanced,10,LDA,s032,0.394,0.9856,1.0
random,balanced,10,LDA,s033,0.13640000000000002,0.8056000000000001,1.0
random,balanced,10,LDA,s034,0.2864,0.9199999999999999,1.0
random,balanced,10,LDA,s035,0.2988,0.8872,1.0
random,balanced,10,LDA,s036,0.2016479294968483,0.9864,1.0
random,balanced,10,LDA,s037,0.3504,0.9303999999999999,1.0
random,balanced,10,LDA,s038,0.30835515695067267,0.9288000000000001,1.0
random,balanced,10,LDA,s039,0.23026964588206825,0.9968,1.0
random,balanced,10,LDA,s040,0.2679347091932458,0.9808,1.0
random,balanced,10,LDA,s041,0.1872,0.9367999999999999,1.0
random,balanced,10,LDA,s042,0.18546174132709067,0.7807999999999999,1.0
random,balanced,10,LDA,s043,0.17860319179158107,0.6359999999999999,1.0
random,balanced,10,LDA,s044,0.2515534790891772,0.9272,1.0
random,balanced,10,LDA,s046,0.30200000000000005,0.9640000000000001,1.0
random,balanced,10,LDA,s047,0.27,0.968,1.0
random,balanced,10,LDA,s048,0.40119999999999995,0.8792,1.0
random,balanced,10,LDA,s049,0.2584,0.992,1.0
random,balanced,10,LDA,s050,0.3980627241416636,0.984,1.0
random,balanced,10,LDA,s051,0.31198032786885244,0.9136,1.0
random,balanced,10,LDA,s052,0.12550631787672745,0.6256,1.0
random,balanced,10,LDA,s053,0.24936541353383457,0.8224,1.0
random,balanced,10,LDA,s054,0.36982857142857145,0.9495999999999999,1.0
random,balanced,10,LDA,s055,0.30915246800537277,0.6792,1.0
random,balanced,10,LDA,s056,0.2919672915100517,0.9288000000000001,1.0
random,balanced,10,LDA,s057,0.31165643514384433,0.852,1.0
random,balanced,10,Threshold,s002,0.2576,0.884,0.616
random,balanced,10,Threshold,s003,0.20799999999999996,0.8816,0.504
random,balanced,10,Threshold,s004,0.1456,0.7312000000000001,0.546
random,balanced,10,Threshold,s005,0.08319999999999998,0.9488,0.192
random,balanced,10,Threshold,s007,0.176,0.8151999999999999,0.6359999999999999
random,balanced,10,Threshold,s008,0.1816,0.7375999999999999,0.52
random,balanced,10,Threshold,s010,0.09240000000000001,0.5376,0.17400000000000002
random,balanced,10,Threshold,s011,0.1792,0.7392000000000001,0.518
random,balanced,10,Threshold,s012,0.162,0.8799999999999999,0.38
random,balanced,10,Threshold,s013,0.1336,0.6783999999999999,0.32599999999999996
random,balanced,10,Threshold,s015,0.1736,0.8256,0.74
random,balanced,10,Threshold,s016,0.11679999999999999,0.8904,0.316
random,balanced,10,Threshold,s017,0.05800000000000003,0.43360000000000004,0.13399999999999998
random,balanced,10,Threshold,s018,0.27240000000000003,0.9207999999999998,0.6359999999999999
random,balanced,10,Threshold,s019,0.0988,0.8855999999999999,0.152
random,balanced,10,Threshold,s020,0.27,0.9623999999999999,0.8019999999999999
random,balanced,10,Threshold,s021,0.17440000000000003,0.9400000000000001,0.384
random,balanced,10,Threshold,s022,0.06799999999999999,0.8815999999999999,0.168
random,balanced,10,Threshold,s024,0.07919999999999998,0.47759999999999997,0.21800000000000003
random,balanced,10,Threshold,s025,0.11839999999999999,0.9056000000000001,0.184
random,balanced,10,Threshold,s026,0.15839999999999999,0.808,0.36999999999999994
random,balanced,10,Threshold,s027,0.142,0.8911999999999999,0.292
random,balanced,10,Threshold,s028,0.06039999999999999,0.532,0.20800000000000002
random,balanced,10,Threshold,s029,0.136,0.7367999999999999,0.30200000000000005
random,balanced,10,Threshold,s030,0.1652,0.9911999999999999,0.33799999999999997
random,balanced,10,Threshold,s031,0.22519999999999998,0.9776,0.65
random,balanced,10,Threshold,s032,0.29800000000000004,0.9544,0.8159999999999998
random,balanced,10,Threshold,s033,0.1416,0.9559999999999998,0.372
random,balanced,10,Threshold,s034,0.20519999999999997,0.9184000000000001,0.5820000000000001
random,balanced,10,Threshold,s035,0.2116,0.9495999999999999,0.51
random,balanced,10,Threshold,s036,0.03800000000000003,0.2696,0.06600000000000002
random,balanced,10,Threshold,s037,0.2048,0.8792,0.6620000000000001
random,balanced,10,Threshold,s038,0.1668,0.9560000000000001,0.32999999999999996
random,balanced,10,Threshold,s039,0.124,0.9583999999999999,0.21200000000000002
random,balanced,10,Threshold,s040,0.18600000000000003,0.9592,0.434
random,balanced,10,Threshold,s041,0.21199999999999997,0.9583999999999999,0.46799999999999997
random,balanced,10,Threshold,s042,0.07999999999999999,0.9024000000000001,0.13799999999999998
random,balanced,10,Threshold,s043,0.045200000000000004,0.5311999999999999,0.11800000000000002
random,balanced,10,Threshold,s044,0.11720000000000001,0.9743999999999999,0.266
random,balanced,10,Threshold,s046,0.2312,0.9640000000000001,0.602
random,balanced,10,Threshold,s047,0.2628,0.9663999999999999,0.6460000000000001
random,balanced,10,Threshold,s048,0.14720000000000003,0.7368,0.328
random,balanced,10,Threshold,s049,0.1432,0.9888,0.304
random,balanced,10,Threshold,s050,0.2104,0.8904,0.556
random,balanced,10,Threshold,s051,0.19360000000000002,0.7615999999999998,0.78
random,balanced,10,Threshold,s052,0.0712,0.8096,0.092
random,balanced,10,Threshold,s053,0.10800000000000001,0.6624000000000001,0.248
random,balanced,10,Threshold,s054,0.1416,0.9423999999999999,0.522
random,balanced,10,Threshold,s055,0.05560000000000002,0.5104,0.08599999999999997
random,balanced,10,Threshold,s056,0.176,0.892,0.502
random,balanced,10,Threshold,s057,0.23079999999999998,0.7872,0.704
random,balanced,10,Linear SVM,s002,0.3136,0.9023999999999999,0.99
random,balanced,10,Linear SVM,s003,0.128,0.6896,0.752
random,balanced,10,Linear SVM,s004,0.1508,0.6863999999999999,0.9620000000000001
random,balanced,10,Linear SVM,s005,0.15920000000000004,0.396,0.992
random,balanced,10,Linear SVM,s007,0.22560000000000002,0.7240000000000001,0.95
random,balanced,10,Linear SVM,s008,0.2028,0.784,0.984
random,balanced,10,Linear SVM,s010,0.1004,0.528,0.79
random,balanced,10,Linear SVM,s011,0.1316,0.5096,0.7959999999999999
random,balanced,10,Linear SVM,s012,0.06999999999999998,0.28640000000000004,0.688
random,balanced,10,Linear SVM,s013,0.13,0.6296,0.702
random,balanced,10,Linear SVM,s015,0.1688,0.8608,0.8459999999999999
random,balanced,10,Linear SVM,s016,0.17600000000000002,0.5247999999999999,0.962
random,balanced,10,Linear SVM,s017,0.096,0.3064,0.63
random,balanced,10,Linear SVM,s018,0.1936,0.9208000000000001,0.808
random,balanced,10,Linear SVM,s019,0.1152,0.3344,0.982
random,balanced,10,Linear SVM,s020,0.1988,0.9136000000000001,0.8720000000000001
random,balanced,10,Linear SVM,s021,0.15240000000000004,0.744,0.9359999999999999
random,balanced,10,Linear SVM,s022,0.0496,0.055999999999999994,0.826
random,balanced,10,Linear SVM,s024,0.11080000000000001,0.2976,0.906
random,balanced,10,Linear SVM,s025,0.0764,0.3592,0.9540000000000001
random,balanced,10,Linear SVM,s026,0.28759999999999997,0.7576,0.992
random,balanced,10,Linear SVM,s027,0.11680000000000001,0.5367999999999999,0.858
random,balanced,10,Linear SVM,s028,0.09239999999999997,0.5975999999999999,0.7300000000000001
random,balanced,10,Linear SVM,s029,0.156,0.8559999999999999,0.8880000000000001
random,balanced,10,Linear SVM,s030,0.1436,0.6056,0.962
random,balanced,10,Linear SVM,s031,0.2792,0.7744,0.9799999999999999
random,balanced,10,Linear SVM,s032,0.3032,0.9496,0.99
random,balanced,10,Linear SVM,s033,0.0536,0.23359999999999997,0.698
random,balanced,10,Linear SVM,s034,0.1716,0.8648,0.734
random,balanced,10,Linear SVM,s035,0.1572,0.8128,0.7979999999999999
random,balanced,10,Linear SVM,s036,0.009600000000000001,0.011200000000000002,0.134
random,balanced,10,Linear SVM,s037,0.258,0.8896000000000001,0.9899999999999999
random,balanced,10,Linear SVM,s038,0.13199999999999998,0.9336,0.9099999999999999
random,balanced,10,Linear SVM,s039,0.1652,0.9975999999999999,0.982
random,balanced,10,Linear SVM,s040,0.1156,0.276,0.9239999999999998
random,balanced,10,Linear SVM,s041,0.08359999999999998,0.46399999999999997,0.66
random,balanced,10,Linear SVM,s042,0.0708,0.6768,0.65
random,balanced,10,Linear SVM,s043,0.0536,0.0728,0.9640000000000001
random,balanced,10,Linear SVM,s044,0.1256,0.3008,0.9720000000000001
random,balanced,10,Linear SVM,s046,0.19960000000000003,0.8208,0.9019999999999999
random,balanced,10,Linear SVM,s047,0.1488,0.6352,0.966
random,balanced,10,Linear SVM,s048,0.1832,0.7696000000000001,0.884
random,balanced,10,Linear SVM,s049,0.0796,0.3952,0.614
random,balanced,10,Linear SVM,s050,0.242,0.9384,0.99
random,balanced,10,Linear SVM,s051,0.14479999999999998,0.6872,0.588
random,balanced,10,Linear SVM,s052,0.02280000000000001,0.34080000000000005,0.238
random,balanced,10,Linear SVM,s053,0.06559999999999999,0.5152,0.27599999999999997
random,balanced,10,Linear SVM,s054,0.25599999999999995,0.8960000000000001,0.9879999999999999
random,balanced,10,Linear SVM,s055,0.08,0.3776,0.422
random,balanced,10,Linear SVM,s056,0.1708,0.8664,0.898
random,balanced,10,Linear SVM,s057,0.1576,0.7088000000000001,0.8919999999999998
random,balanced,10,MLP,s002,0.40800000000000003,0.8695999999999998,0.992
random,balanced,10,MLP,s003,0.2304,0.9064,0.796
random,balanced,10,MLP,s004,0.2972,0.8855999999999999,0.9879999999999999
random,balanced,10,MLP,s005,0.2004,0.7687999999999999,0.7859999999999999
random,balanced,10,MLP,s007,0.37559999999999993,0.8528,0.994
random,balanced,10,MLP,s008,0.28959999999999997,0.788,0.97
random,balanced,10,MLP,s010,0.17279999999999998,0.7248,0.798
random,balanced,10,MLP,s011,0.1972,0.9192,0.8160000000000001
random,balanced,10,MLP,s012,0.33599999999999997,0.9743999999999999,0.966
random,balanced,10,MLP,s013,0.45039999999999997,0.8904,0.998
random,balanced,10,MLP,s015,0.22599999999999998,0.9568,0.8099999999999999
random,balanced,10,MLP,s016,0.308,0.8488,0.97
random,balanced,10,MLP,s017,0.1636,0.5816,0.7459999999999999
random,balanced,10,MLP,s018,0.5064,0.968,0.9940000000000001
random,balanced,10,MLP,s019,0.27599999999999997,0.6424000000000001,0.9800000000000001
random,balanced,10,MLP,s020,0.29400000000000004,0.9576,0.9880000000000001
random,balanced,10,MLP,s021,0.36760000000000004,0.9296,0.984
random,balanced,10,MLP,s022,0.0888,0.36239999999999994,0.9359999999999999
random,balanced,10,MLP,s024,0.21439999999999998,0.6688,0.968
random,balanced,10,MLP,s025,0.26199999999999996,0.8928,0.992
random,balanced,10,MLP,s026,0.29399999999999993,0.8904,0.9860000000000001
random,balanced,10,MLP,s027,0.2712,0.8959999999999999,0.8640000000000001
random,balanced,10,MLP,s028,0.1968,0.8712,0.8859999999999999
random,balanced,10,MLP,s029,0.2848,0.8991999999999999,0.982
random,balanced,10,MLP,s030,0.2792,0.8008,0.9640000000000001
random,balanced,10,MLP,s031,0.35879999999999995,0.8512000000000001,0.992
random,balanced,10,MLP,s032,0.4704,0.9504000000000001,0.968
random,balanced,10,MLP,s033,0.1824,0.6456,0.866
random,balanced,10,MLP,s034,0.40519999999999995,0.9640000000000001,0.982
random,balanced,10,MLP,s035,0.2552,0.7512000000000001,0.9880000000000001
random,balanced,10,MLP,s036,0.03640000000000001,0.22959999999999997,0.166
random,balanced,10,MLP,s037,0.3452,0.8728,0.9800000000000001
random,balanced,10,MLP,s038,0.1356,0.8416,0.6799999999999999
random,balanced,10,MLP,s039,0.32599999999999996,0.9512,0.9199999999999999
random,balanced,10,MLP,s040,0.1936,0.7208,0.8460000000000001
random,balanced,10,MLP,s041,0.2564,0.9751999999999998,0.9
random,balanced,10,MLP,s042,0.2744,0.7248000000000001,0.9199999999999999
random,balanced,10,MLP,s043,0.08880000000000002,0.36079999999999995,0.9620000000000001
random,balanced,10,MLP,s044,0.18719999999999998,0.6624000000000001,0.958
random,balanced,10,MLP,s046,0.324,0.9119999999999999,0.974
random,balanced,10,MLP,s047,0.3584,0.9783999999999999,0.968
random,balanced,10,MLP,s048,0.3664,0.9232000000000001,0.976
random,balanced,10,MLP,s049,0.1628,0.9064,0.766
random,balanced,10,MLP,s050,0.392,0.9176,0.994
random,balanced,10,MLP,s051,0.27040000000000003,0.8055999999999999,0.9019999999999999
random,balanced,10,MLP,s052,0.12400000000000003,0.692,0.6300000000000001
random,balanced,10,MLP,s053,0.2024,0.8311999999999999,0.6439999999999999
random,balanced,10,MLP,s054,0.3627999999999999,0.9800000000000001,0.9960000000000001
random,balanced,10,MLP,s055,0.1932,0.6904,0.6980000000000001
random,balanced,10,MLP,s056,0.44399999999999995,0.9431999999999998,0.998
random,balanced,10,MLP,s057,0.23879999999999998,0.8368,0.9259999999999999
random,balanced,50,k-NN,s002,0.16291250101123403,0.7248,1.0
random,balanced,50,k-NN,s003,0.10187593652009701,0.752,1.0
random,balanced,50,k-NN,s004,0.10347501986122687,0.6752,0.852
random,balanced,50,k-NN,s005,0.07333829295286887,0.45280000000000004,1.0
random,balanced,50,k-NN,s007,0.14606168903311922,0.7615999999999999,1.0
random,balanced,50,k-NN,s008,0.14316756510872453,0.656,1.0
random,balanced,50,k-NN,s010,0.07897805883658889,0.5224,0.826
random,balanced,50,k-NN,s011,0.0958064826528976,0.8775999999999999,0.868
random,balanced,50,k-NN,s012,0.06541087801087801,0.8320000000000001,1.0
random,balanced,50,k-NN,s013,0.10712478538019969,0.7976,1.0
random,balanced,50,k-NN,s015,0.13513969557738398,0.7744,0.9099999999999999
random,balanced,50,k-NN,s016,0.07962229806222579,0.4288,1.0
random,balanced,50,k-NN,s017,0.08061223025536503,0.5791999999999999,1.0
random,balanced,50,k-NN,s018,0.1344944461659387,0.8752000000000001,0.898
random,balanced,50,k-NN,s019,0.06363405922280459,0.4408,1.0
random,balanced,50,k-NN,s020,0.13466797569302374,0.9071999999999999,1.0
random,balanced,50,k-NN,s021,0.1336111137099869,0.7728,1.0
random,balanced,50,k-NN,s022,0.04927106356012057,0.064,1.0
random,balanced,50,k-NN,s024,0.08497307026652823,0.44320000000000004,1.0
random,balanced,50,k-NN,s025,0.06789097363083166,0.6767999999999998,1.0
random,balanced,50,k-NN,s026,0.19183127968346156,0.6215999999999999,1.0
random,balanced,50,k-NN,s027,0.08368855605301764,0.6224,1.0
random,balanced,50,k-NN,s028,0.08784253444988124,0.4640000000000001,1.0
random,balanced,50,k-NN,s029,0.13399194683375232,0.8704000000000001,1.0
random,balanced,50,k-NN,s030,0.11892499524619696,0.9352,1.0
random,balanced,50,k-NN,s031,0.1937639087823338,0.7736000000000001,1.0
random,balanced,50,k-NN,s032,0.23098466146370264,0.9648,1.0
random,balanced,50,k-NN,s033,0.0617854584639024,0.3088,1.0
random,balanced,50,k-NN,s034,0.12550851923490222,0.9199999999999999,0.882
random,balanced,50,k-NN,s035,0.10890078406864523,0.5943999999999999,0.884
random,balanced,50,k-NN,s036,0.019721694257653136,0.21600000000000003,0.8019999999999999
random,balanced,50,k-NN,s037,0.13376219050446658,0.7864,1.0
random,balanced,50,k-NN,s038,0.08826698121422383,0.8144,1.0
random,balanced,50,k-NN,s039,0.11988156318809198,0.7432000000000001,1.0
random,balanced,50,k-NN,s040,0.06282459061500592,0.5208,0.8400000000000001
random,balanced,50,k-NN,s041,0.08792007378141747,0.6856,0.8779999999999999
random,balanced,50,k-NN,s042,0.06235416893009332,0.6984,0.812
random,balanced,50,k-NN,s043,0.04165355391541525,0.28159999999999996,1.0
random,balanced,50,k-NN,s044,0.0887037346102508,0.2464,1.0
random,balanced,50,k-NN,s046,0.1510807544960612,0.7504000000000002,1.0
random,balanced,50,k-NN,s047,0.0973386521656914,0.8719999999999999,0.752
random,balanced,50,k-NN,s048,0.13856725500491404,0.796,1.0
random,balanced,50,k-NN,s049,0.07213031228557691,0.47520000000000007,1.0
random,balanced,50,k-NN,s050,0.16433989377189512,0.768,1.0
random,balanced,50,k-NN,s051,0.10150099316172356,0.5928000000000001,1.0
random,balanced,50,k-NN,s052,0.014993778330044621,0.42800000000000005,0.41200000000000003
random,balanced,50,k-NN,s053,0.05705301294620022,0.8384,0.678
random,balanced,50,k-NN,s054,0.15005354536874052,1.0,1.0
random,balanced,50,k-NN,s055,0.054434051201876096,0.6856,1.0
random,balanced,50,k-NN,s056,0.137518417425528,0.7648,0.8879999999999999
random,balanced,50,k-NN,s057,0.13940723139296995,0.4848,1.0
random,balanced,50,LDA,s002,0.21600000000000003,0.8392,0.986
random,balanced,50,LDA,s003,0.08880000000000002,0.46240000000000003,0.666
random,balanced,50,LDA,s004,0.09119999999999998,0.6384000000000001,0.736
random,balanced,50,LDA,s005,0.13,0.5176,0.976
random,balanced,50,LDA,s007,0.1612,0.46799999999999997,0.8859999999999999
random,balanced,50,LDA,s008,0.17959999999999998,0.6376000000000001,0.946
random,balanced,50,LDA,s010,0.09,0.3328,0.908
random,balanced,50,LDA,s011,0.1008,0.5392,0.752
random,balanced,50,LDA,s012,0.07520000000000002,0.4128,0.764
random,balanced,50,LDA,s013,0.09639999999999997,0.548,0.788
random,balanced,50,LDA,s015,0.16720000000000004,0.8272,0.852
random,balanced,50,LDA,s016,0.09119999999999999,0.2968,0.806
random,balanced,50,LDA,s017,0.1204,0.4152,0.9879999999999999
random,balanced,50,LDA,s018,0.12520000000000003,0.7632000000000001,0.76
random,balanced,50,LDA,s019,0.0816,0.5976,0.826
random,balanced,50,LDA,s020,0.1428,0.6192,0.8480000000000001
random,balanced,50,LDA,s021,0.1264,0.6119999999999999,0.874
random,balanced,50,LDA,s022,0.03280000000000001,0.24320000000000003,0.8019999999999999
random,balanced,50,LDA,s024,0.06759999999999998,0.3824,0.852
random,balanced,50,LDA,s025,0.06359999999999999,0.2688,0.796
random,balanced,50,LDA,s026,0.1888,0.5536,0.968
random,balanced,50,LDA,s027,0.082,0.4968,0.624
random,balanced,50,LDA,s028,0.07199999999999998,0.5608,0.6
random,balanced,50,LDA,s029,0.10799999999999998,0.5744,0.874
random,balanced,50,LDA,s030,0.076,0.6952,0.6620000000000001
random,balanced,50,LDA,s031,0.2088,0.9023999999999999,0.916
random,balanced,50,LDA,s032,0.20800000000000002,0.9456,0.9640000000000001
random,balanced,50,LDA,s033,0.0268,0.0536,0.2799999999999999
random,balanced,50,LDA,s034,0.10639999999999998,0.7968,0.734
random,balanced,50,LDA,s035,0.0828,0.36480000000000007,0.41
random,balanced,50,LDA,s036,0.02520000000000001,0.21600000000000003,0.346
random,balanced,50,LDA,s037,0.14320000000000002,0.6136,0.974
random,balanced,50,LDA,s038,0.07919999999999999,0.7224,0.876
random,balanced,50,LDA,s039,0.07600000000000001,0.564,0.5299999999999999
random,balanced,50,LDA,s040,0.064,0.4032,0.734
random,balanced,50,LDA,s041,0.04640000000000001,0.27359999999999995,0.308
random,balanced,50,LDA,s042,0.05760000000000002,0.6032,0.612
random,balanced,50,LDA,s043,0.032000000000000015,0.2528,0.586
random,balanced,50,LDA,s044,0.10919999999999999,0.6136,0.9360000000000002
random,balanced,50,LDA,s046,0.1224,0.7312000000000001,0.776
random,balanced,50,LDA,s047,0.08720000000000001,0.6952,0.7979999999999999
random,balanced,50,LDA,s048,0.14920000000000003,0.7424,0.93
random,balanced,50,LDA,s049,0.062,0.8311999999999999,0.49799999999999994
random,balanced,50,LDA,s050,0.1468,0.764,0.9399999999999998
random,balanced,50,LDA,s051,0.1316,0.5888,0.7940000000000002
random,balanced,50,LDA,s052,0.018000000000000013,0.26639999999999997,0.06999999999999999
random,balanced,50,LDA,s053,0.05400000000000001,0.47440000000000004,0.576
random,balanced,50,LDA,s054,0.1592,0.9336,0.95
random,balanced,50,LDA,s055,0.059199999999999996,0.2496,0.624
random,balanced,50,LDA,s056,0.09839999999999997,0.5336000000000001,0.6819999999999999
random,balanced,50,LDA,s057,0.1224,0.572,0.708
random,balanced,50,Threshold,s002,0.22479999999999997,0.9048,0.558
random,balanced,50,Threshold,s003,0.194,0.7688,0.504
random,balanced,50,Threshold,s004,0.11639999999999999,0.7688,0.442
random,balanced,50,Threshold,s005,0.07799999999999999,0.9568000000000001,0.156
random,balanced,50,Threshold,s007,0.164,0.7216,0.6199999999999999
random,balanced,50,Threshold,s008,0.164,0.6639999999999999,0.49000000000000005
random,balanced,50,Threshold,s010,0.08159999999999998,0.4648,0.13399999999999998
random,balanced,50,Threshold,s011,0.15560000000000002,0.7392000000000001,0.46399999999999997
random,balanced,50,Threshold,s012,0.1172,0.8248000000000001,0.338
random,balanced,50,Threshold,s013,0.11960000000000001,0.6872,0.3
random,balanced,50,Threshold,s015,0.1932,0.78,0.72
random,balanced,50,Threshold,s016,0.08159999999999999,0.8736,0.22400000000000003
random,balanced,50,Threshold,s017,0.04640000000000001,0.3376,0.098
random,balanced,50,Threshold,s018,0.242,0.9144,0.668
random,balanced,50,Threshold,s019,0.09399999999999997,0.9408000000000001,0.134
random,balanced,50,Threshold,s020,0.2652,0.9527999999999999,0.776
random,balanced,50,Threshold,s021,0.1544,0.9288000000000001,0.378
random,balanced,50,Threshold,s022,0.05600000000000001,0.5984,0.12
random,balanced,50,Threshold,s024,0.06720000000000001,0.42800000000000005,0.16599999999999998
random,balanced,50,Threshold,s025,0.08319999999999998,0.8911999999999999,0.144
random,balanced,50,Threshold,s026,0.10400000000000001,0.6776,0.258
random,balanced,50,Threshold,s027,0.12600000000000003,0.7991999999999999,0.21200000000000002
random,balanced,50,Threshold,s028,0.0528,0.3136,0.21399999999999997
random,balanced,50,Threshold,s029,0.1176,0.7360000000000001,0.274
random,balanced,50,Threshold,s030,0.1376,0.9896,0.278
random,balanced,50,Threshold,s031,0.22999999999999998,0.9423999999999999,0.6559999999999999
random,balanced,50,Threshold,s032,0.2992,0.9416,0.874
random,balanced,50,Threshold,s033,0.11279999999999998,0.9416,0.32
random,balanced,50,Threshold,s034,0.19,0.9016,0.6039999999999999
random,balanced,50,Threshold,s035,0.1768,0.8768,0.43599999999999994
random,balanced,50,Threshold,s036,0.03920000000000001,0.12079999999999999,0.05800000000000001
random,balanced,50,Threshold,s037,0.19160000000000002,0.8720000000000001,0.6299999999999999
random,balanced,50,Threshold,s038,0.14920000000000003,0.9143999999999999,0.278
random,balanced,50,Threshold,s039,0.09679999999999998,0.9488,0.17
random,balanced,50,Threshold,s040,0.1628,0.9655999999999999,0.398
random,balanced,50,Threshold,s041,0.1672,0.9023999999999999,0.47400000000000003
random,balanced,50,Threshold,s042,0.06959999999999998,0.8815999999999999,0.09999999999999998
random,balanced,50,Threshold,s043,0.039999999999999994,0.45039999999999997,0.12799999999999997
random,balanced,50,Threshold,s044,0.08799999999999997,0.9136,0.25200000000000006
random,balanced,50,Threshold,s046,0.21799999999999997,0.9751999999999998,0.5399999999999999
random,balanced,50,Threshold,s047,0.2312,0.9463999999999999,0.5980000000000001
random,balanced,50,Threshold,s048,0.1272,0.7256,0.312
random,balanced,50,Threshold,s049,0.138,0.9952,0.31
random,balanced,50,Threshold,s050,0.19679999999999995,0.836,0.534
random,balanced,50,Threshold,s051,0.18639999999999998,0.7744,0.7540000000000001
random,balanced,50,Threshold,s052,0.04640000000000001,0.6288,0.07399999999999998
random,balanced,50,Threshold,s053,0.10119999999999998,0.692,0.21399999999999997
random,balanced,50,Threshold,s054,0.1236,0.9495999999999999,0.426
random,balanced,50,Threshold,s055,0.04800000000000004,0.46480000000000005,0.086
random,balanced,50,Threshold,s056,0.15240000000000004,0.8648,0.538
random,balanced,50,Threshold,s057,0.21079999999999996,0.8064,0.8160000000000001
random,balanced,50,Linear SVM,s002,0.1748,0.8560000000000001,0.984
random,balanced,50,Linear SVM,s003,0.09119999999999998,0.4344,0.532
random,balanced,50,Linear SVM,s004,0.09799999999999999,0.7704000000000001,0.552
random,balanced,50,Linear SVM,s005,0.1132,0.45599999999999996,0.9880000000000001
random,balanced,50,Linear SVM,s007,0.1608,0.6448,0.818
random,balanced,50,Linear SVM,s008,0.1436,0.724,0.842
random,balanced,50,Linear SVM,s010,0.07,0.31520000000000004,0.584
random,balanced,50,Linear SVM,s011,0.0928,0.44960000000000006,0.62
random,balanced,50,Linear SVM,s012,0.06040000000000001,0.3928000000000001,0.6799999999999999
random,balanced,50,Linear SVM,s013,0.08719999999999997,0.5928,0.42799999999999994
random,balanced,50,Linear SVM,s015,0.13920000000000002,0.7951999999999999,0.764
random,balanced,50,Linear SVM,s016,0.088,0.22799999999999998,0.818
random,balanced,50,Linear SVM,s017,0.0568,0.2192,0.524
random,balanced,50,Linear SVM,s018,0.1196,0.748,0.6719999999999999
random,balanced,50,Linear SVM,s019,0.06799999999999999,0.4168,0.8479999999999999
random,balanced,50,Linear SVM,s020,0.1368,0.6136,0.9260000000000002
random,balanced,50,Linear SVM,s021,0.128,0.708,0.868
random,balanced,50,Linear SVM,s022,0.0312,0.0752,0.8320000000000001
random,balanced,50,Linear SVM,s024,0.055200000000000006,0.2704,0.932
random,balanced,50,Linear SVM,s025,0.05080000000000001,0.3552,0.8200000000000001
random,balanced,50,Linear SVM,s026,0.18680000000000002,0.5736000000000001,0.9800000000000001
random,balanced,50,Linear SVM,s027,0.05799999999999998,0.492,0.5199999999999999
random,balanced,50,Linear SVM,s028,0.06320000000000002,0.3368,0.576
random,balanced,50,Linear SVM,s029,0.1016,0.5936,0.768
random,balanced,50,Linear SVM,s030,0.07999999999999999,0.5711999999999999,0.6940000000000001
random,balanced,50,Linear SVM,s031,0.1972,0.7968,0.9460000000000001
random,balanced,50,Linear SVM,s032,0.21199999999999997,0.9288000000000001,0.9480000000000001
random,balanced,50,Linear SVM,s033,0.038400000000000004,0.0624,0.548
random,balanced,50,Linear SVM,s034,0.10559999999999999,0.784,0.626
random,balanced,50,Linear SVM,s035,0.06120000000000002,0.4224,0.40599999999999997
random,balanced,50,Linear SVM,s036,0.0112,0.032,0.06400000000000002
random,balanced,50,Linear SVM,s037,0.14440000000000003,0.7647999999999999,0.954
random,balanced,50,Linear SVM,s038,0.06999999999999998,0.8304,0.6719999999999999
random,balanced,50,Linear SVM,s039,0.0684,0.7192,0.67
random,balanced,50,Linear SVM,s040,0.08119999999999998,0.44480000000000003,0.7419999999999999
random,balanced,50,Linear SVM,s041,0.0576,0.31920000000000004,0.48
random,balanced,50,Linear SVM,s042,0.04560000000000002,0.5432,0.5199999999999999
random,balanced,50,Linear SVM,s043,0.029200000000000014,0.24240000000000003,0.45200000000000007
random,balanced,50,Linear SVM,s044,0.094,0.3648,0.9540000000000001
random,balanced,50,Linear SVM,s046,0.10319999999999999,0.8343999999999999,0.744
random,balanced,50,Linear SVM,s047,0.0768,0.716,0.8480000000000001
random,balanced,50,Linear SVM,s048,0.126,0.7192000000000001,0.868
random,balanced,50,Linear SVM,s049,0.05120000000000001,0.324,0.512
random,balanced,50,Linear SVM,s050,0.1584,0.8751999999999999,0.9179999999999999
random,balanced,50,Linear SVM,s051,0.10399999999999998,0.6192,0.692
random,balanced,50,Linear SVM,s052,0.010400000000000003,0.3064,0.016000000000000014
random,balanced,50,Linear SVM,s053,0.03680000000000001,0.37200000000000005,0.11199999999999999
random,balanced,50,Linear SVM,s054,0.124,0.8632,0.932
random,balanced,50,Linear SVM,s055,0.042400000000000014,0.324,0.21600000000000003
random,balanced,50,Linear SVM,s056,0.094,0.74,0.382
random,balanced,50,Linear SVM,s057,0.098,0.44960000000000006,0.6940000000000001
random,balanced,50,MLP,s002,0.2056,0.76,0.958
random,balanced,50,MLP,s003,0.1856,0.8215999999999999,0.664
random,balanced,50,MLP,s004,0.16839999999999997,0.8800000000000001,0.688
random,balanced,50,MLP,s005,0.09959999999999998,0.3448,0.952
random,balanced,50,MLP,s007,0.2112,0.8152000000000001,0.8779999999999999
random,balanced,50,MLP,s008,0.172,0.664,0.8459999999999999
random,balanced,50,MLP,s010,0.12840000000000001,0.6576000000000001,0.5799999999999998
random,balanced,50,MLP,s011,0.14200000000000002,0.6152,0.852
random,balanced,50,MLP,s012,0.1028,0.6255999999999999,0.6619999999999999
random,balanced,50,MLP,s013,0.15960000000000002,0.6607999999999998,0.658
random,balanced,50,MLP,s015,0.16560000000000002,0.8231999999999999,0.65
random,balanced,50,MLP,s016,0.17960000000000004,0.47680000000000006,0.982
random,balanced,50,MLP,s017,0.092,0.404,0.5980000000000001
random,balanced,50,MLP,s018,0.17200000000000001,0.8736,0.776
random,balanced,50,MLP,s019,0.09159999999999999,0.4464,0.788
random,balanced,50,MLP,s020,0.26599999999999996,0.9528000000000001,0.9720000000000001
random,balanced,50,MLP,s021,0.1528,0.8320000000000001,0.796
random,balanced,50,MLP,s022,0.0464,0.0744,0.8939999999999999
random,balanced,50,MLP,s024,0.1112,0.3488,0.9600000000000002
random,balanced,50,MLP,s025,0.0648,0.8343999999999999,0.564
random,balanced,50,MLP,s026,0.1708,0.6752,0.938
random,balanced,50,MLP,s027,0.12479999999999998,0.5088,0.704
random,balanced,50,MLP,s028,0.09400000000000001,0.45599999999999996,0.658
random,balanced,50,MLP,s029,0.1608,0.8311999999999999,0.8200000000000001
random,balanced,50,MLP,s030,0.126,0.548,0.8059999999999998
random,balanced,50,MLP,s031,0.2872,0.8240000000000001,0.982
random,balanced,50,MLP,s032,0.2476,0.9168,0.9380000000000001
random,balanced,50,MLP,s033,0.0884,0.2112,0.718
random,balanced,50,MLP,s034,0.1744,0.8943999999999999,0.6479999999999999
random,balanced,50,MLP,s035,0.1296,0.6224,0.716
random,balanced,50,MLP,s036,0.018800000000000004,0.0656,0.158
random,balanced,50,MLP,s037,0.154,0.8455999999999999,0.8699999999999999
random,balanced,50,MLP,s038,0.07959999999999999,0.7952,0.612
random,balanced,50,MLP,s039,0.09559999999999998,0.8224,0.9359999999999999
random,balanced,50,MLP,s040,0.0944,0.4808,0.74
random,balanced,50,MLP,s041,0.09559999999999999,0.41679999999999995,0.66
random,balanced,50,MLP,s042,0.06480000000000001,0.5944,0.42399999999999993
random,balanced,50,MLP,s043,0.055999999999999994,0.1688,0.7
random,balanced,50,MLP,s044,0.1288,0.376,0.9800000000000001
random,balanced,50,MLP,s046,0.11680000000000001,0.7584,0.858
random,balanced,50,MLP,s047,0.13679999999999998,0.7392000000000001,0.7180000000000001
random,balanced,50,MLP,s048,0.16840000000000002,0.8023999999999999,0.7939999999999999
random,balanced,50,MLP,s049,0.0644,0.11359999999999999,0.6819999999999999
random,balanced,50,MLP,s050,0.20680000000000004,0.8335999999999999,0.9099999999999999
random,balanced,50,MLP,s051,0.1768,0.6392,0.6119999999999999
random,balanced,50,MLP,s052,0.043600000000000014,0.23200000000000004,0.266
random,balanced,50,MLP,s053,0.10999999999999999,0.6592,0.29000000000000004
random,balanced,50,MLP,s054,0.172,0.8392,0.8379999999999999
random,balanced,50,MLP,s055,0.08320000000000001,0.43359999999999993,0.34800000000000003
random,balanced,50,MLP,s056,0.17519999999999997,0.8183999999999999,0.828
random,balanced,50,MLP,s057,0.14800000000000002,0.788,0.664
random,balanced,200,k-NN,s002,0.11252210608181559,0.608,1.0
random,balanced,200,k-NN,s003,0.06715794633642931,0.4224,0.702
random,balanced,200,k-NN,s004,0.06517665592257985,0.46799999999999997,0.8300000000000001
random,balanced,200,k-NN,s005,0.05134388491608621,0.7544,1.0
random,balanced,200,k-NN,s007,0.10447068204634832,0.4,1.0
random,balanced,200,k-NN,s008,0.08884798985828342,0.5519999999999999,1.0
random,balanced,200,k-NN,s010,0.05476343069174654,0.3648,0.8219999999999998
random,balanced,200,k-NN,s011,0.0689849255241877,0.8728,0.5279999999999999
random,balanced,200,k-NN,s012,0.049028002745367213,0.4896,1.0
random,balanced,200,k-NN,s013,0.06961176679071415,0.4640000000000001,0.8400000000000001
random,balanced,200,k-NN,s015,0.09778054601289632,0.58,0.72
random,balanced,200,k-NN,s016,0.043831741022033244,0.1792,1.0
random,balanced,200,k-NN,s017,0.03136247544446064,0.33119999999999994,0.8099999999999999
random,balanced,200,k-NN,s018,0.09201105124297712,0.7936,0.8640000000000001
random,balanced,200,k-NN,s019,0.049164346335549156,0.22159999999999996,0.8280000000000001
random,balanced,200,k-NN,s020,0.08756842000704726,0.8624,1.0
random,balanced,200,k-NN,s021,0.09377798195532748,0.6319999999999999,0.85
random,balanced,200,k-NN,s022,0.02508336323180129,0.4232,1.0
random,balanced,200,k-NN,s024,0.04488754027771757,0.2752,1.0
random,balanced,200,k-NN,s025,0.04724632205401438,0.5256000000000001,1.0
random,balanced,200,k-NN,s026,0.08454414913608603,0.4896000000000001,1.0
random,balanced,200,k-NN,s027,0.04825888667970811,0.45840000000000003,0.812
random,balanced,200,k-NN,s028,0.04485059078493547,0.3104,1.0
random,balanced,200,k-NN,s029,0.09215290620672048,0.7112,1.0
random,balanced,200,k-NN,s030,0.05061664473486349,0.1848,0.646
random,balanced,200,k-NN,s031,0.1173155287801412,0.42000000000000004,0.8859999999999999
random,balanced,200,k-NN,s032,0.15553026554436875,0.8096,1.0
random,balanced,200,k-NN,s033,0.032150383915942625,0.2824,0.636
random,balanced,200,k-NN,s034,0.09056484323115103,0.7608,1.0
random,balanced,200,k-NN,s035,0.04982219228627124,0.4176,0.642
random,balanced,200,k-NN,s036,0.00573662086705565,0.007200000000000001,0.202
random,balanced,200,k-NN,s037,0.09226947142231082,0.3952,1.0
random,balanced,200,k-NN,s038,0.060445855986117326,0.388,1.0
random,balanced,200,k-NN,s039,0.06778263792591614,0.6176,1.0
random,balanced,200,k-NN,s040,0.04734245355703982,0.3144,0.8300000000000001
random,balanced,200,k-NN,s041,0.061826212445805974,0.4928,0.85
random,balanced,200,k-NN,s042,0.04163009349858666,0.5256000000000001,0.44000000000000006
random,balanced,200,k-NN,s043,0.02654752620870434,0.059199999999999996,1.0
random,balanced,200,k-NN,s044,0.04789748976513682,0.36560000000000004,1.0
random,balanced,200,k-NN,s046,0.09892095337669068,0.5744,1.0
random,balanced,200,k-NN,s047,0.0650113978472757,0.3592,0.682
random,balanced,200,k-NN,s048,0.09409165766628484,0.568,1.0
random,balanced,200,k-NN,s049,0.03605518560179978,0.25120000000000003,1.0
random,balanced,200,k-NN,s050,0.10102025221502078,0.5608000000000001,1.0
random,balanced,200,k-NN,s051,0.06691936515245864,0.5943999999999999,0.522
random,balanced,200,k-NN,s052,0.012669198418495176,0.4064,0.404
random,balanced,200,k-NN,s053,0.030409094858907738,0.6632,0.434
random,balanced,200,k-NN,s054,0.09969335414589267,0.924,1.0
random,balanced,200,k-NN,s055,0.0374607548852444,0.6488,0.8019999999999999
random,balanced,200,k-NN,s056,0.08700057963780322,0.6960000000000001,0.8400000000000001
random,balanced,200,k-NN,s057,0.08336831722506137,0.5256000000000001,1.0
random,balanced,200,LDA,s002,0.15320000000000003,0.7184,0.9540000000000001
random,balanced,200,LDA,s003,0.06400000000000003,0.26799999999999996,0.49800000000000005
random,balanced,200,LDA,s004,0.0816,0.4424,0.42600000000000005
random,balanced,200,LDA,s005,0.09079999999999999,0.2008,0.966
random,balanced,200,LDA,s007,0.13440000000000002,0.4896,0.756
random,balanced,200,LDA,s008,0.1396,0.5056,0.9040000000000001
random,balanced,200,LDA,s010,0.0524,0.1776,0.354
random,balanced,200,LDA,s011,0.0684,0.3248,0.526
random,balanced,200,LDA,s012,0.05360000000000002,0.23359999999999997,0.726
random,balanced,200,LDA,s013,0.06639999999999999,0.4272,0.376
random,balanced,200,LDA,s015,0.126,0.6208,0.694
random,balanced,200,LDA,s016,0.062399999999999976,0.13199999999999998,0.5860000000000001
random,balanced,200,LDA,s017,0.05080000000000001,0.2232,0.366
random,balanced,200,LDA,s018,0.09399999999999997,0.6095999999999999,0.41200000000000003
random,balanced,200,LDA,s019,0.054800000000000015,0.4136,0.798
random,balanced,200,LDA,s020,0.11879999999999999,0.5912000000000001,0.8320000000000001
random,balanced,200,LDA,s021,0.10119999999999998,0.3088,0.734
random,balanced,200,LDA,s022,0.026400000000000014,0.046400000000000004,0.446
random,balanced,200,LDA,s024,0.03800000000000002,0.18,0.5680000000000001
random,balanced,200,LDA,s025,0.04280000000000001,0.22399999999999998,0.692
random,balanced,200,LDA,s026,0.148,0.5176000000000001,0.9719999999999999
random,balanced,200,LDA,s027,0.0508,0.2624,0.40800000000000003
random,balanced,200,LDA,s028,0.05080000000000001,0.2072,0.4880000000000001
random,balanced,200,LDA,s029,0.09319999999999998,0.4064,0.724
random,balanced,200,LDA,s030,0.054400000000000025,0.5711999999999999,0.344
random,balanced,200,LDA,s031,0.1628,0.5656,0.8140000000000001
random,balanced,200,LDA,s032,0.20359999999999995,0.9192,0.9179999999999999
random,balanced,200,LDA,s033,0.021600000000000005,0.028800000000000003,0.07400000000000002
random,balanced,200,LDA,s034,0.07879999999999995,0.696,0.462
random,balanced,200,LDA,s035,0.0644,0.252,0.388
random,balanced,200,LDA,s036,0.010800000000000006,0.019200000000000002,0.044
random,balanced,200,LDA,s037,0.1112,0.4136,0.8079999999999998
random,balanced,200,LDA,s038,0.0656,0.6112,0.7080000000000001
random,balanced,200,LDA,s039,0.050800000000000026,0.37279999999999996,0.288
random,balanced,200,LDA,s040,0.03840000000000002,0.12320000000000002,0.454
random,balanced,200,LDA,s041,0.037600000000000015,0.10800000000000001,0.262
random,balanced,200,LDA,s042,0.031200000000000016,0.296,0.136
random,balanced,200,LDA,s043,0.026000000000000013,0.0424,0.306
random,balanced,200,LDA,s044,0.07959999999999999,0.5728,0.8539999999999999
random,balanced,200,LDA,s046,0.10799999999999998,0.5664,0.748
random,balanced,200,LDA,s047,0.07919999999999998,0.3368,0.7859999999999999
random,balanced,200,LDA,s048,0.138,0.6448,0.8859999999999999
random,balanced,200,LDA,s049,0.03800000000000001,0.34240000000000004,0.39
random,balanced,200,LDA,s050,0.10999999999999999,0.6247999999999999,0.966
random,balanced,200,LDA,s051,0.0964,0.5592,0.5960000000000001
random,balanced,200,LDA,s052,0.016800000000000002,0.14320000000000002,0.03799999999999999
random,balanced,200,LDA,s053,0.0412,0.12080000000000002,0.242
random,balanced,200,LDA,s054,0.11239999999999999,0.8144,0.9359999999999999
random,balanced,200,LDA,s055,0.04360000000000001,0.11600000000000002,0.5279999999999999
random,balanced,200,LDA,s056,0.08079999999999998,0.4488,0.368
random,balanced,200,LDA,s057,0.08559999999999998,0.4112,0.6439999999999999
random,balanced,200,Threshold,s002,0.2184,0.868,0.558
random,balanced,200,Threshold,s003,0.18040000000000003,0.7776,0.49000000000000005
random,balanced,200,Threshold,s004,0.11079999999999998,0.704,0.42800000000000005
random,balanced,200,Threshold,s005,0.07439999999999998,0.9488,0.13799999999999998
random,balanced,200,Threshold,s007,0.164,0.6792,0.626
random,balanced,200,Threshold,s008,0.156,0.6672,0.514
random,balanced,200,Threshold,s010,0.07119999999999999,0.4024,0.12599999999999997
random,balanced,200,Threshold,s011,0.1528,0.68,0.49399999999999994
random,balanced,200,Threshold,s012,0.1172,0.7976,0.29800000000000004
random,balanced,200,Threshold,s013,0.12279999999999999,0.6768000000000001,0.306
random,balanced,200,Threshold,s015,0.19679999999999997,0.72,0.6699999999999999
random,balanced,200,Threshold,s016,0.07479999999999999,0.8800000000000001,0.198
random,balanced,200,Threshold,s017,0.04000000000000002,0.31599999999999995,0.096
random,balanced,200,Threshold,s018,0.22599999999999998,0.9008,0.62
random,balanced,200,Threshold,s019,0.08079999999999998,0.9448000000000001,0.132
random,balanced,200,Threshold,s020,0.26880000000000004,0.9536,0.8460000000000001
random,balanced,200,Threshold,s021,0.146,0.8904,0.41
random,balanced,200,Threshold,s022,0.0536,0.3992,0.126
random,balanced,200,Threshold,s024,0.0548,0.25440000000000007,0.15600000000000003
random,balanced,200,Threshold,s025,0.08199999999999999,0.7863999999999999,0.144
random,balanced,200,Threshold,s026,0.10159999999999998,0.6984000000000001,0.22799999999999998
random,balanced,200,Threshold,s027,0.11280000000000001,0.8056000000000001,0.196
random,balanced,200,Threshold,s028,0.047599999999999996,0.17279999999999998,0.22200000000000006
random,balanced,200,Threshold,s029,0.118,0.72,0.244
random,balanced,200,Threshold,s030,0.1312,0.9911999999999999,0.26199999999999996
random,balanced,200,Threshold,s031,0.2224,0.8976,0.6699999999999999
random,balanced,200,Threshold,s032,0.3036,0.9288000000000001,0.882
random,balanced,200,Threshold,s033,0.10879999999999998,0.8943999999999999,0.296
random,balanced,200,Threshold,s034,0.1964,0.8943999999999999,0.662
random,balanced,200,Threshold,s035,0.164,0.8448,0.398
random,balanced,200,Threshold,s036,0.03480000000000002,0.1152,0.050000000000000024
random,balanced,200,Threshold,s037,0.1876,0.8472,0.6679999999999999
random,balanced,200,Threshold,s038,0.14600000000000002,0.8912000000000001,0.262
random,balanced,200,Threshold,s039,0.09319999999999999,0.8055999999999999,0.17000000000000004
random,balanced,200,Threshold,s040,0.1708,0.9480000000000001,0.384
random,balanced,200,Threshold,s041,0.14999999999999997,0.8832000000000001,0.44000000000000006
random,balanced,200,Threshold,s042,0.06600000000000002,0.8215999999999999,0.094
random,balanced,200,Threshold,s043,0.03320000000000001,0.3992,0.08800000000000001
random,balanced,200,Threshold,s044,0.08959999999999999,0.9087999999999999,0.262
random,balanced,200,Threshold,s046,0.22039999999999998,0.9256,0.55
random,balanced,200,Threshold,s047,0.22039999999999998,0.9376000000000001,0.6359999999999999
random,balanced,200,Threshold,s048,0.132,0.7152000000000001,0.38
random,balanced,200,Threshold,s049,0.1256,0.9432,0.27599999999999997
random,balanced,200,Threshold,s050,0.17040000000000002,0.7576,0.5119999999999999
random,balanced,200,Threshold,s051,0.1836,0.7896,0.758
random,balanced,200,Threshold,s052,0.04680000000000003,0.4824,0.06399999999999999
random,balanced,200,Threshold,s053,0.09879999999999997,0.7032,0.202
random,balanced,200,Threshold,s054,0.126,0.9352,0.4800000000000001
random,balanced,200,Threshold,s055,0.05320000000000001,0.4112,0.086
random,balanced,200,Threshold,s056,0.16040000000000001,0.8528,0.538
random,balanced,200,Threshold,s057,0.21200000000000002,0.788,0.8640000000000001
random,balanced,200,Linear SVM,s002,0.1356,0.8295999999999999,0.9719999999999999
random,balanced,200,Linear SVM,s003,0.06639999999999999,0.236,0.446
random,balanced,200,Linear SVM,s004,0.076,0.4848,0.4619999999999999
random,balanced,200,Linear SVM,s005,0.09079999999999998,0.22000000000000003,0.9400000000000001
random,balanced,200,Linear SVM,s007,0.13,0.6312,0.78
random,balanced,200,Linear SVM,s008,0.11039999999999998,0.7392000000000001,0.8240000000000001
random,balanced,200,Linear SVM,s010,0.0464,0.2056,0.256
random,balanced,200,Linear SVM,s011,0.06080000000000002,0.30879999999999996,0.4699999999999999
random,balanced,200,Linear SVM,s012,0.0536,0.25040000000000007,0.5619999999999999
random,balanced,200,Linear SVM,s013,0.064,0.3176,0.22400000000000003
random,balanced,200,Linear SVM,s015,0.1132,0.5952,0.612
random,balanced,200,Linear SVM,s016,0.0616,0.3008,0.628
random,balanced,200,Linear SVM,s017,0.030400000000000003,0.1328,0.198
random,balanced,200,Linear SVM,s018,0.09079999999999996,0.6344000000000001,0.41
random,balanced,200,Linear SVM,s019,0.05240000000000002,0.5408,0.8240000000000001
random,balanced,200,Linear SVM,s020,0.1112,0.6896000000000001,0.8379999999999999
random,balanced,200,Linear SVM,s021,0.0964,0.33199999999999996,0.766
random,balanced,200,Linear SVM,s022,0.0216,0.029599999999999998,0.49399999999999994
random,balanced,200,Linear SVM,s024,0.038800000000000015,0.11039999999999998,0.546
random,balanced,200,Linear SVM,s025,0.03840000000000002,0.22880000000000003,0.664
random,balanced,200,Linear SVM,s026,0.158,0.5495999999999999,0.9560000000000001
random,balanced,200,Linear SVM,s027,0.04880000000000002,0.4048,0.40800000000000003
random,balanced,200,Linear SVM,s028,0.04520000000000001,0.13599999999999998,0.44400000000000006
random,balanced,200,Linear SVM,s029,0.07599999999999998,0.6024,0.524
random,balanced,200,Linear SVM,s030,0.05399999999999999,0.4056,0.422
random,balanced,200,Linear SVM,s031,0.16760000000000003,0.5392,0.8640000000000001
random,balanced,200,Linear SVM,s032,0.20399999999999996,0.9463999999999999,0.9099999999999999
random,balanced,200,Linear SVM,s033,0.02520000000000001,0.0368,0.186
random,balanced,200,Linear SVM,s034,0.07239999999999996,0.6648,0.418
random,balanced,200,Linear SVM,s035,0.04680000000000001,0.28800000000000003,0.21799999999999997
random,balanced,200,Linear SVM,s036,0.0056,0.0056,0.0040000000000000036
random,balanced,200,Linear SVM,s037,0.10559999999999999,0.476,0.756
random,balanced,200,Linear SVM,s038,0.057600000000000005,0.6432,0.7300000000000001
random,balanced,200,Linear SVM,s039,0.04280000000000001,0.32080000000000003,0.332
random,balanced,200,Linear SVM,s040,0.049600000000000005,0.1392,0.43200000000000005
random,balanced,200,Linear SVM,s041,0.044000000000000004,0.08080000000000001,0.27999999999999997
random,balanced,200,Linear SVM,s042,0.02720000000000001,0.3288,0.11000000000000003
random,balanced,200,Linear SVM,s043,0.021200000000000014,0.0392,0.304
random,balanced,200,Linear SVM,s044,0.06799999999999999,0.3976,0.78
random,balanced,200,Linear SVM,s046,0.1008,0.7135999999999999,0.784
random,balanced,200,Linear SVM,s047,0.07039999999999999,0.32080000000000003,0.786
random,balanced,200,Linear SVM,s048,0.11439999999999999,0.6792,0.8859999999999999
random,balanced,200,Linear SVM,s049,0.04040000000000001,0.36319999999999997,0.32199999999999995
random,balanced,200,Linear SVM,s050,0.10999999999999999,0.6592,0.8939999999999999
random,balanced,200,Linear SVM,s051,0.08359999999999998,0.6103999999999999,0.358
random,balanced,200,Linear SVM,s052,0.010000000000000005,0.21200000000000002,0.01200000000000001
random,balanced,200,Linear SVM,s053,0.026000000000000016,0.276,0.08600000000000001
random,balanced,200,Linear SVM,s054,0.10319999999999999,0.8512000000000001,0.874
random,balanced,200,Linear SVM,s055,0.037200000000000025,0.24080000000000004,0.26
random,balanced,200,Linear SVM,s056,0.07719999999999998,0.588,0.376
random,balanced,200,Linear SVM,s057,0.08839999999999998,0.3256,0.6620000000000001
random,balanced,200,MLP,s002,0.11120000000000001,0.6992,0.8959999999999999
random,balanced,200,MLP,s003,0.10519999999999999,0.47519999999999996,0.576
random,balanced,200,MLP,s004,0.0676,0.5072,0.43800000000000006
random,balanced,200,MLP,s005,0.0752,0.1528,0.812
random,balanced,200,MLP,s007,0.1416,0.5496000000000001,0.586
random,balanced,200,MLP,s008,0.1024,0.4264,0.536
random,balanced,200,MLP,s010,0.084,0.28959999999999997,0.28200000000000003
random,balanced,200,MLP,s011,0.09879999999999999,0.47759999999999997,0.524
random,balanced,200,MLP,s012,0.05440000000000002,0.5256000000000001,0.548
random,balanced,200,MLP,s013,0.096,0.5416,0.34800000000000003
random,balanced,200,MLP,s015,0.10599999999999998,0.7488,0.458
random,balanced,200,MLP,s016,0.08679999999999999,0.1552,0.63
random,balanced,200,MLP,s017,0.04320000000000002,0.2848,0.144
random,balanced,200,MLP,s018,0.09359999999999999,0.6344000000000001,0.272
random,balanced,200,MLP,s019,0.04800000000000004,0.4648,0.594
random,balanced,200,MLP,s020,0.10479999999999998,0.568,0.6799999999999999
random,balanced,200,MLP,s021,0.08879999999999998,0.43759999999999993,0.562
random,balanced,200,MLP,s022,0.037599999999999995,0.0456,0.952
random,balanced,200,MLP,s024,0.0684,0.15919999999999998,0.72
random,balanced,200,MLP,s025,0.048799999999999996,0.5008,0.47000000000000003
random,balanced,200,MLP,s026,0.1076,0.46080000000000004,0.766
random,balanced,200,MLP,s027,0.046400000000000004,0.2832,0.23999999999999994
random,balanced,200,MLP,s028,0.058399999999999994,0.2528,0.5579999999999999
random,balanced,200,MLP,s029,0.1032,0.6984,0.48
random,balanced,200,MLP,s030,0.06320000000000002,0.4072,0.54
random,balanced,200,MLP,s031,0.1248,0.32320000000000004,0.796
random,balanced,200,MLP,s032,0.18239999999999998,0.884,0.694
random,balanced,200,MLP,s033,0.0476,0.096,0.6479999999999999
random,balanced,200,MLP,s034,0.08159999999999999,0.7776000000000001,0.34
random,balanced,200,MLP,s035,0.068,0.42639999999999995,0.242
random,balanced,200,MLP,s036,0.009600000000000001,0.011200000000000002,0.026000000000000002
random,balanced,200,MLP,s037,0.07879999999999998,0.5464,0.534
random,balanced,200,MLP,s038,0.048000000000000015,0.6496,0.406
random,balanced,200,MLP,s039,0.06520000000000001,0.5631999999999999,0.312
random,balanced,200,MLP,s040,0.0652,0.2576,0.6200000000000001
random,balanced,200,MLP,s041,0.0644,0.27280000000000004,0.49400000000000005
random,balanced,200,MLP,s042,0.03800000000000001,0.31520000000000004,0.076
random,balanced,200,MLP,s043,0.043199999999999995,0.055200000000000006,0.866
random,balanced,200,MLP,s044,0.07919999999999999,0.18480000000000002,0.916
random,balanced,200,MLP,s046,0.08479999999999999,0.7152,0.7299999999999999
random,balanced,200,MLP,s047,0.06879999999999999,0.22560000000000002,0.63
random,balanced,200,MLP,s048,0.1052,0.5519999999999999,0.556
random,balanced,200,MLP,s049,0.04240000000000001,0.1072,0.392
random,balanced,200,MLP,s050,0.11199999999999999,0.6384,0.686
random,balanced,200,MLP,s051,0.08799999999999998,0.5344,0.34
random,balanced,200,MLP,s052,0.02240000000000001,0.188,0.03800000000000001
random,balanced,200,MLP,s053,0.05040000000000002,0.312,0.10200000000000001
random,balanced,200,MLP,s054,0.10559999999999999,0.7567999999999999,0.858
random,balanced,200,MLP,s055,0.052800000000000014,0.3352,0.18
random,balanced,200,MLP,s056,0.08959999999999999,0.7584,0.45
random,balanced,200,MLP,s057,0.10359999999999998,0.3944,0.582
