N,classifier,subject,selected_params,tune_ms,fit_ms,bundle_kb,warmup_queries,timed_queries,pre_mean_ms,pre_sd_ms,pre_p50_ms,pre_p95_ms,pre_p99_ms,pre_max_ms,pre_n_queries,model_mean_ms,model_sd_ms,model_p50_ms,model_p95_ms,model_p99_ms,model_max_ms,model_n_queries,e2e_mean_ms,e2e_sd_ms,e2e_p50_ms,e2e_p95_ms,e2e_p99_ms,e2e_max_ms,e2e_n_queries
10,k-NN,s002,"{""k"": 3}",41.78125,0.285416,29.142578125,100,1000,0.083276638,0.0390180653812699,0.065,0.17392115,0.21603499999999998,0.287666,1000,0.26575271199999995,0.14279296516532514,0.2371045,0.5131514499999998,0.6721696699999998,1.545083,1000,0.346278154,0.15989107793743926,0.31395799999999996,0.6426729,0.80507851,1.963417,1000
10,k-NN,s003,"{""k"": 7}",3.486,0.228834,29.142578125,100,1000,0.07957185100000001,0.03724993843425993,0.063917,0.17323509999999998,0.21999065999999995,0.269417,1000,0.25979315,0.14653008121346936,0.229708,0.53103335,0.8305969899999994,1.278917,1000,0.35158607099999994,0.26796185722764876,0.301083,0.6887276999999998,1.0363362499999995,6.59425,1000
10,k-NN,s004,"{""k"": 1}",4.242041,0.265083,29.142578125,100,1000,0.07414535600000001,0.02888904723772606,0.0632915,0.14475415,0.19070073999999998,0.247,1000,0.206450933,0.0878068197342801,0.1496455,0.39163715,0.49341092,0.615125,1000,0.28167384700000003,0.1081233140635528,0.21447850000000002,0.5273393000000001,0.6439002399999999,0.73525,1000
10,k-NN,s005,"{""k"": 5}",4.743458,0.263334,29.142578125,100,1000,0.075376385,0.03162994393495036,0.063375,0.1599729499999999,0.19338417,0.255417,1000,0.214073472,0.09897187713400532,0.15660449999999998,0.42253479999999993,0.575162,0.921542,1000,0.289627914,0.11994487891516077,0.2206455,0.5476702,0.7302742499999999,1.073208,1000
10,k-NN,s007,"{""k"": 3}",4.237,0.255042,29.142578125,100,1000,0.08063454,0.0345560885887705,0.064,0.15955974999999997,0.19123190999999998,0.239833,1000,0.24409649100000003,0.1302703362489417,0.216208,0.47858894999999996,0.6677806599999998,1.504541,1000,0.32446663000000003,0.1558585917646633,0.28125,0.6421312499999999,0.8256879999999999,1.516375,1000
10,k-NN,s008,"{""k"": 5}",5.016458,0.238334,29.142578125,100,1000,0.07506305299999999,0.03132428133782996,0.063625,0.15518269999999998,0.19773690999999996,0.251666,1000,0.21579067,0.09093836009625474,0.15877049999999998,0.41579854999999993,0.5069287499999999,0.620334,1000,0.28919176900000004,0.11145656680974277,0.22399999999999998,0.5371663499999999,0.67280875,0.954667,1000
10,k-NN,s010,"{""k"": 3}",4.00825,0.400458,29.142578125,100,1000,0.07481319400000001,0.027424138982131696,0.0634585,0.13769644999999991,0.18156198999999998,0.218167,1000,0.197710152,0.07628226150971097,0.152146,0.3636788499999999,0.45662550999999996,0.685584,1000,0.270664688,0.09683445994189721,0.2144165,0.48153539999999995,0.61829226,0.992375,1000
10,k-NN,s011,"{""k"": 5}",3.451375,0.222875,29.142578125,100,1000,0.075817914,0.030625329015896888,0.063292,0.1500055999999999,0.19007350999999995,0.2495,1000,0.22988993600000002,0.13907838551161866,0.15739599999999998,0.4509934,0.6559541699999996,2.361708,1000,0.30224593299999997,0.14249474247186325,0.21983350000000002,0.5806773999999997,0.7584146699999998,1.633792,1000
10,k-NN,s012,"{""k"": 1}",3.557791,0.225041,29.142578125,100,1000,0.076165988,0.0311513537966365,0.063542,0.15300624999999998,0.1900855,0.240083,1000,0.218010576,0.10401325589904849,0.15552100000000002,0.4351957999999999,0.5434955099999998,0.784542,1000,0.29688781099999995,0.12849365394832646,0.22864600000000002,0.5826270499999999,0.7068755899999999,0.976166,1000
10,k-NN,s013,"{""k"": 5}",3.399333,0.223792,29.142578125,100,1000,0.07687475,0.03360735081055934,0.063792,0.15871844999999998,0.20626716999999994,0.300542,1000,0.23425927000000002,0.10226644132327098,0.19079200000000002,0.4537410499999999,0.5292494999999999,0.649708,1000,0.30679692399999997,0.12266708344017944,0.2547295,0.5697687499999999,0.72965792,1.15425,1000
10,k-NN,s015,"{""k"": 7}",3.765541,0.225083,29.142578125,100,1000,0.08104636999999999,0.029212356264834982,0.064458,0.1360441,0.17517433999999998,0.239667,1000,0.289784588,0.07933224740230266,0.267625,0.4351271,0.51296009,0.61025,1000,0.37133315699999997,0.10122517726678004,0.3352495,0.5529672999999999,0.62804434,0.786,1000
10,k-NN,s016,"{""k"": 5}",3.405375,0.224833,29.142578125,100,1000,0.070612355,0.023566634017778247,0.06268699999999999,0.11651249999999999,0.17258157999999996,0.205,1000,0.191840229,0.06670807567272884,0.15525,0.32398574999999985,0.43896115999999996,0.520291,1000,0.262577049,0.07958563312029222,0.218146,0.43253125,0.569509,0.631959,1000
10,k-NN,s017,"{""k"": 5}",3.390292,0.222542,29.142578125,100,1000,0.06983911599999999,0.02407412746206191,0.0625625,0.11325625,0.18620884000000001,0.222166,1000,0.185784037,0.06269781591321917,0.1542705,0.32687674999999994,0.40911657999999995,0.505792,1000,0.253750594,0.07645427661918283,0.216625,0.40742704999999996,0.5303825,0.710791,1000
10,k-NN,s018,"{""k"": 5}",3.38125,0.220833,29.142578125,100,1000,0.081422694,0.03518279759343854,0.064833,0.16357289999999994,0.20141791999999997,0.244666,1000,0.250556062,0.12429080081666463,0.2321875,0.4430517499999999,0.5665709999999999,1.817875,1000,0.333812145,0.13890613932404097,0.3081665,0.5878958499999999,0.7319078299999997,1.904666,1000
10,k-NN,s019,"{""k"": 1}",3.643042,0.222,29.142578125,100,1000,0.076106166,0.030522000529597873,0.0637085,0.15180654999999998,0.19084199999999996,0.23175,1000,0.214464979,0.09402472330483674,0.1796245,0.3849558999999998,0.49717283,1.179833,1000,0.289854284,0.1115607865089963,0.2407705,0.51329165,0.63964092,1.030625,1000
10,k-NN,s020,"{""k"": 7}",4.109416,0.236041,29.142578125,100,1000,0.076397145,0.029360204717423618,0.064125,0.15176664999999998,0.18525833,0.221834,1000,0.225783456,0.08334421516666776,0.21450000000000002,0.3939106999999999,0.49392699,0.615791,1000,0.30277050099999997,0.10266552245302486,0.28118750000000003,0.5175941,0.6213925,0.735041,1000
10,k-NN,s021,"{""k"": 3}",3.781917,0.40925,29.142578125,100,1000,0.071589356,0.023345923863842277,0.06364600000000001,0.12268989999999998,0.17054766999999998,0.220583,1000,0.18868062500000002,0.076518918306136,0.150771,0.3622875,0.4479279199999998,0.68075,1000,0.25991560500000005,0.09273476766561164,0.2131665,0.4400868499999998,0.58363833,0.98175,1000
10,k-NN,s022,"{""k"": 3}",3.385875,0.220584,29.142578125,100,1000,0.07373289599999999,0.027831173187528015,0.063375,0.13923779999999994,0.18438125,0.262208,1000,0.213149852,0.11313191279498791,0.152833,0.41305655,0.55892208,1.82,1000,0.283369983,0.1190610894267737,0.2155205,0.5446603999999998,0.66791117,1.222333,1000
10,k-NN,s024,"{""k"": 3}",4.232083,0.223917,29.142578125,100,1000,0.07277906199999999,0.025144072668255284,0.063334,0.12911009999999998,0.17234466999999998,0.25,1000,0.19469647200000004,0.07439848379769988,0.1513335,0.36706874999999994,0.42262841999999995,0.54525,1000,0.26575849500000004,0.09280879506428935,0.2136045,0.46551279999999995,0.6003824999999999,0.661208,1000
10,k-NN,s025,"{""k"": 1}",4.67425,0.234041,29.142578125,100,1000,0.06988755,0.021953754230616646,0.06125,0.1147604,0.16055740999999998,0.24575,1000,0.17597390000000002,0.06445452920190045,0.144625,0.32649614999999993,0.41038333,0.572167,1000,0.24679643199999998,0.07973337824651593,0.20693699999999998,0.4255318999999999,0.52584816,0.665625,1000
10,k-NN,s026,"{""k"": 5}",4.750792,0.252042,29.142578125,100,1000,0.07471431999999999,0.028837588329683052,0.063708,0.14697469999999999,0.19025542,0.22325,1000,0.216552848,0.2369645111451061,0.156583,0.39544825,0.4977428299999998,6.579292,1000,0.29562935100000004,0.38568473472105763,0.218083,0.5154472999999999,0.6501780099999999,11.646792,1000
10,k-NN,s027,"{""k"": 3}",6.137833,0.267625,29.142578125,100,1000,0.077222762,0.031506383518833,0.06475,0.14791454999999998,0.1930275,0.338833,1000,0.234806661,0.11193086122908893,0.1947915,0.43110384999999996,0.5725113399999998,1.092166,1000,0.30889929,0.1263385578635792,0.254104,0.54244165,0.6643201799999999,1.429166,1000
10,k-NN,s028,"{""k"": 3}",3.411458,0.223417,29.142578125,100,1000,0.074509119,0.027164267274590793,0.064208,0.1401166499999999,0.18216783,0.230042,1000,0.196830023,0.07282608528127725,0.152396,0.34918365,0.41790625,0.502,1000,0.273734924,0.09400560250377805,0.21537499999999998,0.47294374999999994,0.55907059,0.649,1000
10,k-NN,s029,"{""k"": 3}",5.052916,0.237584,29.142578125,100,1000,0.07703270899999999,0.03009280189643858,0.064583,0.14375834999999998,0.19664023999999997,0.295541,1000,0.238814043,0.11229573258919012,0.21558300000000002,0.4466827,0.6081170799999995,0.88375,1000,0.317344324,0.12885827641941672,0.2910625,0.5675228999999998,0.7168684200000001,1.253959,1000
10,k-NN,s030,"{""k"": 1}",3.588917,0.223458,29.142578125,100,1000,0.07162284599999999,0.025261382557591836,0.0634585,0.12623604999999996,0.17584758999999997,0.238292,1000,0.196672464,0.07787782881507196,0.1472295,0.37215414999999996,0.44022983,0.510292,1000,0.26777264,0.09893585071885654,0.208208,0.4885749999999999,0.60998283,0.723125,1000
10,k-NN,s031,"{""k"": 3}",3.400542,0.224167,29.142578125,100,1000,0.07209449700000001,0.02235506166410634,0.0639585,0.13035979999999991,0.16014916999999998,0.191959,1000,0.193411583,0.07146827653578969,0.151479,0.34601455,0.41408342,0.477917,1000,0.26594653,0.08904939388293454,0.2132705,0.47021184999999993,0.54204167,0.676625,1000
10,k-NN,s032,"{""k"": 5}",4.360833,0.219666,29.142578125,100,1000,0.070203375,0.02486618193282377,0.062834,0.1109652,0.17879184,0.256958,1000,0.189271433,0.06869591751139396,0.154396,0.33041905,0.44790167,0.591917,1000,0.260463815,0.08771702454086708,0.21708349999999998,0.4416857499999999,0.6101094899999999,0.753209,1000
10,k-NN,s033,"{""k"": 1}",3.4215,0.219375,29.142578125,100,1000,0.073576048,0.024583910138165112,0.064083,0.1285902,0.17766865999999998,0.227,1000,0.19214014100000004,0.07774265847982452,0.146125,0.3694708499999999,0.43816741,0.585875,1000,0.263331769,0.09143776264690377,0.208792,0.46100420000000003,0.54447717,0.782542,1000
10,k-NN,s034,"{""k"": 5}",3.610125,0.219875,29.142578125,100,1000,0.065989155,0.0174569539065861,0.060625,0.10394314999999997,0.15633384,0.244167,1000,0.167860945,0.04319915528583151,0.1524375,0.25908604999999996,0.34338292,0.541167,1000,0.23479432300000003,0.05430631905305093,0.215417,0.35121489999999994,0.46121966999999997,0.611292,1000
10,k-NN,s035,"{""k"": 3}",3.358708,0.223583,29.142578125,100,1000,0.071678507,0.023675096154902833,0.063291,0.11562705000000001,0.17055141999999998,0.227458,1000,0.197116571,0.08461024430003419,0.15031250000000002,0.37313089999999993,0.4513474999999998,0.848416,1000,0.269886934,0.11056374571854446,0.212458,0.46599789999999985,0.6199033299999999,1.78975,1000
10,k-NN,s036,"{""k"": 3}",3.361625,0.218959,29.142578125,100,1000,0.06684999300000001,0.020605930795742033,0.060167,0.10502084999999997,0.16909759,0.223708,1000,0.16992329999999997,0.0584031353464032,0.1477295,0.2787163499999999,0.42777357999999993,0.570833,1000,0.238847365,0.0743570275531662,0.2103545,0.37791874999999975,0.5784440799999999,0.734708,1000
10,k-NN,s037,"{""k"": 7}",3.330625,0.222875,29.142578125,100,1000,0.08244484099999999,0.034712641340332216,0.0656455,0.16354405,0.18972507999999996,0.266709,1000,0.27690799400000005,0.09932215789768875,0.2571875,0.4523743499999999,0.53219199,0.596208,1000,0.35824015299999995,0.11858386015107587,0.33818800000000004,0.5789752999999999,0.68690917,0.923125,1000
10,k-NN,s038,"{""k"": 5}",4.409042,0.408083,29.142578125,100,1000,0.07525912600000001,0.025882110994268678,0.065042,0.14517855,0.16993158,0.20325,1000,0.207801982,0.08691241770397845,0.156271,0.39604789999999995,0.4658740799999999,0.632791,1000,0.280807372,0.10707857262610133,0.2175,0.5103372,0.65922383,0.774959,1000
10,k-NN,s039,"{""k"": 5}",4.656042,0.386458,29.142578125,100,1000,0.07678740399999998,0.027782414489306715,0.064208,0.13560175,0.18341783,0.214375,1000,0.23230888900000002,0.11476372032468905,0.2250205,0.3993166999999999,0.47830283,2.365791,1000,0.305555348,0.10717606653990369,0.28925,0.5138502999999999,0.6010594899999999,0.728667,1000
10,k-NN,s040,"{""k"": 5}",6.333375,0.255458,29.142578125,100,1000,0.074653882,0.025126235760128287,0.0638125,0.13141039999999996,0.16603374999999998,0.214042,1000,0.21177824999999997,0.08103712686771708,0.1584585,0.3819854499999999,0.44003583999999996,0.583125,1000,0.288383824,0.09751142164094144,0.226354,0.4926315499999998,0.57937708,0.674916,1000
10,k-NN,s041,"{""k"": 3}",3.411333,0.223083,29.142578125,100,1000,0.07472533799999999,0.027154255072903775,0.064125,0.14215559999999988,0.17591783,0.206875,1000,0.207755947,0.09699148416709133,0.1529585,0.4204309499999999,0.5319829199999999,1.146416,1000,0.280801877,0.12041717371162873,0.2153335,0.5277003,0.6993695899999999,1.325042,1000
10,k-NN,s042,"{""k"": 1}",3.586375,0.224709,29.142578125,100,1000,0.073554925,0.026005878069843336,0.063334,0.1413792,0.16928207999999997,0.242084,1000,0.19380084299999997,0.07983394116554923,0.1461665,0.37567849999999997,0.43492749999999997,0.543875,1000,0.269594832,0.097620120685289,0.2097295,0.4832187499999999,0.59123259,0.684875,1000
10,k-NN,s043,"{""k"": 1}",3.414667,0.224959,29.142578125,100,1000,0.068211022,0.020298779776378825,0.0610205,0.10684134999999999,0.16857475999999996,0.198,1000,0.16794594699999998,0.057168839586892985,0.143396,0.2741252999999999,0.41219832999999995,0.51425,1000,0.23566838899999998,0.06579685168111638,0.2064165,0.3545086499999999,0.49051707999999977,0.694083,1000
10,k-NN,s044,"{""k"": 3}",6.288375,0.30325,29.142578125,100,1000,0.07345601,0.025170052163112296,0.064042,0.13591905,0.17467282999999997,0.212708,1000,0.20721984599999999,0.10107322791394975,0.1524165,0.38321074999999993,0.5214375,1.78075,1000,0.282375539,0.11946378726619403,0.2158545,0.5225854499999999,0.70472884,1.392584,1000
10,k-NN,s046,"{""k"": 5}",3.424084,0.2195,29.142578125,100,1000,0.07039804300000001,0.022801632523415594,0.06293750000000001,0.11545559999999996,0.17100065999999997,0.266625,1000,0.185664928,0.0673989546476235,0.154792,0.33306074999999996,0.45896224999999996,0.587666,1000,0.25592542999999995,0.09100844812934683,0.216417,0.4299913499999999,0.6004167499999999,1.288833,1000
10,k-NN,s047,"{""k"": 3}",3.3195,0.224166,29.142578125,100,1000,0.074259124,0.025483397550627885,0.064292,0.13548509999999997,0.16975125000000002,0.259625,1000,0.212549444,0.08989461419178321,0.15350049999999998,0.3899110499999999,0.47978199999999993,0.927875,1000,0.28668221499999996,0.11218435961726354,0.216771,0.51876525,0.6313944099999999,1.325791,1000
10,k-NN,s048,"{""k"": 3}",3.413166,0.222083,29.142578125,100,1000,0.06848026,0.019769248246117418,0.0620835,0.1073393,0.16383967,0.241333,1000,0.16929999699999998,0.05197680105388158,0.149167,0.2652232499999999,0.3695045899999999,0.73325,1000,0.23827890100000002,0.06469143381741164,0.211292,0.36765,0.4734298299999999,0.618625,1000
10,k-NN,s049,"{""k"": 3}",3.393084,0.22625,29.142578125,100,1000,0.07189560900000001,0.022895282060388416,0.063958,0.12464434999999995,0.16359407999999995,0.241959,1000,0.19111951700000002,0.07311787829275235,0.1501455,0.3536458,0.42536857999999994,0.515458,1000,0.260752659,0.08502220282308386,0.212792,0.45426249999999996,0.51981309,0.601625,1000
10,k-NN,s050,"{""k"": 5}",3.39825,0.219292,29.142578125,100,1000,0.067189828,0.01671676507345057,0.0632295,0.10471214999999999,0.16289207999999997,0.186708,1000,0.17092531400000002,0.05011841310092688,0.154042,0.2684851,0.43006574,0.560333,1000,0.236856247,0.05960151873623404,0.215958,0.36320804999999995,0.49076749999999986,0.65375,1000
10,k-NN,s051,"{""k"": 7}",3.422792,0.225833,29.142578125,100,1000,0.07234310299999999,0.023702303716133646,0.063708,0.13058605,0.16745884,0.219334,1000,0.207697043,0.08895062715813179,0.159125,0.40597674999999994,0.4847474999999999,0.945375,1000,0.281627741,0.10701127851099844,0.2210625,0.5129694,0.6112338399999999,0.915791,1000
10,k-NN,s052,"{""k"": 1}",3.917125,0.226042,29.142578125,100,1000,0.06797444,0.019306075317437322,0.062771,0.1052973,0.16029082999999997,0.245042,1000,0.16128258900000003,0.04640048809699871,0.142792,0.25660239999999995,0.36022341999999996,0.444708,1000,0.227742389,0.058210275284990995,0.204833,0.34712679999999996,0.4444644999999999,0.633834,1000
10,k-NN,s053,"{""k"": 3}",3.428333,0.222709,29.142578125,100,1000,0.073059641,0.024912444604138575,0.064271,0.11937705,0.18199300999999998,0.229916,1000,0.198011142,0.11060076114136325,0.15075,0.36454614999999996,0.45318267,2.411125,1000,0.268650356,0.11551225279645175,0.2125625,0.4772395499999999,0.5547958299999999,1.7325,1000
10,k-NN,s054,"{""k"": 5}",3.444833,0.224459,29.142578125,100,1000,0.068342499,0.019711608614930116,0.0628335,0.10688125,0.15821574999999996,0.246583,1000,0.170389999,0.04840836878777979,0.152666,0.26540899999999995,0.40326124999999996,0.523875,1000,0.237120908,0.0632853414093725,0.2125205,0.36124134999999996,0.5330445,0.651,1000
10,k-NN,s055,"{""k"": 1}",3.340125,0.221125,29.142578125,100,1000,0.07115904399999999,0.022597322886034082,0.06285450000000001,0.1152017499999999,0.16009566,0.245584,1000,0.19383720799999998,0.07698727574038883,0.144916,0.3565173,0.43187833000000003,0.4845,1000,0.263003306,0.09494590934801923,0.2060205,0.46187499999999987,0.5548755,0.859459,1000
10,k-NN,s056,"{""k"": 3}",4.196375,0.235042,29.142578125,100,1000,0.07555998200000001,0.030364109187071508,0.0631665,0.14281694999999997,0.19033717,0.264916,1000,0.218205847,0.0921700599953539,0.1662085,0.40889794999999995,0.49974291999999987,0.635,1000,0.295663436,0.1194730938894001,0.227479,0.5409451999999996,0.6917683299999999,0.923459,1000
10,k-NN,s057,"{""k"": 3}",3.729167,0.221375,29.142578125,100,1000,0.076209108,0.028858777485650744,0.06410450000000001,0.1496409999999999,0.18420842,0.256875,1000,0.21687396,0.09491183228927207,0.1542915,0.41410384999999994,0.49290841999999996,0.603084,1000,0.293074467,0.1195818416682051,0.217625,0.5170413499999998,0.64711667,1.481875,1000
10,LDA,s002,{},0.000916,12.5205,2.95703125,100,1000,0.057251263,0.001961954023268746,0.0569375,0.05983305,0.06196217,0.084041,1000,0.063166503,0.0023623243567210154,0.062875,0.06512705,0.06975,0.11725,1000,0.11970259300000001,0.004216965863324417,0.119458,0.12296105,0.12975792,0.218125,1000
10,LDA,s003,{},0.000625,0.74825,2.95703125,100,1000,0.056941273,0.001980720595275252,0.0569375,0.059375,0.06238041999999999,0.081833,1000,0.062681433,0.001966306447773988,0.062416,0.064958,0.06983342000000001,0.100792,1000,0.118920018,0.004043799372996271,0.118708,0.12196105,0.12704184,0.209834,1000
10,LDA,s004,{},0.000875,0.753792,2.95703125,100,1000,0.056980814,0.0032788251862528456,0.056583,0.059708,0.06575166,0.131083,1000,0.06282744900000001,0.0026087827304575855,0.062375,0.06529105,0.071375,0.119708,1000,0.119207494,0.0038162980135849566,0.1188335,0.1225,0.12946398999999997,0.181542,1000
10,LDA,s005,{},0.000875,0.705083,2.95703125,100,1000,0.05686411599999999,0.0021042893670510914,0.0565205,0.059669099999999996,0.06383467,0.082416,1000,0.063015742,0.0037221495919724963,0.062541,0.06616905000000001,0.07087624999999999,0.159125,1000,0.11949378100000001,0.005743510726245881,0.11875,0.12400205,0.13087958,0.2145,1000
10,LDA,s007,{},0.000708,0.726042,2.95703125,100,1000,0.056462844,0.0020169092003326245,0.056292,0.058794049999999994,0.06229283,0.084708,1000,0.062844165,0.004057115829086672,0.062417,0.06504405,0.07179308999999999,0.177792,1000,0.11849659,0.004104068159443425,0.117958,0.12245805,0.13059925,0.185084,1000
10,LDA,s008,{},0.000833,2.816042,2.95703125,100,1000,0.055702108,0.0017904260604151784,0.055417,0.058167,0.060585089999999994,0.073125,1000,0.061743988,0.00193642473610895,0.061375,0.06379105,0.06937542000000001,0.087875,1000,0.11702741,0.0031932548605622586,0.116792,0.1203771,0.12671342,0.16475,1000
10,LDA,s010,{},0.00075,0.733208,2.95703125,100,1000,0.055596662000000005,0.0018610732504120847,0.055125,0.05825,0.06291908,0.070375,1000,0.061971121,0.0019949026800979703,0.061708,0.06425,0.06937625,0.101958,1000,0.11711142499999999,0.0028399906671262762,0.116792,0.1210021,0.12497133999999999,0.168833,1000
10,LDA,s011,{},0.001083,0.726375,2.95703125,100,1000,0.05568955800000001,0.0018192777237332608,0.0554375,0.0582101,0.06075125,0.071584,1000,0.061566325,0.0014720855074064545,0.061291,0.063958,0.06637833,0.074459,1000,0.117988112,0.002586288035633163,0.117625,0.122375,0.12791934,0.134458,1000
10,LDA,s012,{},0.000875,0.723416,2.95703125,100,1000,0.056837951000000005,0.00175321206964821,0.056583,0.05925,0.06179600999999999,0.073292,1000,0.062343559,0.001559339637354103,0.062208,0.06429405,0.06913833999999999,0.076166,1000,0.117719855,0.002267779136112062,0.117459,0.12104614999999999,0.12616642,0.137459,1000
10,LDA,s013,{},0.00075,0.694875,2.95703125,100,1000,0.056094652999999994,0.001637873029465854,0.055958,0.05825,0.06279367,0.06825,1000,0.062244693999999996,0.0014551515379376697,0.062084,0.064375,0.06816866,0.075125,1000,0.11744485399999999,0.0019089152731863695,0.117375,0.1203771,0.12379100999999999,0.133833,1000
10,LDA,s015,{},0.000833,0.682209,2.95703125,100,1000,0.055944405,0.0016752220312032764,0.05575,0.05825,0.06075083,0.066625,1000,0.062433712999999995,0.0016925006934203099,0.062209,0.06450415,0.06837792000000001,0.088625,1000,0.11748367600000001,0.0021157775501374552,0.117375,0.12050205,0.12541992,0.130916,1000
10,LDA,s016,{},0.000875,0.681333,2.95703125,100,1000,0.056385047,0.0018469896408817579,0.0562705,0.05887919999999999,0.06183383,0.077334,1000,0.06245399,0.004158061378133363,0.062083,0.06479934999999999,0.06933301,0.183583,1000,0.118070969,0.003712523334545998,0.117625,0.122625,0.1271695,0.175292,1000
10,LDA,s017,{},0.000875,0.721833,2.95703125,100,1000,0.05562600399999999,0.003405226245312603,0.0551455,0.05821104999999999,0.061889169999999986,0.116542,1000,0.061672213,0.0026767305389241206,0.061333,0.063667,0.06809149,0.115125,1000,0.11663404699999999,0.004335835442654248,0.116167,0.1203771,0.12820884,0.219292,1000
10,LDA,s018,{},0.000917,0.743667,2.95703125,100,1000,0.055193213,0.0020113264393620146,0.054958,0.05750205,0.060588989999999995,0.086375,1000,0.061131699,0.0015645840743548193,0.0608955,0.06312705,0.06842017,0.07475,1000,0.115902987,0.0034597458537012787,0.115625,0.1197521,0.12605017,0.188875,1000
10,LDA,s019,{},0.000875,0.752542,2.95703125,100,1000,0.056100699999999996,0.001778369485238101,0.055791,0.058375,0.06375457999999999,0.07225,1000,0.062079691,0.001495158376256205,0.061875,0.06408605,0.06833592000000001,0.076291,1000,0.118174713,0.003194110142783937,0.117917,0.12158305,0.13046524999999998,0.180542,1000
10,LDA,s020,{},0.000458,0.741208,2.95703125,100,1000,0.056420618000000006,0.0017062505305344084,0.05625,0.058625,0.06066866,0.076875,1000,0.062363116,0.0015318255024362002,0.062125,0.065167,0.06721301,0.076125,1000,0.118103073,0.00209921538935906,0.117875,0.12150205,0.12404184,0.136958,1000
10,LDA,s021,{},0.000833,0.745292,2.95703125,100,1000,0.055651352,0.0015222767976766733,0.055542,0.057792,0.05975042,0.0655,1000,0.06159027,0.0011945047839078673,0.061417,0.063375,0.06608759,0.0705,1000,0.116125695,0.001973091221140556,0.115958,0.11925,0.12375082999999999,0.128375,1000
10,LDA,s022,{},0.000583,0.705125,2.95703125,100,1000,0.05616865,0.0018158440503289696,0.056,0.058461049999999994,0.06167266999999999,0.070875,1000,0.061817531,0.001305319546378265,0.061625,0.0639181,0.06508801,0.076458,1000,0.117590652,0.0024253409400683355,0.117458,0.120875,0.12587542,0.138583,1000
10,LDA,s024,{},0.000333,0.696917,2.95703125,100,1000,0.056196111,0.0021639176880000406,0.055917,0.058625,0.06312625,0.087417,1000,0.061878379,0.0015024767111761264,0.061583,0.06396105,0.06750083,0.082542,1000,0.11833669399999999,0.004387727632629688,0.118,0.121417,0.12751041999999999,0.22325,1000
10,LDA,s025,{},0.00125,0.7945,2.95703125,100,1000,0.057559733,0.0059954739522095025,0.056625,0.062292,0.09434733,0.134833,1000,0.064816129,0.015813705743870178,0.06268750000000001,0.06912710000000001,0.11969849999999997,0.360125,1000,0.121589661,0.0136481211208066,0.118875,0.12964789999999998,0.19939874999999999,0.31725,1000
10,LDA,s026,{},0.000834,0.732041,2.95703125,100,1000,0.056071489999999995,0.003505864146728352,0.055666,0.058708,0.06275333999999999,0.146791,1000,0.062478287,0.0037871205796641753,0.062125,0.06466605,0.06779475,0.161417,1000,0.11794956999999999,0.003892492889138268,0.117584,0.1215902,0.12666934,0.188667,1000
10,LDA,s027,{},0.000708,0.709583,2.95703125,100,1000,0.055823774,0.0031134460051446136,0.055292,0.058666050000000004,0.06298633999999997,0.126834,1000,0.062196855999999995,0.0024387985192470254,0.061875,0.06437705,0.06872133,0.111583,1000,0.11763546200000001,0.005862558647250229,0.116959,0.12166814999999999,0.13129184,0.226375,1000
10,LDA,s028,{},0.000875,0.711833,2.95703125,100,1000,0.055187551,0.0016312746213587987,0.054917,0.0574601,0.05971966999999999,0.066166,1000,0.060840708,0.0013623407992089172,0.060667,0.062583,0.06604267,0.073375,1000,0.11549308500000001,0.002144546889470158,0.115334,0.118625,0.12321133999999999,0.132458,1000
10,LDA,s029,{},0.00075,0.706541,2.95703125,100,1000,0.055195497,0.0018866423554474683,0.05475,0.057583050000000004,0.06150166,0.069834,1000,0.061778292,0.0015532116369397725,0.061542,0.06375,0.06666908,0.081083,1000,0.116493804,0.002223228298590057,0.11631250000000001,0.119958,0.12321175,0.134,1000
10,LDA,s030,{},0.00075,0.704833,2.95703125,100,1000,0.055693978,0.0018355155403359615,0.0555,0.058333,0.06170982,0.073542,1000,0.06154565299999999,0.001542455085336777,0.06125,0.0638771,0.06791950000000001,0.072708,1000,0.116872536,0.003737015155840148,0.116417,0.12067114999999999,0.12579475999999998,0.207167,1000
10,LDA,s031,{},0.000917,0.71675,2.95703125,100,1000,0.054944947,0.001804218328242724,0.054667,0.057208,0.06175125,0.071417,1000,0.061417191,0.0014182839927190203,0.06125,0.063291,0.0662105,0.084083,1000,0.115895421,0.0025682940661398493,0.115625,0.11938125,0.127422,0.133709,1000
10,LDA,s032,{},0.00075,0.688958,2.95703125,100,1000,0.054700902,0.001813714691283439,0.05425,0.057083,0.060338159999999995,0.072542,1000,0.061409596000000004,0.001428314993446651,0.061208,0.063458,0.06642408,0.074209,1000,0.115545331,0.0022038548417721605,0.11539550000000001,0.11875625,0.12287667,0.133417,1000
10,LDA,s033,{},0.000959,0.686625,2.95703125,100,1000,0.054876633,0.0016022285119531232,0.054667,0.05708605,0.059958,0.069667,1000,0.061300753,0.0013899567661631801,0.061125,0.06325,0.06633384,0.072708,1000,0.115849961,0.0024888361699718104,0.115625,0.11887919999999999,0.12579616,0.138542,1000
10,LDA,s034,{},0.000709,0.685,2.95703125,100,1000,0.056364827000000006,0.002530279411640535,0.056,0.059085099999999995,0.06396066,0.105916,1000,0.062197921,0.001989596011014811,0.061875,0.06491910000000001,0.06975,0.086084,1000,0.118140354,0.004009247852531321,0.117667,0.122833,0.12772466999999998,0.208,1000
10,LDA,s035,{},0.000458,0.741417,2.95703125,100,1000,0.055089732,0.0016864275905576845,0.054792,0.0573771,0.05996633999999999,0.0665,1000,0.060932032,0.0015418556592138746,0.060667,0.062958,0.06638,0.076417,1000,0.11561156400000001,0.0022320628011443236,0.115375,0.11908925,0.12317283,0.1315,1000
10,LDA,s036,{},0.000709,0.722708,2.95703125,100,1000,0.055720053,0.00200696219033255,0.055375,0.058042,0.06216825,0.079375,1000,0.062095196,0.0017060512244256817,0.061916,0.064333,0.06854242,0.077916,1000,0.116961229,0.0022665127298370728,0.11675,0.12025,0.12579474999999998,0.135167,1000
10,LDA,s037,{},0.001041,0.718125,2.95703125,100,1000,0.055706992,0.0016941451814504668,0.055375,0.058125,0.059920179999999997,0.072125,1000,0.061730803,0.001493090252695294,0.0615205,0.063917,0.06729241000000001,0.075916,1000,0.116972644,0.002221692920882336,0.11675,0.12,0.12642267,0.13425,1000
10,LDA,s038,{},0.000791,0.705917,2.95703125,100,1000,0.057687286,0.01173283515545109,0.056,0.060711049999999996,0.10911023999999998,0.238542,1000,0.063981829,0.014185152430525243,0.061917,0.06666810000000001,0.12873148999999998,0.270208,1000,0.12295656399999999,0.051085778920143536,0.117542,0.12737705,0.2669346699999998,1.513916,1000
10,LDA,s039,{},0.000833,0.713542,2.95703125,100,1000,0.055066776,0.0015730590963929957,0.054667,0.057417,0.05950041,0.066834,1000,0.061482626,0.0016879417150356111,0.061291,0.06337705,0.06705074999999999,0.083167,1000,0.116039128,0.0018991512707431063,0.115917,0.1190021,0.12191782999999999,0.128667,1000
10,LDA,s040,{},0.000833,0.692292,2.95703125,100,1000,0.05692131,0.007018887862099005,0.056208,0.06033305,0.06479783,0.22425,1000,0.062563155,0.0038823281196472314,0.062083,0.06570805,0.07066866,0.160583,1000,0.118648782,0.003668971248797201,0.118083,0.12342115,0.12941851000000001,0.16825,1000
10,LDA,s041,{},0.000875,0.735875,2.95703125,100,1000,0.057191956,0.003309173313696955,0.056584,0.06275,0.06454283,0.116209,1000,0.062997499,0.0028170554185585773,0.061917,0.06825,0.0712525,0.077083,1000,0.11973877899999999,0.004903198063448833,0.118,0.12929105,0.13308482000000002,0.148334,1000
10,LDA,s042,{},0.00075,0.744834,2.95703125,100,1000,0.056568203,0.003089924479186842,0.0562295,0.059294049999999994,0.06558858,0.128708,1000,0.062265259,0.006541703146121122,0.061625,0.06491905,0.06987583,0.258292,1000,0.11854653299999998,0.004573944012856272,0.117958,0.12333605,0.13071217,0.219041,1000
10,LDA,s043,{},0.000916,0.7565,2.95703125,100,1000,0.056166428,0.0018281372729378686,0.056208,0.0585021,0.06262542,0.074958,1000,0.06223916399999999,0.003580006379432973,0.061833,0.06429105,0.06847024,0.163708,1000,0.118487922,0.0031719177394853816,0.11825,0.1216271,0.12808733,0.17725,1000
10,LDA,s044,{},0.000625,0.741167,2.95703125,100,1000,0.056164245,0.0016285211279068628,0.056041,0.058375,0.06146108,0.065792,1000,0.062403623,0.001402943113690378,0.062166,0.064375,0.06875708999999999,0.078208,1000,0.118631181,0.002031913226887554,0.1185,0.12167325,0.12554518,0.135083,1000
10,LDA,s046,{},0.000375,0.71275,2.95703125,100,1000,0.055675539999999996,0.0015394172904037412,0.055416,0.057917,0.05925084,0.066625,1000,0.061732465,0.0012407549611622155,0.061542,0.063625,0.06695925,0.071042,1000,0.117072335,0.002010972864221599,0.116917,0.12004405,0.12320884,0.1335,1000
10,LDA,s047,{},0.000834,0.690583,2.95703125,100,1000,0.05620066,0.0019131478361702854,0.056,0.058667,0.06321133999999999,0.074708,1000,0.06252579400000001,0.0016544390838729144,0.062208,0.064709,0.06716991,0.083,1000,0.11830064400000001,0.006672731409529962,0.11791650000000001,0.12158605,0.12854325,0.315083,1000
10,LDA,s048,{},0.000375,0.749708,2.95703125,100,1000,0.056386256,0.0037427855009030068,0.0560205,0.058958,0.06571342,0.123917,1000,0.0618718,0.002560162125356149,0.061458,0.06466905,0.07146050999999999,0.096833,1000,0.11783941899999999,0.0060715125359265204,0.117,0.12283305,0.13535133,0.223125,1000
10,LDA,s049,{},0.000875,0.729208,2.95703125,100,1000,0.055792102,0.0016339263064075974,0.0553955,0.058,0.06004325,0.0685,1000,0.061803003,0.0012495392588271698,0.061583,0.06379405,0.06534174999999999,0.072042,1000,0.116365019,0.002039976961792371,0.116167,0.11908305,0.12483675999999999,0.13175,1000
10,LDA,s050,{},0.000666,0.700084,2.95703125,100,1000,0.056127313,0.0019889563374652914,0.0558955,0.0584601,0.06229766999999999,0.085875,1000,0.061638441999999995,0.0015832256516681703,0.061417,0.06395805,0.06658967,0.079875,1000,0.11731113600000001,0.0031245107189345213,0.117042,0.1209601,0.12679782999999997,0.17325,1000
10,LDA,s051,{},0.000666,0.726959,2.95703125,100,1000,0.055918467,0.0016167943143040081,0.055583,0.058291,0.06029490999999999,0.070167,1000,0.061801162,0.0015908317086610023,0.061541,0.06391905,0.06866783,0.076333,1000,0.11720903899999999,0.002759242694604212,0.116875,0.12029614999999999,0.12637832999999998,0.16875,1000
10,LDA,s052,{},0.000916,0.71725,2.95703125,100,1000,0.056696343999999996,0.002572618478807439,0.056125,0.06004519999999999,0.06533524,0.100125,1000,0.06278342,0.0023968019445004558,0.062375,0.06545805,0.06971050000000001,0.11575,1000,0.117994734,0.005668114255063357,0.117375,0.12233605,0.12925833,0.22375,1000
10,LDA,s053,{},0.00125,0.764625,2.95703125,100,1000,0.055800196999999996,0.0015599938759764688,0.055458,0.058166,0.05946008999999999,0.066167,1000,0.061850425,0.0012919413689776633,0.061625,0.064,0.06637625,0.07025,1000,0.11765057999999999,0.002052498063312092,0.1175205,0.120416,0.12325082999999999,0.139875,1000
10,LDA,s054,{},0.00075,0.681792,2.95703125,100,1000,0.056252372,0.0027624302109349823,0.056,0.0585,0.06138541999999999,0.114916,1000,0.061857787000000004,0.0017025894174331514,0.061583,0.063958,0.06729684,0.083,1000,0.11716006699999999,0.005192933882962868,0.1167295,0.12029105,0.12791726,0.25875,1000
10,LDA,s055,{},0.000834,0.749,2.95703125,100,1000,0.054925128000000004,0.0015404270541395746,0.054875,0.0572101,0.05933649,0.064958,1000,0.060853764,0.001235107862389248,0.060667,0.06271105,0.06437708,0.074916,1000,0.11530862,0.0023013769812026894,0.115083,0.11866905,0.12371549999999999,0.137041,1000
10,LDA,s056,{},0.000791,0.742667,2.95703125,100,1000,0.056468462999999997,0.005874664786605786,0.055625,0.059127099999999995,0.06762542,0.164,1000,0.062512728,0.007010544110890876,0.061584,0.06537710000000001,0.07522174999999999,0.201291,1000,0.11837628899999998,0.004885749366100081,0.11775,0.1234652,0.13550500000000001,0.187375,1000
10,LDA,s057,{},0.001333,0.764916,2.95703125,100,1000,0.056099739,0.0015774915576615603,0.055791,0.058461049999999994,0.05975166999999999,0.067583,1000,0.062158481,0.0014506561960154585,0.061917,0.06416605,0.06642017,0.076833,1000,0.116620891,0.002106540604507168,0.116542,0.119708,0.122333,0.136625,1000
10,Threshold,s002,{},0.0,0.033333,0.685546875,100,1000,0.0,0.0,0.0,0.0,0.0,0.0,1000,0.0027293420000000005,0.0004550678232524903,0.002667,0.002833,0.00316601,0.0105,1000,0.0027293420000000005,0.0004550678232524903,0.002667,0.002833,0.00316601,0.0105,1000
10,Threshold,s003,{},0.0,0.021,0.685546875,100,1000,0.0,0.0,0.0,0.0,0.0,0.0,1000,0.0027013040000000003,0.00012053005881969475,0.002667,0.002792,0.00295801,0.005125,1000,0.0027013040000000003,0.00012053005881969475,0.002667,0.002792,0.00295801,0.005125,1000
10,Threshold,s004,{},0.0,0.01875,0.685546875,100,1000,0.0,0.0,0.0,0.0,0.0,0.0,1000,0.0027209100000000004,0.00013939941210814374,0.002708,0.002792,0.0030424099999999997,0.005958,1000,0.0027209100000000004,0.00013939941210814374,0.002708,0.002792,0.0030424099999999997,0.005958,1000
10,Threshold,s005,{},0.0,0.023959,0.685546875,100,1000,0.0,0.0,0.0,0.0,0.0,0.0,1000,0.002653572,0.00017434080283035164,0.002625,0.002752049999999998,0.003042,0.006584,1000,0.002653572,0.00017434080283035164,0.002625,0.002752049999999998,0.003042,0.006584,1000
10,Threshold,s007,{},0.0,0.024208,0.685546875,100,1000,0.0,0.0,0.0,0.0,0.0,0.0,1000,0.0027064200000000006,0.00023799982671741067,0.002667,0.002792,0.002959,0.008833,1000,0.0027064200000000006,0.00023799982671741067,0.002667,0.002792,0.002959,0.008833,1000
10,Threshold,s008,{},0.0,0.021916,0.685546875,100,1000,0.0,0.0,0.0,0.0,0.0,0.0,1000,0.0027073030000000003,0.00013591034107753467,0.002708,0.002834,0.0030844099999999997,0.005333,1000,0.0027073030000000003,0.00013591034107753467,0.002708,0.002834,0.0030844099999999997,0.005333,1000
10,Threshold,s010,{},0.0,0.020125,0.685546875,100,1000,0.0,0.0,0.0,0.0,0.0,0.0,1000,0.0027155980000000005,0.0005645075953618527,0.002667,0.002834,0.003083,0.018625,1000,0.0027155980000000005,0.0005645075953618527,0.002667,0.002834,0.003083,0.018625,1000
10,Threshold,s011,{},0.0,0.019583,0.685546875,100,1000,0.0,0.0,0.0,0.0,0.0,0.0,1000,0.0026928110000000002,0.00014163989953448901,0.002667,0.002792,0.003,0.005875,1000,0.0026928110000000002,0.00014163989953448901,0.002667,0.002792,0.003,0.005875,1000
10,Threshold,s012,{},0.0,0.018708,0.685546875,100,1000,0.0,0.0,0.0,0.0,0.0,0.0,1000,0.0027062930000000007,9.962144137976812e-05,0.002708,0.002792,0.00316601,0.004666,1000,0.0027062930000000007,9.962144137976812e-05,0.002708,0.002792,0.00316601,0.004666,1000
10,Threshold,s013,{},0.0,0.01925,0.685546875,100,1000,0.0,0.0,0.0,0.0,0.0,0.0,1000,0.0026977210000000006,0.0001511414400285173,0.002667,0.002792,0.003167,0.006208,1000,0.0026977210000000006,0.0001511414400285173,0.002667,0.002792,0.003167,0.006208,1000
10,Threshold,s015,{},0.0,0.019,0.685546875,100,1000,0.0,0.0,0.0,0.0,0.0,0.0,1000,0.0027024730000000004,0.0003854058989921898,0.002667,0.00279105,0.003167,0.014167,1000,0.0027024730000000004,0.0003854058989921898,0.002667,0.00279105,0.003167,0.014167,1000
10,Threshold,s016,{},0.0,0.018959,0.685546875,100,1000,0.0,0.0,0.0,0.0,0.0,0.0,1000,0.0026631750000000007,0.00014997813779620285,0.002625,0.00275,0.0030844099999999997,0.006,1000,0.0026631750000000007,0.00014997813779620285,0.002625,0.00275,0.0030844099999999997,0.006,1000
10,Threshold,s017,{},0.0,0.019625,0.685546875,100,1000,0.0,0.0,0.0,0.0,0.0,0.0,1000,0.0026987430000000004,0.00017113416331303592,0.002667,0.0027940499999999984,0.0030844099999999997,0.007292,1000,0.0026987430000000004,0.00017113416331303592,0.002667,0.0027940499999999984,0.0030844099999999997,0.007292,1000
10,Threshold,s018,{},0.0,0.019708,0.685546875,100,1000,0.0,0.0,0.0,0.0,0.0,0.0,1000,0.0026850750000000003,0.00018200005328129548,0.002667,0.002833,0.003042,0.006875,1000,0.0026850750000000003,0.00018200005328129548,0.002667,0.002833,0.003042,0.006875,1000
10,Threshold,s019,{},0.0,0.018583,0.685546875,100,1000,0.0,0.0,0.0,0.0,0.0,0.0,1000,0.002723058,0.00013892378649624568,0.002708,0.002834,0.003042,0.006125,1000,0.002723058,0.00013892378649624568,0.002708,0.002834,0.003042,0.006125,1000
10,Threshold,s020,{},0.0,0.019291,0.685546875,100,1000,0.0,0.0,0.0,0.0,0.0,0.0,1000,0.002713337,0.00022240186604662515,0.002667,0.002917,0.003292,0.007584,1000,0.002713337,0.00022240186604662515,0.002667,0.002917,0.003292,0.007584,1000
10,Threshold,s021,{},0.0,0.019167,0.685546875,100,1000,0.0,0.0,0.0,0.0,0.0,0.0,1000,0.002662526,0.00010657019531994172,0.002666,0.002791,0.002875,0.005167,1000,0.002662526,0.00010657019531994172,0.002666,0.002791,0.002875,0.005167,1000
10,Threshold,s022,{},0.0,0.019541,0.685546875,100,1000,0.0,0.0,0.0,0.0,0.0,0.0,1000,0.002661976,0.0001378207095177353,0.002666,0.00275,0.002958,0.00575,1000,0.002661976,0.0001378207095177353,0.002666,0.00275,0.002958,0.00575,1000
10,Threshold,s024,{},0.0,0.019,0.685546875,100,1000,0.0,0.0,0.0,0.0,0.0,0.0,1000,0.0026493000000000003,0.00012434160540557147,0.002625,0.00275,0.002917,0.005791,1000,0.0026493000000000003,0.00012434160540557147,0.002625,0.00275,0.002917,0.005791,1000
10,Threshold,s025,{},0.0,0.02,0.685546875,100,1000,0.0,0.0,0.0,0.0,0.0,0.0,1000,0.0026928990000000008,0.00012188062884103724,0.002667,0.002833,0.003,0.005667,1000,0.0026928990000000008,0.00012188062884103724,0.002667,0.002833,0.003,0.005667,1000
10,Threshold,s026,{},0.0,0.022959,0.685546875,100,1000,0.0,0.0,0.0,0.0,0.0,0.0,1000,0.0026710580000000005,0.00024844238417438813,0.002666,0.002792,0.00300041,0.009667,1000,0.0026710580000000005,0.00024844238417438813,0.002666,0.002792,0.00300041,0.009667,1000
10,Threshold,s027,{},0.0,0.02075,0.685546875,100,1000,0.0,0.0,0.0,0.0,0.0,0.0,1000,0.0026882540000000006,0.000187957184984739,0.002667,0.002875,0.0031258299999999996,0.006459,1000,0.0026882540000000006,0.000187957184984739,0.002667,0.002875,0.0031258299999999996,0.006459,1000
10,Threshold,s028,{},0.0,0.019542,0.685546875,100,1000,0.0,0.0,0.0,0.0,0.0,0.0,1000,0.002692406,0.00018527787524433412,0.002667,0.00283305,0.0030424099999999997,0.007167,1000,0.002692406,0.00018527787524433412,0.002667,0.00283305,0.0030424099999999997,0.007167,1000
10,Threshold,s029,{},0.0,0.019667,0.685546875,100,1000,0.0,0.0,0.0,0.0,0.0,0.0,1000,0.0027044520000000004,0.00019858601688462884,0.002667,0.002833,0.003042,0.007042,1000,0.0027044520000000004,0.00019858601688462884,0.002667,0.002833,0.003042,0.007042,1000
10,Threshold,s030,{},0.0,0.019083,0.685546875,100,1000,0.0,0.0,0.0,0.0,0.0,0.0,1000,0.002669528,0.00014396372032136694,0.002666,0.00275,0.003083,0.005958,1000,0.002669528,0.00014396372032136694,0.002666,0.00275,0.003083,0.005958,1000
10,Threshold,s031,{},0.0,0.018958,0.685546875,100,1000,0.0,0.0,0.0,0.0,0.0,0.0,1000,0.002728943,0.0002488589812394633,0.002708,0.002833,0.003042,0.008458,1000,0.002728943,0.0002488589812394633,0.002708,0.002833,0.003042,0.008458,1000
10,Threshold,s032,{},0.0,0.02,0.685546875,100,1000,0.0,0.0,0.0,0.0,0.0,0.0,1000,0.002694075,0.0002856260730896754,0.002667,0.00275,0.003125,0.009208,1000,0.002694075,0.0002856260730896754,0.002667,0.00275,0.003125,0.009208,1000
10,Threshold,s033,{},0.0,0.019791,0.685546875,100,1000,0.0,0.0,0.0,0.0,0.0,0.0,1000,0.002681382,0.0002165372495818132,0.002667,0.002752049999999998,0.003084,0.007792,1000,0.002681382,0.0002165372495818132,0.002667,0.002752049999999998,0.003084,0.007792,1000
10,Threshold,s034,{},0.0,0.02,0.685546875,100,1000,0.0,0.0,0.0,0.0,0.0,0.0,1000,0.0026736770000000006,0.0001469023790820965,0.002667,0.00275,0.003125,0.006083,1000,0.0026736770000000006,0.0001469023790820965,0.002667,0.00275,0.003125,0.006083,1000
10,Threshold,s035,{},0.0,0.020292,0.685546875,100,1000,0.0,0.0,0.0,0.0,0.0,0.0,1000,0.0026816250000000004,0.000124574375977366,0.002667,0.002792,0.002958,0.005042,1000,0.0026816250000000004,0.000124574375977366,0.002667,0.002792,0.002958,0.005042,1000
10,Threshold,s036,{},0.0,0.01975,0.685546875,100,1000,0.0,0.0,0.0,0.0,0.0,0.0,1000,0.0026704930000000003,0.0002507568482573266,0.002666,0.00275,0.002958,0.009167,1000,0.0026704930000000003,0.0002507568482573266,0.002666,0.00275,0.002958,0.009167,1000
10,Threshold,s037,{},0.0,0.019458,0.685546875,100,1000,0.0,0.0,0.0,0.0,0.0,0.0,1000,0.002680706,0.00014894503747419106,0.002667,0.00275,0.0029174099999999996,0.0065,1000,0.002680706,0.00014894503747419106,0.002667,0.00275,0.0029174099999999996,0.0065,1000
10,Threshold,s038,{},0.0,0.019167,0.685546875,100,1000,0.0,0.0,0.0,0.0,0.0,0.0,1000,0.0027010700000000007,0.0003969343068367156,0.002667,0.002833,0.00312541,0.012667,1000,0.0027010700000000007,0.0003969343068367156,0.002667,0.002833,0.00312541,0.012667,1000
10,Threshold,s039,{},0.0,0.019209,0.685546875,100,1000,0.0,0.0,0.0,0.0,0.0,0.0,1000,0.0026777080000000004,0.00026050415188466603,0.002666,0.002792,0.003291,0.008083,1000,0.0026777080000000004,0.00026050415188466603,0.002666,0.002792,0.003291,0.008083,1000
10,Threshold,s040,{},0.0,0.020083,0.685546875,100,1000,0.0,0.0,0.0,0.0,0.0,0.0,1000,0.0026840430000000005,0.00017325093083743023,0.002667,0.002833,0.0032084199999999996,0.007167,1000,0.0026840430000000005,0.00017325093083743023,0.002667,0.002833,0.0032084199999999996,0.007167,1000
10,Threshold,s041,{},0.0,0.020208,0.685546875,100,1000,0.0,0.0,0.0,0.0,0.0,0.0,1000,0.0027075080000000004,0.000629565014946069,0.002667,0.002792,0.00304101,0.021583,1000,0.0027075080000000004,0.000629565014946069,0.002667,0.002792,0.00304101,0.021583,1000
10,Threshold,s042,{},0.0,0.020417,0.685546875,100,1000,0.0,0.0,0.0,0.0,0.0,0.0,1000,0.0026608600000000006,0.00013667501768962922,0.002625,0.002791,0.003,0.006167,1000,0.0026608600000000006,0.00013667501768962922,0.002625,0.002791,0.003,0.006167,1000
10,Threshold,s043,{},0.0,0.018666,0.685546875,100,1000,0.0,0.0,0.0,0.0,0.0,0.0,1000,0.0026899880000000004,0.00023885708396981356,0.002667,0.002792,0.003,0.008292,1000,0.0026899880000000004,0.00023885708396981356,0.002667,0.002792,0.003,0.008292,1000
10,Threshold,s044,{},0.0,0.019,0.685546875,100,1000,0.0,0.0,0.0,0.0,0.0,0.0,1000,0.002667627,0.00014103939869051832,0.002666,0.002792,0.003,0.005875,1000,0.002667627,0.00014103939869051832,0.002666,0.002792,0.003,0.005875,1000
10,Threshold,s046,{},0.0,0.0195,0.685546875,100,1000,0.0,0.0,0.0,0.0,0.0,0.0,1000,0.002702438,0.0005093217714007745,0.002667,0.002834,0.00316741,0.018083,1000,0.002702438,0.0005093217714007745,0.002667,0.002834,0.00316741,0.018083,1000
10,Threshold,s047,{},0.0,0.019125,0.685546875,100,1000,0.0,0.0,0.0,0.0,0.0,0.0,1000,0.002686937,0.00014937088301168898,0.002667,0.0028360499999999984,0.0030424099999999997,0.005459,1000,0.002686937,0.00014937088301168898,0.002667,0.0028360499999999984,0.0030424099999999997,0.005459,1000
10,Threshold,s048,{},0.0,0.0185,0.685546875,100,1000,0.0,0.0,0.0,0.0,0.0,0.0,1000,0.002685307,0.00022508545535687827,0.002667,0.002833,0.0029594099999999996,0.008292,1000,0.002685307,0.00022508545535687827,0.002667,0.002833,0.0029594099999999996,0.008292,1000
10,Threshold,s049,{},0.0,0.019875,0.685546875,100,1000,0.0,0.0,0.0,0.0,0.0,0.0,1000,0.0026567420000000006,0.00014056241043475042,0.002625,0.00275,0.0029594099999999996,0.00625,1000,0.0026567420000000006,0.00014056241043475042,0.002625,0.00275,0.0029594099999999996,0.00625,1000
10,Threshold,s050,{},0.0,0.0185,0.685546875,100,1000,0.0,0.0,0.0,0.0,0.0,0.0,1000,0.0026964800000000002,0.00016956634201498936,0.002667,0.002875,0.003,0.007125,1000,0.0026964800000000002,0.00016956634201498936,0.002667,0.002875,0.003,0.007125,1000
10,Threshold,s051,{},0.0,0.021916,0.685546875,100,1000,0.0,0.0,0.0,0.0,0.0,0.0,1000,0.0026926940000000003,0.00015878447302199565,0.002667,0.002792,0.00325,0.005875,1000,0.0026926940000000003,0.00015878447302199565,0.002667,0.002792,0.00325,0.005875,1000
10,Threshold,s052,{},0.0,0.018667,0.685546875,100,1000,0.0,0.0,0.0,0.0,0.0,0.0,1000,0.0027076310000000003,0.00041956962653475117,0.002667,0.002833,0.003208,0.01425,1000,0.0027076310000000003,0.00041956962653475117,0.002667,0.002833,0.003208,0.01425,1000
10,Threshold,s053,{},0.0,0.018708,0.685546875,100,1000,0.0,0.0,0.0,0.0,0.0,0.0,1000,0.002704956,0.00016931829419394924,0.002667,0.002875,0.00325,0.005792,1000,0.002704956,0.00016931829419394924,0.002667,0.002875,0.00325,0.005792,1000
10,Threshold,s054,{},0.0,0.019209,0.685546875,100,1000,0.0,0.0,0.0,0.0,0.0,0.0,1000,0.002708869,0.00013748353196132456,0.002708,0.002792,0.00329101,0.005667,1000,0.002708869,0.00013748353196132456,0.002708,0.002792,0.00329101,0.005667,1000
10,Threshold,s055,{},0.0,0.022125,0.685546875,100,1000,0.0,0.0,0.0,0.0,0.0,0.0,1000,0.0026838590000000002,0.00023555317110031734,0.002667,0.002791,0.0032504099999999996,0.008667,1000,0.0026838590000000002,0.00023555317110031734,0.002667,0.002791,0.0032504099999999996,0.008667,1000
10,Threshold,s056,{},0.0,0.018375,0.685546875,100,1000,0.0,0.0,0.0,0.0,0.0,0.0,1000,0.0027181950000000005,0.0001274290749560089,0.002708,0.002792,0.003083,0.006,1000,0.0027181950000000005,0.0001274290749560089,0.002708,0.002792,0.003083,0.006,1000
10,Threshold,s057,{},0.0,0.01925,0.685546875,100,1000,0.0,0.0,0.0,0.0,0.0,0.0,1000,0.0027218460000000004,0.00031963587936803864,0.002708,0.002833,0.00329101,0.011333,1000,0.0027218460000000004,0.00031963587936803864,0.002708,0.002833,0.00329101,0.011333,1000
10,Linear SVM,s002,"{""C"": 0.1}",12.202834,0.501458,1.8076171875,100,1000,0.054535573,0.002587145821203585,0.0541665,0.0568771,0.06146524,0.10175,1000,0.05021668,0.0032384727040775025,0.049792,0.0525,0.05979241,0.131792,1000,0.10387374399999999,0.004227963082891606,0.1032915,0.1075021,0.11362625,0.198708,1000
10,Linear SVM,s003,"{""C"": 0.01}",6.182791,0.459625,1.8076171875,100,1000,0.053707201999999996,0.0015306051696572123,0.053459,0.05558305,0.05754309,0.071542,1000,0.04934265000000001,0.0011911119868699437,0.049167,0.050708,0.053292,0.064583,1000,0.10225221400000001,0.0019094722303302535,0.101959,0.105083,0.10933342,0.124125,1000
10,Linear SVM,s004,"{""C"": 1}",5.289667,0.554125,1.80078125,100,1000,0.053103392,0.0014186961828366205,0.052833,0.0551271,0.057626250000000004,0.068875,1000,0.049713736999999994,0.001146804895044618,0.049583,0.051083,0.054465089999999994,0.059791,1000,0.102156009,0.0017805616981390645,0.101917,0.104792,0.10858799999999999,0.118458,1000
10,Linear SVM,s005,"{""C"": 0.01}",11.474667,0.457792,1.8076171875,100,1000,0.053732839,0.0014268452293039317,0.0535,0.05575,0.059295749999999994,0.06575,1000,0.049763935,0.0012321084042789799,0.049667,0.051125,0.052962579999999995,0.065916,1000,0.102559453,0.0019165318160659335,0.1022705,0.10541905,0.10979825,0.120291,1000
10,Linear SVM,s007,"{""C"": 0.01}",5.964375,0.489458,1.8076171875,100,1000,0.053197241000000006,0.0015515805248339663,0.0528955,0.05525,0.05737667,0.072458,1000,0.049534751999999994,0.0012077101831078439,0.049458,0.05100204999999999,0.052876669999999994,0.067666,1000,0.10208401599999999,0.0017608050181823218,0.101833,0.1047931,0.10787833,0.116958,1000
10,Linear SVM,s008,"{""C"": 0.1}",5.896375,0.486916,1.8076171875,100,1000,0.054056850999999996,0.001482574095533761,0.05375,0.055958,0.05808383,0.078166,1000,0.049983916999999996,0.0012742568558362336,0.049792,0.051625,0.053629159999999995,0.066542,1000,0.10396243200000001,0.0020802274292811202,0.103583,0.10716605,0.11325584,0.118625,1000
10,Linear SVM,s010,"{""C"": 0.1}",6.991792,0.534875,1.8076171875,100,1000,0.053808622,0.0014930730304275786,0.053542,0.0558351,0.058005839999999996,0.06825,1000,0.050341628,0.0014913767096565859,0.050208,0.051583,0.05517683999999999,0.06875,1000,0.103322156,0.0021169300518695715,0.102916,0.1066691,0.11233425,0.124625,1000
10,Linear SVM,s011,"{""C"": 0.01}",9.093375,0.458667,1.8076171875,100,1000,0.054017446999999996,0.0017762065631412212,0.053708,0.056041,0.06062666,0.071959,1000,0.050213837,0.0013792578078559241,0.0500415,0.05175,0.05575083,0.066458,1000,0.103773291,0.0018880277956842364,0.103542,0.10662705,0.10979559,0.121833,1000
10,Linear SVM,s012,"{""C"": 0.1}",7.357375,0.493708,1.8076171875,100,1000,0.053446638,0.0014447352840562177,0.053166,0.05554405,0.05850458,0.067041,1000,0.049533247,0.00116320886983631,0.049417,0.051,0.05446217,0.060042,1000,0.103234789,0.0019260541209830922,0.103042,0.1060851,0.11079684,0.119333,1000
10,Linear SVM,s013,"{""C"": 0.1}",7.609875,0.501291,1.8076171875,100,1000,0.053202291,0.0017669611767435985,0.052833,0.05512705,0.061883749999999994,0.069833,1000,0.049718389,0.0016336540053169418,0.0495205,0.0510851,0.05675334,0.070792,1000,0.10229452699999998,0.0019021833373047167,0.101958,0.105458,0.10858425,0.119875,1000
10,Linear SVM,s015,"{""C"": 0.01}",6.642583,0.477167,1.8076171875,100,1000,0.054306519,0.00245917872828647,0.054,0.05625,0.06200624999999999,0.115167,1000,0.050007828000000004,0.0013556172330339035,0.049833,0.051544049999999994,0.05487625,0.070375,1000,0.10346994799999999,0.0021645622039643095,0.103166,0.10658605,0.11158592,0.128875,1000
10,Linear SVM,s016,"{""C"": 0.01}",8.092292,0.484083,1.8076171875,100,1000,0.05349107,0.0014994940264754103,0.053167,0.055708,0.058083420000000004,0.066459,1000,0.049827086,0.0013212191023901068,0.049625,0.051416050000000005,0.05566601,0.065459,1000,0.103148233,0.0021143786651995067,0.102833,0.1062941,0.11212583,0.12225,1000
10,Linear SVM,s017,"{""C"": 0.1}",6.863084,0.501291,1.8076171875,100,1000,0.053646746,0.001590499073494477,0.0533125,0.055708,0.05963541999999999,0.0695,1000,0.04982729,0.001187274934322151,0.0496875,0.051375,0.053545169999999996,0.060833,1000,0.10289847399999999,0.001988558761332253,0.102625,0.10595805,0.10889249999999999,0.124833,1000
10,Linear SVM,s018,"{""C"": 0.01}",13.593459,0.473917,1.8076171875,100,1000,0.053984834,0.0017057158957930725,0.053667,0.05608605,0.05879408,0.072375,1000,0.050275857,0.0016526637480186383,0.050084,0.051875,0.057679079999999994,0.068542,1000,0.104222663,0.005136135782883005,0.103708,0.1073351,0.114917,0.249083,1000
10,Linear SVM,s019,"{""C"": 0.01}",11.936458,0.462625,1.8076171875,100,1000,0.054031251999999995,0.0015778648928587386,0.053792,0.05591605,0.05900291999999999,0.071166,1000,0.05018496,0.001190829727475695,0.050041,0.051668099999999995,0.05392059,0.066083,1000,0.103037007,0.0020700566870592296,0.102791,0.10625205,0.11167142,0.117375,1000
10,Linear SVM,s020,"{""C"": 1}",6.665166,0.558417,1.80078125,100,1000,0.054126824,0.0015171237878339441,0.053834,0.05625,0.058507909999999996,0.069292,1000,0.050774952,0.0013361259747180702,0.050583,0.052334,0.05483733,0.068667,1000,0.104225399,0.002130810799781028,0.103958,0.1069181,0.11354241000000001,0.127375,1000
10,Linear SVM,s021,"{""C"": 0.01}",7.4165,0.475667,1.8076171875,100,1000,0.053863433,0.002302413101422202,0.053583,0.0557101,0.06300375,0.081208,1000,0.050176713000000005,0.0024912717578784134,0.0499375,0.051917,0.055549909999999994,0.103667,1000,0.103039905,0.0033101695879026605,0.102625,0.10575414999999999,0.11458733,0.157333,1000
10,Linear SVM,s022,"{""C"": 0.1}",6.982375,0.477625,1.8076171875,100,1000,0.053981487,0.0025684338594406755,0.053792,0.056125,0.057877080000000004,0.122541,1000,0.050302613,0.0023261405794203893,0.050083,0.052,0.054876669999999995,0.106,1000,0.103263421,0.002933379017825896,0.103041,0.10595805,0.10942365999999999,0.152291,1000
10,Linear SVM,s024,"{""C"": 1}",9.363709,0.537792,1.80078125,100,1000,0.054546429,0.003923072461795666,0.054042,0.05654405,0.06034049999999999,0.152542,1000,0.050373513,0.001884963997827041,0.050167,0.052042,0.05517324999999999,0.090667,1000,0.10436552399999999,0.00671779992968824,0.103792,0.107083,0.11245967,0.2995,1000
10,Linear SVM,s025,"{""C"": 0.01}",7.067459,0.464,1.8076171875,100,1000,0.054175044,0.0016746238578048303,0.053875,0.05629105,0.060879169999999996,0.071042,1000,0.049938932,0.0010781746165996855,0.049833,0.05133305,0.05341642,0.061583,1000,0.10360217399999999,0.002552561638951084,0.103084,0.1072122,0.11521092000000001,0.120792,1000
10,Linear SVM,s026,"{""C"": 0.01}",9.148167,0.491917,1.8076171875,100,1000,0.055057558,0.004316664880475009,0.054375,0.057631249999999995,0.06587583,0.137625,1000,0.050596601000000005,0.0022956622179270657,0.050229499999999996,0.05326039999999999,0.05975749999999999,0.082333,1000,0.10485367299999998,0.006593909208559194,0.103875,0.10987705,0.12150375,0.245125,1000
10,Linear SVM,s027,"{""C"": 100}",9.743625,3.226167,1.8017578125,100,1000,0.052966167,0.001578953116484165,0.0526665,0.0550851,0.05855016999999999,0.070709,1000,0.049417997000000005,0.0011354739927357115,0.049292,0.050875,0.053418089999999994,0.059708,1000,0.102138261,0.0022579633308099298,0.101791,0.1053351,0.11304309,0.117833,1000
10,Linear SVM,s028,"{""C"": 1}",6.078125,0.579416,1.80078125,100,1000,0.05352726,0.0015243585553948282,0.05325,0.0557521,0.05887625,0.067791,1000,0.049547476,0.0017929257291070628,0.049375,0.05112704999999999,0.054586749999999996,0.088792,1000,0.103060881,0.002263446478890499,0.102708,0.1060851,0.111208,0.13025,1000
10,Linear SVM,s029,"{""C"": 10}",7.011667,0.614958,1.80078125,100,1000,0.053585859,0.0015922421512405674,0.053333,0.055546149999999996,0.05887791999999999,0.070042,1000,0.049601609,0.0012910621633479265,0.049458,0.05125,0.052585919999999994,0.069958,1000,0.102990145,0.0018880283358498533,0.1028125,0.1057101,0.11075083,0.116458,1000
10,Linear SVM,s030,"{""C"": 0.01}",8.4675,0.4615,1.8076171875,100,1000,0.054433903,0.0030641076076113947,0.054125,0.0567941,0.06242241,0.131833,1000,0.050491117,0.0019394106617800222,0.050208,0.052167,0.058131249999999995,0.08025,1000,0.10388513299999999,0.0048412936896970946,0.103167,0.10825,0.11563332999999999,0.20175,1000
10,Linear SVM,s031,"{""C"": 0.1}",5.047584,0.543625,1.8076171875,100,1000,0.053910043000000005,0.0014451168679082379,0.053625,0.056042,0.057804499999999995,0.066875,1000,0.049668794,0.0014676277875833798,0.0495,0.051,0.056090919999999996,0.067334,1000,0.10371954299999998,0.002023756844068703,0.103375,0.1066681,0.11254226,0.120125,1000
10,Linear SVM,s032,"{""C"": 0.01}",6.254667,0.464208,1.8076171875,100,1000,0.053647637,0.001744770522276901,0.053375,0.055833,0.06250292,0.069375,1000,0.049808045,0.001140473809205842,0.049667,0.051458,0.053543919999999995,0.062875,1000,0.102966474,0.0022932162196256044,0.102542,0.10621309999999999,0.114052,0.122667,1000
10,Linear SVM,s033,"{""C"": 0.01}",7.391625,0.457375,1.8076171875,100,1000,0.053358953,0.0018183560755827258,0.053083,0.055333,0.05888333999999999,0.0735,1000,0.049536549,0.0010642001887054145,0.049417,0.05087704999999999,0.052669919999999995,0.061458,1000,0.10233096199999998,0.0018100150604553173,0.102083,0.104958,0.11013458,0.117167,1000
10,Linear SVM,s034,"{""C"": 1}",8.532292,0.561958,1.80078125,100,1000,0.054269892,0.0024289297375605597,0.053792,0.05675,0.06458717,0.088584,1000,0.050331116,0.0016912737689402928,0.050042,0.052669049999999995,0.05641976,0.072833,1000,0.10399739699999999,0.004826456293155543,0.103333,0.10837915,0.11579642,0.202792,1000
10,Linear SVM,s035,"{""C"": 0.1}",6.969625,0.490417,1.8076171875,100,1000,0.053312596,0.00187752011988809,0.053,0.055546149999999996,0.06300625,0.069667,1000,0.049280169,0.0014903182401406405,0.049084,0.05087704999999999,0.05621134,0.06425,1000,0.102439323,0.0023474606749190243,0.102,0.10558605,0.11396066,0.121375,1000
10,Linear SVM,s036,"{""C"": 0.01}",7.993459,0.477083,1.8076171875,100,1000,0.053254076,0.0021900340237652137,0.052875,0.05554405,0.06083384,0.097209,1000,0.049708522000000005,0.002849322308046447,0.049417,0.051208,0.05796190999999999,0.123708,1000,0.10256973999999999,0.004736521597464033,0.101917,0.1063402,0.11404684,0.186834,1000
10,Linear SVM,s037,"{""C"": 0.01}",6.005625,0.470292,1.8076171875,100,1000,0.054395611,0.0015490643737795778,0.054125,0.056375,0.05908591999999999,0.071625,1000,0.050124969,0.0011962080997288283,0.05,0.051919049999999994,0.053960919999999996,0.060958,1000,0.103660831,0.0022848092628941275,0.103333,0.10634134999999999,0.11533675,0.119542,1000
10,Linear SVM,s038,"{""C"": 0.1}",12.203416,0.532584,1.8076171875,100,1000,0.053657456,0.0016558435844125018,0.053292,0.05583305,0.05959341999999999,0.070625,1000,0.049991258999999996,0.001405805951862949,0.049791,0.051833,0.05475582999999999,0.066458,1000,0.10388472400000001,0.0030438799402924747,0.103417,0.107458,0.11416725,0.165667,1000
10,Linear SVM,s039,"{""C"": 0.01}",10.316125,0.485,1.8076171875,100,1000,0.05301724,0.0014865075799286016,0.05275,0.05521105,0.057542,0.067,1000,0.049543222,0.0014065742382838536,0.049375,0.051208,0.05595842,0.063375,1000,0.10210521,0.002174024292302989,0.10175,0.105583,0.11025375,0.120416,1000
10,Linear SVM,s040,"{""C"": 1}",6.622125,0.571292,1.80078125,100,1000,0.05407067,0.001584312697614908,0.0539165,0.056042,0.05929392,0.069,1000,0.050316429,0.0017197231709620423,0.050125,0.051794049999999994,0.05516742,0.09025,1000,0.10363047399999999,0.0021125559793979637,0.103292,0.106709,0.11230282999999999,0.118333,1000
10,Linear SVM,s041,"{""C"": 0.01}",6.7565,0.464083,1.8076171875,100,1000,0.053705008,0.0017103582207184502,0.053417,0.05579105,0.06037542,0.069209,1000,0.049907239000000006,0.0011490934451229907,0.049791,0.051375,0.05363083999999999,0.062458,1000,0.10380160699999999,0.0021324630442720893,0.103458,0.1069181,0.11329309,0.118167,1000
10,Linear SVM,s042,"{""C"": 0.01}",9.042292,0.4845,1.8076171875,100,1000,0.054754263000000004,0.003500829791786808,0.0545,0.056712149999999996,0.05879325,0.153,1000,0.051453150999999996,0.0028351599009337836,0.051125,0.053085099999999996,0.058131669999999996,0.127,1000,0.104425033,0.0026598323191278205,0.1040415,0.1076681,0.11347424999999998,0.152667,1000
10,Linear SVM,s043,"{""C"": 0.1}",13.742667,0.490083,1.8076171875,100,1000,0.053273657999999995,0.0018117492609134476,0.052875,0.05529405,0.061674919999999994,0.069666,1000,0.050491280000000006,0.0013515865069190663,0.050375,0.051916,0.05675208,0.065708,1000,0.102867806,0.0018868466489464994,0.102583,0.1057521,0.11058342,0.11925,1000
10,Linear SVM,s044,"{""C"": 0.01}",7.993875,0.48925,1.8076171875,100,1000,0.053315808000000006,0.0014165982767933246,0.053,0.055375,0.0577525,0.065334,1000,0.04990700700000001,0.001353705039617303,0.049792,0.05142114999999999,0.05500208,0.062625,1000,0.10220962399999999,0.0019165313577056494,0.1018335,0.10504725,0.10983675999999999,0.115667,1000
10,Linear SVM,s046,"{""C"": 0.1}",7.660708,0.516917,1.8076171875,100,1000,0.053621137,0.0016243549203108726,0.053333,0.055916,0.060128339999999995,0.067291,1000,0.049821484,0.0023928218818588024,0.049542,0.051502049999999994,0.058505829999999995,0.085291,1000,0.103236366,0.0026035069480361424,0.102792,0.10662705,0.11276,0.142625,1000
10,Linear SVM,s047,"{""C"": 0.01}",7.116083,0.46875,1.8076171875,100,1000,0.053711123,0.0017429523524106377,0.053459,0.055625,0.060420749999999995,0.076291,1000,0.049662841,0.0012674800121896595,0.049542,0.0510851,0.05345801,0.066333,1000,0.10331459999999998,0.002002097876205333,0.103084,0.10588334999999999,0.112875,0.122667,1000
10,Linear SVM,s048,"{""C"": 1}",6.46875,0.531833,1.80078125,100,1000,0.054172888999999995,0.00177954304137751,0.053958,0.05633305,0.060919499999999994,0.071375,1000,0.05026975400000001,0.001555461297278505,0.050042,0.052002049999999994,0.057044080000000004,0.068208,1000,0.10436426900000001,0.0024789994778236747,0.104,0.10754405,0.11335799999999999,0.130042,1000
10,Linear SVM,s049,"{""C"": 100}",6.333667,3.222583,1.8017578125,100,1000,0.053617532999999995,0.001567480321238028,0.0533545,0.0556691,0.056958,0.071584,1000,0.050088742,0.0009864664472182952,0.050041,0.05158305,0.053502499999999995,0.057125,1000,0.10316471099999999,0.0017708475757714473,0.102958,0.10587919999999999,0.10929491,0.118916,1000
10,Linear SVM,s050,"{""C"": 100}",10.711417,2.880542,1.8017578125,100,1000,0.053392667000000005,0.0016005943397223903,0.0531045,0.055375,0.05658426,0.081625,1000,0.04939941800000001,0.001142194576123405,0.04925,0.050958,0.053587169999999996,0.060916,1000,0.10282379500000001,0.001789899108831218,0.1025625,0.10583809999999999,0.10959132999999999,0.113166,1000
10,Linear SVM,s051,"{""C"": 0.01}",8.938541,0.448917,1.8076171875,100,1000,0.054108058,0.0019065663402687693,0.05375,0.05621105,0.06329283,0.07275,1000,0.050129706,0.0013883139447449092,0.049875,0.052044049999999994,0.056138329999999986,0.06125,1000,0.102944692,0.002290914499578798,0.1025415,0.10684439999999999,0.11154366,0.12175,1000
10,Linear SVM,s052,"{""C"": 0.01}",7.085708,0.476833,1.8076171875,100,1000,0.053591383,0.0015286081470338238,0.053292,0.05575,0.05942350999999999,0.0655,1000,0.049728727,0.0016520810780223099,0.0495,0.051877099999999995,0.056375,0.07375,1000,0.103228078,0.00272996269942581,0.1028125,0.1063771,0.11030615999999999,0.155792,1000
10,Linear SVM,s053,"{""C"": 0.01}",7.2575,0.466167,1.8076171875,100,1000,0.053919739,0.0021095764745040135,0.0535835,0.056,0.06029142,0.092792,1000,0.04986591,0.0016049365941903655,0.0496875,0.051417,0.05379101,0.085417,1000,0.103025901,0.0021548126100855215,0.10275,0.105875,0.11141809,0.121541,1000
10,Linear SVM,s054,"{""C"": 0.1}",5.74325,0.493584,1.8076171875,100,1000,0.053932345,0.0021562337832672753,0.053583,0.05604405,0.05916726,0.101833,1000,0.049716321,0.0015012888836833736,0.049542,0.051294049999999994,0.05391684,0.077625,1000,0.10339319000000001,0.002581112956069918,0.102958,0.10679405,0.11116809,0.148542,1000
10,Linear SVM,s055,"{""C"": 0.01}",10.1035,0.465666,1.8076171875,100,1000,0.053947392999999996,0.0017985228330304663,0.053667,0.056,0.06204408,0.073625,1000,0.049993844999999995,0.0013985805520367906,0.049792,0.051544049999999994,0.054502919999999996,0.065208,1000,0.102703968,0.002117752602421032,0.102375,0.1057521,0.10979616,0.132833,1000
10,Linear SVM,s056,"{""C"": 0.01}",6.571125,0.475125,1.8076171875,100,1000,0.053869973,0.0014438107090732624,0.053625,0.056,0.059296,0.067375,1000,0.049578087,0.0012317031355180699,0.049375,0.051083,0.053811579999999984,0.063792,1000,0.103116509,0.0018887590849019878,0.102958,0.10583719999999999,0.10854517999999999,0.123083,1000
10,Linear SVM,s057,"{""C"": 0.01}",9.47,0.475625,1.8076171875,100,1000,0.054033517,0.004026846400304169,0.053625,0.056125,0.062295329999999996,0.168458,1000,0.050330541,0.0019955754618011167,0.050042,0.052458,0.056965499999999995,0.07925,1000,0.104461109,0.00456958906328855,0.103792,0.10818989999999998,0.11804616999999999,0.188833,1000
10,MLP,s002,"{""alpha"": 0.0001, ""h"": 32}",177.395125,44.053709,96.509765625,100,1000,0.058498203000000006,0.002548270344673135,0.0580625,0.06413125,0.06812750000000001,0.076709,1000,0.16913282799999999,0.006473417833947447,0.167458,0.17975205,0.19091642,0.288834,1000,0.22671830399999998,0.007320693867953522,0.224646,0.2412931,0.25093908,0.313792,1000
10,MLP,s003,"{""alpha"": 0.0001, ""h"": 32}",153.655167,66.614,97.689453125,100,1000,0.057997520000000004,0.0018848817646915852,0.057958,0.060252049999999995,0.06322315999999999,0.084708,1000,0.16863312300000002,0.006894961065732638,0.167834,0.17358605,0.18350167,0.306208,1000,0.22596393599999998,0.009006316613179932,0.2249375,0.23275,0.24075249999999998,0.409666,1000
10,MLP,s004,"{""alpha"": 0.0001, ""h"": 32}",159.678125,60.301875,97.5302734375,100,1000,0.058567943,0.00854688803300943,0.057708,0.061377049999999995,0.07896523999999999,0.1985,1000,0.172166274,0.03952013411494688,0.1686665,0.17467529999999998,0.19879416999999985,1.189333,1000,0.230686706,0.03574480537175477,0.226458,0.23729615,0.3085176699999993,0.812708,1000
10,MLP,s005,"{""alpha"": 0.0001, ""h"": 64}",187.784166,44.0365,170.6044921875,100,1000,0.057796668,0.0017290610017358329,0.057792,0.059836049999999995,0.06388332999999999,0.073792,1000,0.17675714099999998,0.0026880157204958155,0.17645850000000002,0.180625,0.18879532999999998,0.19525,1000,0.23274814500000002,0.004282171936116701,0.232166,0.23775415,0.246,0.311625,1000
10,MLP,s007,"{""alpha"": 0.0001, ""h"": 64}",151.38675,43.08275,170.5517578125,100,1000,0.057440099,0.0017614421226797516,0.0574375,0.059125,0.06495925,0.0725,1000,0.174714221,0.002709769018623782,0.174292,0.178875,0.18601374999999998,0.198959,1000,0.230627217,0.0031966986470656177,0.230042,0.23601039999999998,0.24333383,0.249625,1000
10,MLP,s008,"{""alpha"": 0.0001, ""h"": 64}",134.873125,47.531666,170.7978515625,100,1000,0.057940045999999995,0.002783828329127004,0.05775,0.060086049999999995,0.06630782999999998,0.1,1000,0.17658684600000002,0.0035641685782153948,0.176,0.18142319999999998,0.18966934,0.216916,1000,0.23379846699999998,0.007877484658535135,0.23264600000000002,0.24050829999999998,0.25291825,0.407,1000
10,MLP,s010,"{""alpha"": 0.0001, ""h"": 32}",132.235917,54.512208,97.2001953125,100,1000,0.057351977000000005,0.0016080984768297559,0.0573335,0.059375,0.06188332999999999,0.073166,1000,0.16683509399999996,0.0036082021966979986,0.166417,0.170875,0.17746259,0.244042,1000,0.223296249,0.003317084522397302,0.2228955,0.229,0.23538625,0.251333,1000
10,MLP,s011,"{""alpha"": 0.0001, ""h"": 32}",138.462459,56.403083,97.361328125,100,1000,0.057381945000000004,0.0015662654652013755,0.057375,0.05941605,0.06233342,0.073542,1000,0.16719829000000003,0.002724165050271573,0.1668125,0.1711271,0.17933549999999998,0.193042,1000,0.223915437,0.0033155667251225317,0.223521,0.22971215,0.23629325,0.243875,1000
10,MLP,s012,"{""alpha"": 0.0001, ""h"": 128}",163.991875,56.936709,319.4794921875,100,1000,0.057743167,0.002623098103153934,0.057583,0.060167,0.06396566,0.117958,1000,0.175416506,0.0036750978103827227,0.174875,0.18004405,0.18884592,0.226041,1000,0.231788807,0.0044927940364549316,0.2311875,0.23792324999999998,0.24488667,0.317542,1000
10,MLP,s013,"{""alpha"": 0.0001, ""h"": 64}",134.494375,35.121,169.955078125,100,1000,0.058695434,0.0033982351743138592,0.058375,0.061629149999999994,0.07013958999999999,0.125041,1000,0.177299128,0.009843497146730613,0.176,0.1822973,0.20716684,0.371667,1000,0.234531209,0.010782096022850332,0.232708,0.24334134999999998,0.25651841999999997,0.410292,1000
10,MLP,s015,"{""alpha"": 0.0001, ""h"": 128}",166.96425,43.275625,318.73046875,100,1000,0.058623665000000005,0.002584878439951156,0.058542,0.060669049999999995,0.06609549999999999,0.113791,1000,0.177858091,0.00350849986975275,0.177292,0.18346105000000001,0.19337667,0.220583,1000,0.235390092,0.009126897338776665,0.2341665,0.2423771,0.25450541,0.425,1000
10,MLP,s016,"{""alpha"": 0.0001, ""h"": 128}",180.558958,47.858459,318.9765625,100,1000,0.057889984,0.0028078013409274724,0.057625,0.06120805,0.06783425,0.1085,1000,0.176470868,0.004577667229040994,0.17575,0.18200624999999998,0.19442616,0.260166,1000,0.23339104099999997,0.007295620822281096,0.232417,0.2413351,0.25321216999999996,0.399833,1000
10,MLP,s017,"{""alpha"": 0.0001, ""h"": 64}",169.075625,57.249625,171.3994140625,100,1000,0.05767182,0.004143415012228868,0.057458,0.06026039999999999,0.06758524,0.169625,1000,0.17670512700000002,0.005203344455674197,0.175958,0.18192529999999998,0.19291783,0.264125,1000,0.231268088,0.006494173641930708,0.23025,0.2379673,0.25137666000000003,0.349125,1000
10,MLP,s018,"{""alpha"": 0.0001, ""h"": 32}",149.0945,50.963291,97.005859375,100,1000,0.057047121000000006,0.001547224738928302,0.057083,0.058791050000000004,0.06308441000000001,0.072625,1000,0.165292722,0.002466260821802342,0.165,0.16891905000000002,0.17625249999999998,0.184125,1000,0.22150394499999998,0.003131046572412108,0.221208,0.2267583,0.23283383000000002,0.238916,1000
10,MLP,s019,"{""alpha"": 0.0001, ""h"": 32}",142.296542,73.147542,98.427734375,100,1000,0.056990639,0.0019487301881032748,0.0569375,0.05900204999999999,0.06162917,0.091667,1000,0.16676981000000002,0.0025182892229667565,0.166417,0.17066905000000002,0.17730225,0.186583,1000,0.22244843300000003,0.003315374150721193,0.221958,0.22729615,0.23479740999999998,0.252459,1000
10,MLP,s020,"{""alpha"": 0.0001, ""h"": 32}",135.062792,58.65925,97.4755859375,100,1000,0.058208065,0.0025034616663911764,0.057917,0.06117319999999999,0.06729450000000001,0.089792,1000,0.168824368,0.007680301684995748,0.1675,0.1765503,0.19254824999999998,0.293917,1000,0.22596582599999998,0.009664993831528683,0.224417,0.23387705,0.24897350999999995,0.364417,1000
10,MLP,s021,"{""alpha"": 0.0001, ""h"": 64}",144.120625,44.014708,170.5546875,100,1000,0.05763519100000001,0.0019523547858237055,0.0576045,0.059711049999999995,0.06393033,0.077959,1000,0.176617061,0.0035051006013386427,0.176084,0.18091905,0.19250125,0.208042,1000,0.23214639399999998,0.004931773769677525,0.23135450000000002,0.23887915,0.24654366,0.33125,1000
10,MLP,s022,"{""alpha"": 0.0001, ""h"": 64}",146.069584,51.360042,170.923828125,100,1000,0.057588597,0.0019782592484922806,0.057459,0.059711049999999995,0.06350792,0.0805,1000,0.174987208,0.004222578477391952,0.174417,0.1793833,0.18771106999999998,0.270833,1000,0.232895624,0.004281604489163568,0.2321455,0.23879315,0.24771191,0.301959,1000
10,MLP,s024,"{""alpha"": 0.0001, ""h"": 32}",187.998917,57.654042,97.443359375,100,1000,0.05792996400000001,0.0025812377164555864,0.05775,0.06092739999999999,0.06675042,0.108166,1000,0.16870971399999998,0.005620610570871583,0.168,0.173875,0.181838,0.305666,1000,0.225868656,0.004329826815233368,0.2251665,0.2319601,0.23863,0.281542,1000
10,MLP,s025,"{""alpha"": 0.0001, ""h"": 64}",142.222917,46.891209,170.7412109375,100,1000,0.057653604,0.0020992261320633217,0.057542,0.059627099999999995,0.06533633999999999,0.091125,1000,0.176452706,0.0034822287901444555,0.175958,0.181417,0.18879782999999997,0.240458,1000,0.232368495,0.00351860223550015,0.2318125,0.2389285,0.24433342,0.259042,1000
10,MLP,s026,"{""alpha"": 0.0001, ""h"": 32}",160.872917,42.938292,96.3798828125,100,1000,0.057121385000000004,0.0017084613038643285,0.057042,0.059083,0.06271882999999999,0.075375,1000,0.166383722,0.002888631706856008,0.165958,0.171083,0.17970982000000002,0.183958,1000,0.22227522100000002,0.0032527636356532936,0.221917,0.22762705,0.23371217,0.2395,1000
10,MLP,s027,"{""alpha"": 0.0001, ""h"": 32}",147.359,50.173542,96.947265625,100,1000,0.057497107,0.0027166544268319858,0.0573545,0.059458,0.06538,0.118625,1000,0.16675170500000003,0.005876236759391798,0.166021,0.171458,0.17975249999999998,0.293,1000,0.223218577,0.004217576845597424,0.222541,0.22955559999999997,0.23701292,0.274875,1000
10,MLP,s028,"{""alpha"": 0.0001, ""h"": 128}",151.456916,48.030625,319.01171875,100,1000,0.05765945499999999,0.0018540239693309935,0.0575,0.059710099999999995,0.06608425,0.076458,1000,0.17493603500000002,0.002546813241182098,0.174583,0.17891605,0.18417033,0.196916,1000,0.23196326199999998,0.003320182856946218,0.2315,0.2377542,0.24266849999999998,0.259708,1000
10,MLP,s029,"{""alpha"": 0.0001, ""h"": 64}",164.906125,42.806291,170.5244140625,100,1000,0.057604104,0.0018819915768885573,0.0575,0.059586049999999995,0.06554616,0.075375,1000,0.174852748,0.003381522341467204,0.174333,0.17971105,0.18437958000000002,0.239375,1000,0.231706258,0.0049718356150237715,0.231125,0.23754315,0.24246217,0.344875,1000
10,MLP,s030,"{""alpha"": 0.0001, ""h"": 128}",147.334709,52.390458,319.3154296875,100,1000,0.059174592000000005,0.012048377823329981,0.058084,0.061879149999999994,0.07635466999999997,0.282125,1000,0.178713196,0.021286516886770242,0.176375,0.18471635,0.19584675999999998,0.57475,1000,0.23953650299999998,0.06416759960349822,0.233333,0.24433605,0.34524007999999984,1.881166,1000
10,MLP,s031,"{""alpha"": 0.0001, ""h"": 64}",166.08525,43.938334,170.6044921875,100,1000,0.057604853000000004,0.0019606851526083064,0.0574795,0.060252099999999996,0.065093,0.080875,1000,0.174639802,0.004206452626441251,0.173917,0.18104105,0.1896375,0.237083,1000,0.23185761200000002,0.007670710879498253,0.230583,0.23929615,0.24835049999999997,0.384625,1000
10,MLP,s032,"{""alpha"": 0.0001, ""h"": 32}",136.068708,50.546084,96.9443359375,100,1000,0.057342249,0.001463697642885575,0.057375,0.059169049999999994,0.06204101,0.073166,1000,0.166380182,0.002381275309361557,0.166125,0.17000415000000002,0.17629309,0.183666,1000,0.222287572,0.0030176069615824056,0.22175,0.22833925,0.23154323999999998,0.237917,1000
10,MLP,s033,"{""alpha"": 0.0001, ""h"": 64}",169.68075,48.64575,170.9033203125,100,1000,0.05770808200000001,0.0018418096133769979,0.057584,0.060044099999999996,0.06392308999999999,0.074417,1000,0.17531654,0.0035984039719777925,0.17475,0.18,0.18671133,0.241625,1000,0.232379427,0.005412369831771184,0.23175,0.23825415,0.24478416999999997,0.331416,1000
10,MLP,s034,"{""alpha"": 0.0001, ""h"": 32}",162.891041,65.819667,97.9931640625,100,1000,0.057222459999999996,0.0017163978437291154,0.057208,0.059211049999999994,0.06308425,0.072291,1000,0.16728215600000002,0.0035480971591988738,0.166917,0.171208,0.17676124999999998,0.239209,1000,0.22455757999999998,0.004248693840340694,0.224125,0.22966605,0.23541783,0.317291,1000
10,MLP,s035,"{""alpha"": 0.0001, ""h"": 64}",148.968459,40.480792,170.35546875,100,1000,0.057726481999999996,0.00233683181307483,0.057334,0.06267529999999999,0.06663,0.073167,1000,0.17620689299999998,0.0061979267177944405,0.174875,0.18620805,0.19887667,0.294416,1000,0.23251037400000002,0.008417412160730138,0.2306875,0.24671010000000002,0.2635,0.373542,1000
10,MLP,s036,"{""alpha"": 0.0001, ""h"": 64}",166.790209,35.215042,169.900390625,100,1000,0.057634568000000004,0.0020322763075837805,0.057666,0.059542,0.06095842,0.102958,1000,0.17680778099999997,0.0031331253274256943,0.176541,0.1799601,0.18314125,0.242958,1000,0.232808809,0.0029036392567694143,0.232458,0.23716605,0.24070967000000001,0.26575,1000
10,MLP,s037,"{""alpha"": 0.0001, ""h"": 32}",174.495291,64.282917,97.8583984375,100,1000,0.057505480000000005,0.0021940448697532347,0.057417,0.059918099999999995,0.06263957999999999,0.087667,1000,0.167930128,0.004827186975010157,0.1672705,0.17241810000000002,0.18118350999999996,0.274708,1000,0.22380647299999998,0.005428312464245264,0.223042,0.22954615,0.24112541,0.308083,1000
10,MLP,s038,"{""alpha"": 0.0001, ""h"": 32}",146.571958,55.460292,97.2734375,100,1000,0.057605191,0.0015307055883209922,0.057667,0.0595,0.06241866,0.076792,1000,0.16871564900000002,0.002430106420923992,0.168417,0.17241905,0.17833342,0.190041,1000,0.225485135,0.0030619868141494398,0.2250835,0.23066905000000001,0.23412542,0.258167,1000
10,MLP,s039,"{""alpha"": 0.0001, ""h"": 32}",170.950458,50.305792,96.8720703125,100,1000,0.057286998,0.0016326243960000152,0.057375,0.059208,0.06147841999999998,0.075833,1000,0.16829334299999998,0.0026702829618689195,0.1679795,0.172125,0.18004533,0.187083,1000,0.22476256900000002,0.0033491922587431484,0.224208,0.2297101,0.23720925,0.254667,1000
10,MLP,s040,"{""alpha"": 0.0001, ""h"": 32}",136.683209,55.407792,97.30078125,100,1000,0.058092314,0.0029947310907174466,0.057834,0.060752099999999996,0.06850832999999999,0.11925,1000,0.167644585,0.00635513603794882,0.16675,0.1744652,0.18267824,0.299417,1000,0.22423666,0.007846606399099065,0.22318749999999998,0.23155355,0.24013,0.373958,1000
10,MLP,s041,"{""alpha"": 0.0001, ""h"": 64}",189.404083,56.927958,171.40625,100,1000,0.057216867,0.0019962588967601105,0.0570415,0.05942019999999999,0.06583633,0.083458,1000,0.17406811499999997,0.004095514455404769,0.173541,0.17825,0.18717573999999998,0.262208,1000,0.230236357,0.0036461527671715226,0.22975,0.2365872,0.24388167,0.261167,1000
10,MLP,s042,"{""alpha"": 0.0001, ""h"": 64}",147.566167,35.959417,170.0625,100,1000,0.056922892,0.0016466360467955895,0.056875,0.058666,0.06130141999999999,0.074875,1000,0.17461591299999998,0.0028879938379156632,0.17425,0.17900205,0.18592158,0.202083,1000,0.23127244,0.003510965498710167,0.230792,0.23725624999999997,0.24333342,0.256083,1000
10,MLP,s043,"{""alpha"": 0.0001, ""h"": 128}",172.642958,53.913125,319.3427734375,100,1000,0.058599831000000005,0.0045270475044499525,0.058166,0.061379199999999995,0.06833384,0.144208,1000,0.17826574399999998,0.01365167586336353,0.176354,0.18541905,0.20888584,0.4495,1000,0.235567351,0.016497758082343873,0.233375,0.24466905,0.26956874999999997,0.604708,1000
10,MLP,s044,"{""alpha"": 0.0001, ""h"": 64}",142.110625,41.146041,170.4150390625,100,1000,0.061676292,0.04555910632255253,0.058291,0.06614579999999999,0.10783732999999988,1.414584,1000,0.184061664,0.0517648268299609,0.178042,0.19990414999999997,0.28583323999999993,1.673917,1000,0.242650552,0.03261986211533887,0.2357705,0.2833350999999999,0.37128709,0.846458,1000
10,MLP,s046,"{""alpha"": 0.0001, ""h"": 32}",148.093666,68.860416,98.125,100,1000,0.058208492,0.0028787617378100393,0.057833,0.06171424999999999,0.069005,0.092791,1000,0.168940797,0.008865295745232723,0.167375,0.17738335,0.18909716999999998,0.283917,1000,0.22625955299999997,0.009980254288085341,0.2243545,0.2387122,0.25897065999999996,0.41,1000
10,MLP,s047,"{""alpha"": 0.0001, ""h"": 64}",152.862834,44.750208,170.6611328125,100,1000,0.059714241,0.008008102036009414,0.058416,0.06500834999999999,0.08646633999999999,0.159,1000,0.180177583,0.018373417101374804,0.177,0.18965414999999997,0.25630574,0.563333,1000,0.23977268300000001,0.024607697419197633,0.234542,0.25509855,0.38415341999999997,0.51025,1000
10,MLP,s048,"{""alpha"": 0.0001, ""h"": 32}",213.470042,59.094208,97.552734375,100,1000,0.058015107,0.00485337201969028,0.057792,0.05925,0.061833,0.165625,1000,0.166782612,0.004949988972541686,0.166458,0.169708,0.17496592,0.276834,1000,0.222717711,0.0032448729836711894,0.222167,0.22666905,0.23150084,0.274333,1000
10,MLP,s049,"{""alpha"": 0.0001, ""h"": 64}",207.853625,41.564292,170.462890625,100,1000,0.057703977999999996,0.0015350811632267823,0.057792,0.059625,0.060792,0.07875,1000,0.17437240299999998,0.0018940685775249442,0.174333,0.177125,0.17941741,0.193167,1000,0.23192709,0.006354537110426516,0.231542,0.23604615,0.23791783,0.415958,1000
10,MLP,s050,"{""alpha"": 0.0001, ""h"": 32}",176.369125,53.207625,97.0087890625,100,1000,0.059168753000000004,0.008459802685492639,0.057875,0.06430449999999999,0.08959240999999996,0.198792,1000,0.17163606900000003,0.018669731559150218,0.1675,0.18355145,0.27109758,0.42,1000,0.229239369,0.021511323600603684,0.224333,0.25057435,0.32763958,0.61175,1000
10,MLP,s051,"{""alpha"": 0.0001, ""h"": 64}",161.1275,39.008083,170.13671875,100,1000,0.059461632,0.004727845133269509,0.058708,0.06441905,0.07692183999999999,0.126541,1000,0.178610107,0.01076486560775861,0.176292,0.1897521,0.21897849999999994,0.352292,1000,0.23727272700000002,0.014981270418753904,0.2336875,0.2537521,0.3059165799999999,0.423458,1000
10,MLP,s052,"{""alpha"": 0.0001, ""h"": 128}",182.203875,54.917416,319.0107421875,100,1000,0.058799587,0.006931570618963402,0.058042,0.062296149999999995,0.07887833,0.209958,1000,0.17971441599999996,0.022591650862644894,0.176583,0.18621635,0.25303966999999966,0.514417,1000,0.237742589,0.031798014381698395,0.233166,0.2457521,0.3655494099999998,0.771916,1000
10,MLP,s053,"{""alpha"": 0.0001, ""h"": 32}",151.257083,82.04975,99.134765625,100,1000,0.057842433,0.002171614202328478,0.057708,0.060418099999999995,0.06437916,0.082416,1000,0.16774536,0.005505518743682291,0.166958,0.17233605,0.18109023999999999,0.308875,1000,0.224902243,0.009093004442192732,0.223833,0.23091605,0.24268532999999998,0.369875,1000
10,MLP,s054,"{""alpha"": 0.0001, ""h"": 128}",127.022709,39.8545,318.568359375,100,1000,0.058467578000000006,0.0012915406936211018,0.0585,0.059958,0.06241825,0.075667,1000,0.175062095,0.002217081778281214,0.174917,0.1778351,0.18275042,0.196542,1000,0.230429613,0.0026618528824859946,0.230042,0.234708,0.23892324999999998,0.255167,1000
10,MLP,s055,"{""alpha"": 0.0001, ""h"": 32}",211.762167,49.096041,96.78515625,100,1000,0.057160703,0.001397168195228032,0.057208,0.0589601,0.060544919999999995,0.076084,1000,0.166782873,0.002213597679244483,0.1665,0.17059345,0.17362625,0.190666,1000,0.222688433,0.002717612785656516,0.222417,0.227083,0.23104309,0.242958,1000
10,MLP,s056,"{""alpha"": 0.0001, ""h"": 32}",147.011416,54.260167,97.220703125,100,1000,0.05757665,0.002016671817802966,0.0575,0.05979105,0.06371816,0.091208,1000,0.16737773900000003,0.008299117276822485,0.166583,0.1709232,0.18050833,0.3665,1000,0.22429126800000002,0.012186077163583562,0.22325,0.22901875,0.23812792,0.500292,1000
10,MLP,s057,"{""alpha"": 0.0001, ""h"": 64}",160.379292,37.054334,170.103515625,100,1000,0.057586078,0.0025137940111007993,0.057166,0.06254405,0.06658509,0.078833,1000,0.176464015,0.010073497011704517,0.174583,0.187542,0.19966934,0.41675,1000,0.233306958,0.013117039278956272,0.231208,0.24604310000000001,0.26346691,0.438959,1000
50,k-NN,s002,"{""k"": 7}",5.742375,0.4325,39.142578125,100,1000,0.079137214,0.03162605569414202,0.064708,0.15626664999999998,0.19435759,0.283375,1000,0.26712269400000005,0.08575159252255621,0.251187,0.41867079999999995,0.5054963399999999,0.642917,1000,0.346549848,0.11232270627561451,0.3175,0.5511853999999999,0.6887713299999999,0.870583,1000
50,k-NN,s003,"{""k"": 7}",4.149875,0.4185,39.142578125,100,1000,0.07247459399999999,0.026112751973562588,0.063209,0.12784439999999986,0.17950249999999998,0.224583,1000,0.199465642,0.07578854462516242,0.1598125,0.3641038499999999,0.4432961699999999,0.9855,1000,0.27083469200000004,0.08986479110522386,0.22170849999999998,0.47428954999999995,0.5620394999999999,0.76325,1000
50,k-NN,s004,"{""k"": 3}",3.459833,0.227958,39.142578125,100,1000,0.07893786600000001,0.033582469791981845,0.063833,0.1571913499999999,0.19855351,0.285833,1000,0.242147354,0.1301399841491193,0.2260005,0.4607648999999999,0.6727144899999999,2.141916,1000,0.32156027099999995,0.14203125009714487,0.29781250000000004,0.6043180999999996,0.78947816,1.324833,1000
50,k-NN,s005,"{""k"": 7}",3.773333,0.226292,39.142578125,100,1000,0.071007193,0.02248666190770659,0.062708,0.12226454999999999,0.15973132999999998,0.195166,1000,0.19568009999999997,0.06961076010084805,0.1586665,0.3535812499999999,0.43104383999999996,0.522083,1000,0.26429542399999995,0.08646602386029112,0.219875,0.4650625,0.5804280900000001,0.711792,1000
50,k-NN,s007,"{""k"": 7}",3.475292,0.227167,39.142578125,100,1000,0.069583015,0.023896671792564262,0.0625,0.10989374999999998,0.17885574999999995,0.230583,1000,0.188121351,0.06012288670526036,0.158625,0.3149253,0.40490024999999996,0.527792,1000,0.25786555699999997,0.07732338658808344,0.220542,0.4012972999999999,0.5761633299999999,0.841083,1000
50,k-NN,s008,"{""k"": 3}",5.004583,0.402958,39.142578125,100,1000,0.06937835699999999,0.021021299008804582,0.0625,0.1097521,0.16397050999999999,0.206,1000,0.174685255,0.053540052496531106,0.1487705,0.28628539999999997,0.37689833,0.471458,1000,0.243347161,0.06865615055623407,0.21025,0.38346044999999995,0.48725448999999993,0.625875,1000
50,k-NN,s010,"{""k"": 5}",3.494167,0.230209,39.142578125,100,1000,0.068822625,0.02160739205234354,0.06225,0.10892529999999999,0.16516684,0.237292,1000,0.178328521,0.05509807865453186,0.15325,0.2926663499999999,0.40143791999999995,0.458792,1000,0.24696830599999997,0.06909516250643133,0.215375,0.3843896,0.51554976,0.592166,1000
50,k-NN,s011,"{""k"": 3}",3.655083,0.23075,39.142578125,100,1000,0.07064024599999999,0.022588676580382862,0.0623125,0.1141816,0.16828042,0.202083,1000,0.178619876,0.05812606754175353,0.1496455,0.28222885,0.4047792499999999,0.487333,1000,0.25105648199999997,0.07491455507213089,0.21222950000000002,0.4138107,0.5166824099999999,0.622709,1000
50,k-NN,s012,"{""k"": 1}",3.662834,0.222875,39.142578125,100,1000,0.07125923,0.0253931897232589,0.0625835,0.13126454999999987,0.17693516999999997,0.217375,1000,0.18272841,0.07673652040195267,0.14385399999999998,0.34767325,0.46632916999999974,0.721542,1000,0.254583307,0.09651413369936285,0.205375,0.4684687499999999,0.59885616,0.927625,1000
50,k-NN,s013,"{""k"": 5}",3.789333,0.223458,39.142578125,100,1000,0.07027792,0.02344217527682338,0.0621455,0.12079134999999992,0.17225584,0.22475,1000,0.183237406,0.06112847624116547,0.154,0.30407534999999986,0.42245574999999996,0.483333,1000,0.255192839,0.08188191938062109,0.216396,0.43977704999999995,0.5404584999999998,0.781667,1000
50,k-NN,s015,"{""k"": 3}",3.597916,0.226833,39.142578125,100,1000,0.068360248,0.019195930186897334,0.062625,0.10864019999999995,0.1595,0.184292,1000,0.174629641,0.058989022180588324,0.14843699999999999,0.2944538499999999,0.42187667,0.53175,1000,0.24254002000000002,0.07140542142204652,0.21058349999999998,0.38367435,0.5331595899999999,0.661833,1000
50,k-NN,s016,"{""k"": 5}",3.67625,0.231166,39.142578125,100,1000,0.07215633600000002,0.02411842635926215,0.0635,0.11391905000000001,0.17450584,0.241209,1000,0.186978973,0.05700825178873913,0.155375,0.3076999999999999,0.3699062499999999,0.459625,1000,0.25680374699999997,0.07269758664400665,0.217833,0.4171607499999999,0.49964415999999995,0.56425,1000
50,k-NN,s017,"{""k"": 7}",3.801667,0.250167,39.142578125,100,1000,0.068752247,0.01948474570799671,0.063167,0.10704405,0.16143491999999998,0.20375,1000,0.18005042,0.047807573339484724,0.159083,0.2806544999999999,0.37343017,0.446958,1000,0.248016162,0.06054938992548236,0.221166,0.3661044499999999,0.47616624999999996,0.665958,1000
50,k-NN,s018,"{""k"": 1}",3.413667,0.226375,39.142578125,100,1000,0.07148597200000001,0.02431364181173535,0.063125,0.11371105000000001,0.17413792,0.233041,1000,0.17273522600000002,0.05125907288787272,0.1447295,0.2820103999999999,0.33590773999999995,0.396625,1000,0.245477809,0.06981950320598428,0.2076045,0.39631909999999987,0.47721899,0.639,1000
50,k-NN,s019,"{""k"": 7}",3.400292,0.227,39.142578125,100,1000,0.072012129,0.023625595761958395,0.06310450000000001,0.11999854999999995,0.17154283,0.202542,1000,0.18753113600000001,0.057987727056841284,0.159,0.30639554999999996,0.40729241,0.462042,1000,0.259137342,0.07522408120346796,0.221,0.4322523999999999,0.5175704099999999,0.600542,1000
50,k-NN,s020,"{""k"": 5}",4.82775,0.23225,39.142578125,100,1000,0.071352242,0.024172542615867945,0.0628335,0.12629824999999997,0.16856433999999998,0.240958,1000,0.19674825599999998,0.07636137759362688,0.153771,0.37797704999999976,0.44233924999999996,0.538625,1000,0.267887409,0.09249108673241255,0.2161245,0.4833066,0.5733557499999999,0.862708,1000
50,k-NN,s021,"{""k"": 5}",3.409459,0.226042,39.142578125,100,1000,0.07081482200000001,0.02266840918960798,0.0628955,0.1165684499999999,0.16615624999999998,0.196541,1000,0.183019655,0.062247371200713164,0.1535205,0.31056279999999975,0.4044044999999999,0.789916,1000,0.255308568,0.07982438896109627,0.215646,0.42859404999999995,0.56557125,0.678709,1000
50,k-NN,s022,"{""k"": 5}",3.501292,0.226167,39.142578125,100,1000,0.06887704,0.02071951077325628,0.062666,0.10929725,0.17125625,0.206,1000,0.17637408599999999,0.05294781783548916,0.1534165,0.29030565,0.39484008,0.452625,1000,0.242400635,0.0659565618935113,0.214396,0.36917144999999996,0.50721834,0.673417,1000
50,k-NN,s024,"{""k"": 7}",3.444083,0.222334,39.142578125,100,1000,0.069085882,0.02108640336043003,0.0626665,0.1102521,0.16716582999999996,0.194834,1000,0.18502731699999997,0.058092314242751505,0.158292,0.3094228999999999,0.39363240999999993,0.53275,1000,0.25199854299999996,0.07200250140174477,0.219375,0.41238714999999987,0.5325012499999999,0.618875,1000
50,k-NN,s025,"{""k"": 1}",3.420792,0.231042,39.142578125,100,1000,0.06832841099999999,0.018126321434665995,0.063333,0.10588749999999998,0.15971966999999998,0.225083,1000,0.16140058499999999,0.046813900464429035,0.145,0.2525193499999999,0.34660008999999997,0.780333,1000,0.227465553,0.057005030956324566,0.206708,0.34372674999999997,0.44579283000000003,0.645,1000
50,k-NN,s026,"{""k"": 3}",3.490208,0.22175,39.142578125,100,1000,0.070477734,0.02351616161554373,0.062958,0.11523924999999997,0.16848341999999997,0.237458,1000,0.181849494,0.06510485751247509,0.1501875,0.31197739999999996,0.43543290999999995,0.591209,1000,0.25219402,0.08268943767354067,0.211416,0.42926665,0.580734,0.706417,1000
50,k-NN,s027,"{""k"": 1}",4.206459,0.249375,39.142578125,100,1000,0.069019162,0.022120385452978536,0.062417,0.11029374999999995,0.17124675999999997,0.236333,1000,0.16924779500000003,0.05601177576884842,0.1435835,0.27860034999999994,0.38674801,0.530125,1000,0.23829651799999998,0.07362407969797007,0.2037295,0.3858972499999999,0.5119362499999999,0.684084,1000
50,k-NN,s028,"{""k"": 5}",4.181459,0.238083,39.142578125,100,1000,0.09169217,0.045177676931112694,0.06927050000000001,0.18846429999999997,0.23217415999999996,0.472875,1000,0.382347824,0.5084712554638994,0.357708,0.54438395,0.81417175,15.884166,1000,0.5610071249999999,2.4751622936555298,0.43610400000000005,0.7085336499999995,1.1214083399999997,73.359875,1000
50,k-NN,s029,"{""k"": 3}",5.672417,0.42275,39.142578125,100,1000,0.084406743,0.03875333204602697,0.065416,0.17754584999999995,0.20916291999999997,0.246375,1000,0.32270773099999994,0.7268485550937503,0.2972705,0.49484439999999996,0.6085403299999999,22.931875,1000,0.45379378500000006,2.1914325088881075,0.371771,0.6629048,0.7923777399999999,69.524,1000
50,k-NN,s030,"{""k"": 7}",3.979542,0.237041,39.142578125,100,1000,0.079279,0.03414217622330573,0.064375,0.16176454999999998,0.19562549999999998,0.286542,1000,0.26071372200000004,0.10270647989081448,0.2435205,0.4522124999999999,0.5019338399999999,0.568167,1000,0.342517093,0.1272149377641269,0.314562,0.5872975999999999,0.6811616699999999,0.828417,1000
50,k-NN,s031,"{""k"": 5}",4.323458,0.229958,39.142578125,100,1000,0.073540333,0.028311902470402876,0.063708,0.1398898999999999,0.18146858,0.247042,1000,0.21291981799999998,0.09507081855827379,0.15827049999999998,0.40777084999999996,0.55284191,0.80525,1000,0.28670637,0.11525290865055647,0.220833,0.5355975999999999,0.71281542,0.976916,1000
50,k-NN,s032,"{""k"": 7}",3.998375,0.316458,39.142578125,100,1000,0.07936930099999999,0.03391428621519086,0.0643955,0.16296429999999998,0.20048383999999997,0.247625,1000,0.23861978699999997,0.10390132945877513,0.183458,0.4416419999999999,0.5438385699999999,0.857,1000,0.31648115800000004,0.12112886334372984,0.2742915,0.5681215,0.67356458,0.827417,1000
50,k-NN,s033,"{""k"": 3}",3.826875,0.231541,39.142578125,100,1000,0.079605234,0.03409732526107001,0.0640415,0.16246315,0.18972357999999998,0.255,1000,0.23597572400000003,0.09530809012681686,0.220375,0.4148930999999999,0.48839708,0.624125,1000,0.316946765,0.11836244277429084,0.2894795,0.5558704999999999,0.6512884199999998,0.804291,1000
50,k-NN,s034,"{""k"": 5}",3.978666,0.254584,39.142578125,100,1000,0.07484039499999999,0.029039208642756997,0.063834,0.15058364999999996,0.18285482999999997,0.243458,1000,0.20664044800000003,0.07956271230407165,0.15720849999999997,0.3675152499999999,0.47331499999999993,0.581583,1000,0.280515565,0.09824542408590639,0.2195835,0.4788569,0.6199799999999999,0.74625,1000
50,k-NN,s035,"{""k"": 5}",3.763917,0.235958,39.142578125,100,1000,0.076180107,0.031011917516167564,0.064167,0.15672674999999997,0.18958592,0.273083,1000,0.251516475,0.10456470114176314,0.234771,0.44595444999999995,0.51832684,0.756083,1000,0.327973445,0.12669223146092076,0.3020835,0.5728958,0.70336842,1.144834,1000
50,k-NN,s036,"{""k"": 3}",3.457417,0.2225,39.142578125,100,1000,0.071094173,0.024430919295284074,0.062834,0.1148267499999999,0.17654124999999996,0.245833,1000,0.180129934,0.06588929013578945,0.1492915,0.3115976,0.42840957999999996,0.605583,1000,0.25162075500000003,0.08175882967406424,0.211896,0.4191586499999999,0.5836644999999999,0.690458,1000
50,k-NN,s037,"{""k"": 5}",3.4495,0.2255,39.142578125,100,1000,0.070628968,0.022745669325919166,0.062917,0.111792,0.16971398999999998,0.237792,1000,0.182216924,0.05847005271255048,0.154292,0.3121660499999999,0.3884209199999999,0.525625,1000,0.251480231,0.07216425479178243,0.2156455,0.40958815,0.5044619899999999,0.593333,1000
50,k-NN,s038,"{""k"": 5}",3.849333,0.260792,39.142578125,100,1000,0.080218191,0.03524265656289448,0.06375,0.16125559999999992,0.19339648999999995,0.244292,1000,0.25423631799999996,0.10508211767493994,0.236479,0.4410535,0.5384840799999999,0.82575,1000,0.334465431,0.12840713012718857,0.307083,0.5806372,0.71186107,0.956375,1000
50,k-NN,s039,"{""k"": 3}",4.835042,0.2305,39.142578125,100,1000,0.07834616600000001,0.03260552564746029,0.064166,0.15271105000000001,0.18845967,0.265375,1000,0.226137858,0.09178077576129536,0.20566649999999997,0.41029614999999997,0.49085240999999996,0.57325,1000,0.30501964299999995,0.11400944535875333,0.27479149999999997,0.5581047999999998,0.64076759,0.724667,1000
50,k-NN,s040,"{""k"": 1}",3.489708,0.222,39.142578125,100,1000,0.07399307399999999,0.026894181771112906,0.0635835,0.14086214999999985,0.18055324,0.246166,1000,0.199769128,0.0838198169855023,0.148167,0.3782207999999998,0.46619075,0.594833,1000,0.276874438,0.10849457873575621,0.21058349999999998,0.5074728999999998,0.64279324,0.711833,1000
50,k-NN,s041,"{""k"": 1}",3.687625,0.224125,39.142578125,100,1000,0.074110727,0.028319077997192674,0.063125,0.1445723,0.18204976,0.2355,1000,0.204673304,0.09651484419175603,0.14918700000000001,0.38654615,0.54569541,0.897959,1000,0.278427918,0.11025966010253797,0.21416649999999998,0.5116100999999998,0.68087509,0.892084,1000
50,k-NN,s042,"{""k"": 3}",5.311708,0.423541,39.142578125,100,1000,0.074530361,0.02529160672957815,0.06402050000000001,0.13168749999999993,0.17027124999999999,0.218042,1000,0.196412895,0.07252048105626857,0.152333,0.3540666499999999,0.44320933999999995,0.548583,1000,0.26946634399999997,0.08774217177841027,0.21552100000000002,0.4558327,0.5481592599999999,0.65625,1000
50,k-NN,s043,"{""k"": 7}",3.440667,0.225167,39.142578125,100,1000,0.07001346100000001,0.02301248807334411,0.062292,0.11562915,0.17704658,0.236625,1000,0.19561605099999996,0.0760075299457419,0.15825,0.3661292,0.48257783,0.69975,1000,0.264509447,0.09438529486583225,0.2201455,0.47330239999999996,0.6037204199999998,1.184792,1000
50,k-NN,s044,"{""k"": 7}",3.482584,0.22275,39.142578125,100,1000,0.07641836599999999,0.031289470142491095,0.06393750000000001,0.15601045,0.1954185,0.253667,1000,0.238047288,0.09896039028554063,0.192667,0.43895414999999993,0.51902291,0.611041,1000,0.311665525,0.12376835142180348,0.25145799999999996,0.5299044999999999,0.67507143,1.828584,1000
50,k-NN,s046,"{""k"": 5}",3.419291,0.229875,39.142578125,100,1000,0.085105212,0.03942385660557212,0.065708,0.17721279999999995,0.19780949999999997,0.291208,1000,0.31331307999999997,0.1021950349414113,0.32425000000000004,0.4745,0.55754908,0.654083,1000,0.399595625,0.13205691549451812,0.3922505,0.6427583,0.72172717,0.837292,1000
50,k-NN,s047,"{""k"": 5}",3.638625,0.239625,39.142578125,100,1000,0.076878848,0.029663311800739375,0.063959,0.15132325,0.18846132999999998,0.233,1000,0.21600756000000002,0.11116471762623842,0.15639599999999998,0.4074857499999997,0.5533029199999999,1.799209,1000,0.29098841899999994,0.13302267911190763,0.2188545,0.54041665,0.7257379999999999,1.879875,1000
50,k-NN,s048,"{""k"": 3}",4.913208,0.231708,39.142578125,100,1000,0.072402162,0.0255614319240093,0.062917,0.12210479999999999,0.18237792,0.229167,1000,0.193902787,0.07248827190656176,0.151292,0.35226939999999995,0.44004708,0.496084,1000,0.26536576,0.09013005130775827,0.21322950000000002,0.43554164999999995,0.57000009,0.782,1000
50,k-NN,s049,"{""k"": 5}",3.750709,0.221417,39.142578125,100,1000,0.071416284,0.023475683994345006,0.063083,0.11428539999999997,0.17500542,0.226542,1000,0.18836193299999998,0.06362281139802531,0.155479,0.33050625,0.40250383999999995,0.473084,1000,0.25937964799999996,0.08044452855943185,0.217,0.4287380999999999,0.55630325,0.690208,1000
50,k-NN,s050,"{""k"": 3}",3.448291,0.223958,39.142578125,100,1000,0.07145296399999998,0.02403411084977023,0.063292,0.12590419999999997,0.17050708,0.201792,1000,0.181088169,0.06699413557241808,0.1491455,0.3182996999999999,0.44219032999999996,0.528959,1000,0.25257774,0.08571371888861266,0.21129150000000002,0.42887324999999993,0.5873336599999999,0.734166,1000
50,k-NN,s051,"{""k"": 3}",3.775333,0.22825,39.142578125,100,1000,0.073016876,0.026077957598844875,0.063291,0.1330684499999999,0.17563299999999996,0.249291,1000,0.19586873,0.09236737827339368,0.1514585,0.35962914999999995,0.49758157999999997,1.484792,1000,0.26861789599999997,0.12088013849586692,0.21352100000000002,0.47117085,0.6218426799999999,2.329708,1000
50,k-NN,s052,"{""k"": 3}",3.427666,0.228292,39.142578125,100,1000,0.067864749,0.018795376573789352,0.06225,0.1089223,0.16351091999999995,0.214542,1000,0.172817286,0.05487982709280287,0.149125,0.2733631499999997,0.39142699000000003,0.517708,1000,0.24164002099999998,0.07156979947076032,0.210333,0.4169725999999998,0.51597092,0.6645,1000
50,k-NN,s053,"{""k"": 7}",3.47925,0.2245,39.142578125,100,1000,0.072785999,0.024108119084216787,0.063875,0.11727259999999984,0.17564915999999997,0.200917,1000,0.19419373299999998,0.06407975978558197,0.1601455,0.33513539999999997,0.41154908,0.53775,1000,0.26597009200000005,0.08023021772207319,0.22162500000000002,0.44465625,0.51697226,0.644084,1000
50,k-NN,s054,"{""k"": 1}",3.416542,0.223417,39.142578125,100,1000,0.067580435,0.01892011515390993,0.062333,0.10533605,0.15177124999999997,0.222292,1000,0.15884658899999998,0.042470532288811425,0.142625,0.24960029999999997,0.3144304999999999,0.449791,1000,0.22527482,0.05519059268645955,0.2038755,0.33851729999999997,0.43631533,0.677042,1000
50,k-NN,s055,"{""k"": 5}",3.824125,0.233584,39.142578125,100,1000,0.079980162,0.02778005419131915,0.065125,0.14049194999999992,0.17343657999999998,0.205125,1000,0.26463253800000003,0.07840794833242518,0.246375,0.3842044499999999,0.47475917,1.239625,1000,0.342757571,0.09124577988236662,0.3144375,0.5007107,0.63908941,0.880958,1000
50,k-NN,s056,"{""k"": 5}",4.139916,0.259667,39.142578125,100,1000,0.074455383,0.025465150049024457,0.064291,0.12404199999999989,0.17754892,0.242375,1000,0.20180841900000002,0.0701572764896977,0.15820849999999997,0.34829344999999995,0.4221802499999999,0.543,1000,0.275877608,0.08519058644030089,0.2227295,0.4513038499999998,0.53431617,0.661208,1000
50,k-NN,s057,"{""k"": 7}",3.603,0.2265,39.142578125,100,1000,0.06753886199999999,0.01876751529738003,0.062292,0.106583,0.16417658,0.210625,1000,0.17435402599999997,0.043579048322743806,0.157333,0.26768749999999997,0.34096258999999995,0.42875,1000,0.242419384,0.06044620860688858,0.218438,0.36883059999999984,0.4619723299999999,0.691541,1000
50,LDA,s002,{},0.00075,0.771583,2.95703125,100,1000,0.056232905,0.001778958612143273,0.055833,0.058833,0.060877499999999994,0.071917,1000,0.062214030000000003,0.0013978255948055521,0.062,0.06441605,0.06670842,0.078291,1000,0.11805484599999999,0.004056936969668108,0.11775,0.120958,0.12604574,0.183833,1000
50,LDA,s003,{},0.000791,0.740834,2.95703125,100,1000,0.056214349,0.0023191751440000278,0.055875,0.05887914999999999,0.06229766999999999,0.100916,1000,0.061920205,0.002445493725720338,0.061583,0.064333,0.06746149,0.120333,1000,0.117675292,0.004392043837190583,0.117291,0.12154405,0.12617325,0.220875,1000
50,LDA,s004,{},0.000875,0.974917,2.95703125,100,1000,0.056176960000000005,0.002063754570031361,0.055875,0.058708,0.06341783,0.074125,1000,0.062338695,0.001432776886183115,0.062125,0.06425205,0.06696342,0.0765,1000,0.117826584,0.0023786588769718502,0.11766650000000001,0.121125,0.12630157999999997,0.139334,1000
50,LDA,s005,{},0.001041,1.043,2.95703125,100,1000,0.056451954,0.0017048350889644914,0.056209,0.058794049999999994,0.06087584,0.072417,1000,0.06240173,0.0016354024937049654,0.062083,0.06475,0.06759398999999999,0.078708,1000,0.11825933599999999,0.002414527331661277,0.118,0.121875,0.12800291,0.135542,1000
50,LDA,s007,{},0.001084,1.048958,2.95703125,100,1000,0.056230962,0.0016085240657901974,0.055958,0.058458,0.06112583,0.0715,1000,0.06215658,0.0015949299430141517,0.062,0.06404105,0.06859051,0.076625,1000,0.11787167500000001,0.002197057815447606,0.117667,0.121,0.12401,0.146,1000
50,LDA,s008,{},0.000875,1.053583,2.95703125,100,1000,0.055409678999999996,0.0019376806776059286,0.0549585,0.0577101,0.06245925,0.078375,1000,0.061562106,0.001377708047529748,0.061417,0.063625,0.06545925,0.078,1000,0.11649487500000001,0.002363676850931747,0.116291,0.12008925,0.124708,0.137667,1000
50,LDA,s010,{},0.000916,1.046875,2.95703125,100,1000,0.055904559000000006,0.0016064641282999498,0.055708,0.05816905,0.05908425,0.069167,1000,0.061808898999999994,0.0012666214290953889,0.061625,0.0637101,0.06579184,0.072959,1000,0.118109111,0.002192295988770989,0.117917,0.1212931,0.12671107999999998,0.132375,1000
50,LDA,s011,{},0.000666,1.048167,2.95703125,100,1000,0.05637125899999999,0.0017461763575855654,0.056125,0.058794049999999994,0.06195941,0.07075,1000,0.06223147799999999,0.0014563382129527843,0.062083,0.06425205,0.06787667,0.077958,1000,0.118113244,0.002331694148911485,0.117916,0.121417,0.12708467,0.140041,1000
50,LDA,s012,{},0.000625,1.05975,2.95703125,100,1000,0.058082067999999994,0.025188468457741184,0.055625,0.05975419999999999,0.09989157999999969,0.655792,1000,0.06467962199999999,0.025021406232323535,0.061708,0.06575,0.12688457999999989,0.494459,1000,0.12119278,0.027952858387141944,0.117583,0.1235431,0.2290321699999996,0.540125,1000
50,LDA,s013,{},0.001084,0.816208,2.95703125,100,1000,0.05610483100000001,0.0020094983129898144,0.0558545,0.0587931,0.06333467,0.072791,1000,0.061919454,0.001578912160791568,0.061666,0.06420805,0.06704574,0.078625,1000,0.117808823,0.004088636863683794,0.1175,0.12179614999999999,0.12809217,0.217375,1000
50,LDA,s015,{},0.001,0.851167,2.95703125,100,1000,0.055811882,0.0019301114248115806,0.055541,0.058084,0.06322508999999998,0.071625,1000,0.06165071500000001,0.0013252648198068262,0.061417,0.06375,0.06641684,0.0735,1000,0.117134631,0.002389469316491308,0.11681250000000001,0.12054614999999999,0.12779449999999998,0.133083,1000
50,LDA,s016,{},0.000875,0.830834,2.95703125,100,1000,0.055897875,0.0016706135588573563,0.055625,0.05825,0.06075459,0.067625,1000,0.06185819599999999,0.0015039223337559597,0.061583,0.064084,0.06709633999999999,0.074458,1000,0.116905417,0.00207079712909325,0.116708,0.120208,0.1230435,0.134084,1000
50,LDA,s017,{},0.000292,0.842375,2.95703125,100,1000,0.055993585000000005,0.0035325036757226443,0.0555835,0.058711049999999994,0.06379242,0.129375,1000,0.06197683,0.00253669098872375,0.061666,0.0647521,0.06992059,0.105042,1000,0.116928822,0.003443033553185962,0.116417,0.12129105,0.12733525,0.177625,1000
50,LDA,s018,{},0.000459,0.787833,2.95703125,100,1000,0.05469608200000001,0.0018143613086246734,0.054458,0.05691905,0.05821092,0.083125,1000,0.060645132,0.0012645020664483128,0.0605,0.062375,0.06458384,0.074708,1000,0.114807636,0.0017867714167177614,0.114667,0.11775,0.12020924999999999,0.125292,1000
50,LDA,s019,{},0.000792,0.74625,2.95703125,100,1000,0.056503813,0.0029367010718178684,0.05575,0.0627101,0.06670925,0.071667,1000,0.06307550399999999,0.0029421230701899862,0.061959,0.069083,0.07200124999999999,0.074958,1000,0.119270003,0.005963253964643617,0.1174585,0.12958605,0.13475417,0.2215,1000
50,LDA,s020,{},0.001167,0.820375,2.95703125,100,1000,0.056288513,0.0018729028124213432,0.055917,0.058667,0.061629159999999995,0.072583,1000,0.06239789500000001,0.0015400091311739362,0.062083,0.064708,0.06775125,0.07525,1000,0.11726068,0.0024353252638489023,0.117083,0.12054105,0.12600042,0.142208,1000
50,LDA,s021,{},0.000958,0.864292,2.95703125,100,1000,0.056396422,0.0021798954374084175,0.055958,0.059252049999999994,0.06350084,0.085708,1000,0.062502682,0.00884282791217608,0.061875,0.064958,0.07058675,0.334167,1000,0.118276174,0.005586156088901701,0.11756249999999999,0.12275,0.130755,0.220708,1000
50,LDA,s022,{},0.000958,0.865333,2.95703125,100,1000,0.055655744,0.0016098156692469345,0.055292,0.058125,0.06104184,0.067334,1000,0.061092583000000006,0.0015057155536287198,0.060875,0.06291905,0.06754741,0.076083,1000,0.116419275,0.0022584223149640804,0.116125,0.11971105,0.12487583,0.137333,1000
50,LDA,s024,{},0.000833,0.817875,2.95703125,100,1000,0.05567126000000001,0.0016558601472428853,0.055167,0.058084,0.05958883999999999,0.068625,1000,0.061628266999999994,0.001123494973137694,0.0615,0.06366605,0.065213,0.068166,1000,0.118324422,0.0021382696015247453,0.118125,0.12158714999999999,0.12675667,0.134041,1000
50,LDA,s025,{},0.000416,0.804334,2.95703125,100,1000,0.055762996,0.0016919180099923693,0.0555205,0.05841904999999999,0.06066741,0.065,1000,0.062304826,0.001647836438683359,0.062041,0.064375,0.06900333,0.076875,1000,0.117723058,0.0023816683284333794,0.1175,0.12121219999999999,0.12609259,0.133958,1000
50,LDA,s026,{},0.000833,0.804209,2.95703125,100,1000,0.056193037,0.0021278412266701008,0.0558545,0.059,0.06329601,0.081583,1000,0.062224378000000004,0.0035816827484335396,0.061792,0.064417,0.06912833,0.139916,1000,0.117826855,0.003725780265738111,0.117375,0.12154825,0.12958774,0.188125,1000
50,LDA,s027,{},0.000875,0.824625,2.95703125,100,1000,0.055845785,0.001997066383201599,0.055375,0.0583351,0.0655435,0.070375,1000,0.061234193,0.0014399460477293494,0.061,0.0632521,0.06696092000000001,0.076667,1000,0.11650943100000001,0.0022231709147420816,0.116208,0.1199601,0.12429850999999999,0.133833,1000
50,LDA,s028,{},0.000875,0.831333,2.95703125,100,1000,0.055749667,0.0018160556175726335,0.055375,0.058125,0.06183925999999999,0.072291,1000,0.06138232,0.0041208305881625775,0.061,0.063375,0.0677105,0.181333,1000,0.11660546300000002,0.0030817223062767985,0.116167,0.12,0.12725,0.1765,1000
50,LDA,s029,{},0.000959,1.081875,2.95703125,100,1000,0.056059658,0.0018232455988016405,0.055833,0.058583050000000005,0.06159231999999999,0.069292,1000,0.061943270999999994,0.001977171681826953,0.061667,0.06408305,0.06741741000000001,0.101125,1000,0.11740540799999999,0.0028605996574033073,0.117125,0.12096214999999999,0.12666768,0.166417,1000
50,LDA,s030,{},0.001,1.164667,2.95703125,100,1000,0.056246825,0.0026111599366162143,0.055709,0.05954519999999999,0.06308675999999999,0.098625,1000,0.062010999,0.0031043886247911585,0.061541,0.06522049999999999,0.06837917,0.115792,1000,0.11770701199999999,0.004608901727851547,0.117083,0.1227152,0.12979849999999998,0.22775,1000
50,LDA,s031,{},0.000958,0.765625,2.95703125,100,1000,0.055546942,0.001843290803867807,0.055167,0.05791905,0.06016908,0.074875,1000,0.0617231,0.0014513608263447967,0.0615,0.063792,0.06566824,0.080125,1000,0.11691682599999999,0.002333189594827089,0.1167295,0.12021105,0.12487999999999999,0.136875,1000
50,LDA,s032,{},0.000792,0.744875,2.95703125,100,1000,0.05541651400000001,0.0017972773190483343,0.055042,0.05775205,0.061430169999999985,0.071708,1000,0.061058892000000003,0.0015388056326616148,0.060792,0.063166,0.06691643,0.073333,1000,0.116032694,0.002036875358383418,0.115791,0.119416,0.12263249999999999,0.12975,1000
50,LDA,s033,{},0.000958,0.759083,2.95703125,100,1000,0.056612749999999996,0.002650801469731736,0.056209,0.05917114999999999,0.06308675,0.100458,1000,0.062541601,0.0036605826288969336,0.062166,0.064708,0.06846732999999999,0.153375,1000,0.118455985,0.004201655137760791,0.1179585,0.1224601,0.12738417,0.188291,1000
50,LDA,s034,{},0.001,0.775917,2.95703125,100,1000,0.055766394,0.0018022814528256127,0.0555205,0.058167,0.06093490999999998,0.072708,1000,0.061517674,0.0013844084030192655,0.061334,0.063333,0.06670884,0.075792,1000,0.11696999100000001,0.0024606573222162326,0.11664550000000001,0.12042114999999999,0.12716825,0.134458,1000
50,LDA,s035,{},0.001084,0.768334,2.95703125,100,1000,0.055531371999999996,0.0017138610560180597,0.055458,0.0578771,0.060421159999999995,0.068875,1000,0.061674406,0.00168911860294617,0.061375,0.063708,0.06904324,0.078875,1000,0.116775957,0.0021506049727692635,0.116583,0.12016905,0.12296009,0.132459,1000
50,LDA,s036,{},0.000917,0.739834,2.95703125,100,1000,0.055637030000000004,0.0019657903323423718,0.055167,0.058125,0.06266768,0.075459,1000,0.062197767,0.0014954741313672366,0.061917,0.06429105,0.06679366,0.076333,1000,0.117579723,0.0021286878978463287,0.117541,0.12083605,0.12383467,0.132166,1000
50,LDA,s037,{},0.000959,0.731625,2.95703125,100,1000,0.056290076,0.002635165989461768,0.0560205,0.059252099999999995,0.06446009,0.096958,1000,0.062167883,0.002629557511448841,0.06175,0.06483305,0.06895883,0.122292,1000,0.117975302,0.004441364460959161,0.1173545,0.122167,0.13125459,0.186583,1000
50,LDA,s038,{},0.000959,1.109459,2.95703125,100,1000,0.055163568999999996,0.001815790410828039,0.054958,0.05741905,0.06271341999999999,0.0695,1000,0.061397945999999995,0.0015959419242910164,0.06125,0.06325205,0.06833675,0.076333,1000,0.11562146599999999,0.0021065269769810074,0.1154375,0.11854405,0.12362667,0.134,1000
50,LDA,s039,{},0.000875,1.100208,2.95703125,100,1000,0.05629558300000001,0.0016684477897549385,0.056042,0.058666050000000004,0.061460089999999995,0.070292,1000,0.063007643,0.001533626398273218,0.062792,0.065334,0.06816741000000001,0.074875,1000,0.11871827099999999,0.0022920939610507405,0.1185205,0.12225625,0.12820967,0.134792,1000
50,LDA,s040,{},0.000792,1.058959,2.95703125,100,1000,0.056461071,0.0017758393337513109,0.0562915,0.058708,0.06242741999999999,0.071042,1000,0.062336907,0.0012801758795703173,0.062167,0.064292,0.06629241000000001,0.075542,1000,0.11845576600000002,0.0022941097036926032,0.1183335,0.12187705,0.12604365999999997,0.141167,1000
50,LDA,s041,{},0.001208,1.07975,2.95703125,100,1000,0.056496042,0.001962314451417571,0.056291,0.058958050000000005,0.06383384,0.075583,1000,0.06282995899999999,0.003802917683598638,0.062416,0.0650431,0.07000083,0.155917,1000,0.11887886599999999,0.00318539516958735,0.118584,0.12238544999999999,0.12821174999999999,0.170416,1000
50,LDA,s042,{},0.001292,0.887292,2.95703125,100,1000,0.056474570999999994,0.001973071259015283,0.0563125,0.058836049999999994,0.06392242,0.074584,1000,0.061972789,0.0015342813365542517,0.061667,0.064125,0.068667,0.076833,1000,0.117922536,0.0023682809143328373,0.1176455,0.121542,0.12733467,0.14,1000
50,LDA,s043,{},0.000917,0.823041,2.95703125,100,1000,0.055129735,0.001720425790225977,0.05475,0.05754105,0.06104683999999999,0.071792,1000,0.061104307,0.0014519490903306198,0.060875,0.06304615,0.06597049999999999,0.074375,1000,0.115664587,0.002098082283347984,0.1155,0.11912705,0.12309232999999999,0.130916,1000
50,LDA,s044,{},0.000667,0.852125,2.95703125,100,1000,0.055788822,0.0017224625910868708,0.0553545,0.0583771,0.06150083,0.068709,1000,0.061553588000000006,0.0014814482701846986,0.061291,0.063583,0.06671191,0.075167,1000,0.117114364,0.0033788462213145,0.1167915,0.12054405,0.12708842,0.194417,1000
50,LDA,s046,{},0.00075,0.846291,2.95703125,100,1000,0.056561656,0.001522810022303514,0.056208,0.058833050000000005,0.06008883999999999,0.065458,1000,0.062426379,0.001257763354536543,0.062167,0.064542,0.06595925,0.071,1000,0.118693677,0.0019970554421723254,0.118583,0.12167114999999999,0.12496009,0.136167,1000
50,LDA,s047,{},0.000875,0.810875,2.95703125,100,1000,0.055731756,0.0016283532838057236,0.055375,0.058208050000000004,0.059794339999999994,0.069375,1000,0.062326007,0.0013827566260328824,0.062167,0.064458,0.06616825,0.076833,1000,0.117546083,0.001880067122870214,0.117458,0.12075,0.12270982999999999,0.132083,1000
50,LDA,s048,{},0.00075,0.827083,2.95703125,100,1000,0.055824439999999996,0.0015641078933059268,0.055604,0.058083,0.06095884,0.068084,1000,0.06133470199999999,0.0013523274561823948,0.0611045,0.063333,0.065209,0.0805,1000,0.116539631,0.0018757748377886585,0.116417,0.11983305,0.12191741,0.126083,1000
50,LDA,s049,{},0.001417,0.85625,2.95703125,100,1000,0.056258866,0.0019614486347571767,0.055958,0.05887704999999999,0.06221217,0.080375,1000,0.062464137999999995,0.0032680404715179825,0.062208,0.06442115,0.06704283,0.156334,1000,0.117654086,0.0027691488284015764,0.1175,0.1209181,0.12371383999999999,0.173334,1000
50,LDA,s050,{},0.001291,0.797542,2.95703125,100,1000,0.056434370000000005,0.0017256395843498365,0.056375,0.05866904999999999,0.061292259999999994,0.071958,1000,0.062269954999999995,0.0012291577692862701,0.062083,0.06429405,0.06658566,0.072458,1000,0.117736489,0.002057672793036392,0.117708,0.12079405,0.12416824,0.130959,1000
50,LDA,s051,{},0.00125,0.742375,2.95703125,100,1000,0.055398376,0.001536599375981348,0.0552085,0.057791050000000004,0.05983549999999999,0.066834,1000,0.060739676000000006,0.0011586744061225336,0.060542,0.062708,0.0645,0.067625,1000,0.115599151,0.0019559824333256347,0.115417,0.11871425,0.121625,0.132625,1000
50,LDA,s052,{},0.000375,0.742542,2.95703125,100,1000,0.055561266,0.0015046979202069355,0.0554165,0.057709,0.05979324,0.06525,1000,0.06101327499999999,0.0011859391928527138,0.060833,0.06295805,0.06483842,0.068375,1000,0.11603851,0.0018962787835983172,0.115875,0.1192521,0.12141824999999999,0.125625,1000
50,LDA,s053,{},0.000792,0.756417,2.95703125,100,1000,0.055168036999999996,0.001544327940049464,0.054833,0.0575,0.05970941,0.066292,1000,0.060745336000000004,0.0011444777282124698,0.060583,0.062667,0.0645855,0.068917,1000,0.115628383,0.002049187372398676,0.115458,0.119042,0.12125,0.137333,1000
50,LDA,s054,{},0.000875,0.721708,2.95703125,100,1000,0.05620830499999999,0.001628466333878468,0.0560205,0.058625,0.059838159999999994,0.069042,1000,0.062323092000000004,0.0012517481907592563,0.062166,0.064333,0.06637792,0.073375,1000,0.116783846,0.001967352084531006,0.116667,0.119959,0.12279226,0.127541,1000
50,LDA,s055,{},0.000875,0.721708,2.95703125,100,1000,0.056177916999999994,0.0031452638214651595,0.0558335,0.058292,0.060918089999999994,0.129875,1000,0.062115795,0.0019474175741692344,0.061792,0.06429405,0.06729283,0.097708,1000,0.11806443999999999,0.004238582430650772,0.117792,0.121208,0.12401249999999998,0.196625,1000
50,LDA,s056,{},0.00075,1.048666,2.95703125,100,1000,0.055328743,0.0015162724547745736,0.055,0.057833,0.05854325,0.068167,1000,0.061452874000000005,0.0011255140069781034,0.0613125,0.063292,0.06433384,0.067875,1000,0.11638922199999999,0.001741795736906338,0.116334,0.1191681,0.12079224999999999,0.126166,1000
50,LDA,s057,{},0.000708,1.022792,2.95703125,100,1000,0.056553081000000005,0.0017646750478384013,0.056542,0.058877099999999995,0.061502499999999995,0.073458,1000,0.062587149,0.0012775011976938068,0.062375,0.064625,0.06704366,0.073375,1000,0.119107041,0.002158825527219828,0.119,0.1220851,0.12687749999999998,0.136375,1000
50,Threshold,s002,{},0.0,0.024042,0.685546875,100,1000,0.0,0.0,0.0,0.0,0.0,0.0,1000,0.0026887720000000007,0.00012740630432746405,0.002667,0.00275,0.00312541,0.005584,1000,0.0026887720000000007,0.00012740630432746405,0.002667,0.00275,0.00312541,0.005584,1000
50,Threshold,s003,{},0.0,0.022625,0.685546875,100,1000,0.0,0.0,0.0,0.0,0.0,0.0,1000,0.002682975,0.00011296819104149265,0.002667,0.002791,0.00291601,0.005166,1000,0.002682975,0.00011296819104149265,0.002667,0.002791,0.00291601,0.005166,1000
50,Threshold,s004,{},0.0,0.023125,0.685546875,100,1000,0.0,0.0,0.0,0.0,0.0,0.0,1000,0.002679405,0.00012936259759550536,0.002667,0.00275,0.002875,0.006166,1000,0.002679405,0.00012936259759550536,0.002667,0.00275,0.002875,0.006166,1000
50,Threshold,s005,{},0.0,0.023042,0.685546875,100,1000,0.0,0.0,0.0,0.0,0.0,0.0,1000,0.00267591,0.0002892866375390655,0.002666,0.00275,0.002959,0.0105,1000,0.00267591,0.0002892866375390655,0.002666,0.00275,0.002959,0.0105,1000
50,Threshold,s007,{},0.0,0.023416,0.685546875,100,1000,0.0,0.0,0.0,0.0,0.0,0.0,1000,0.002672879,0.0003429552341802814,0.002625,0.002792,0.003,0.011417,1000,0.002672879,0.0003429552341802814,0.002625,0.002792,0.003,0.011417,1000
50,Threshold,s008,{},0.0,0.022291,0.685546875,100,1000,0.0,0.0,0.0,0.0,0.0,0.0,1000,0.0027735470000000008,0.0007164756794129095,0.002708,0.002875,0.0036358299999999905,0.017917,1000,0.0027735470000000008,0.0007164756794129095,0.002708,0.002875,0.0036358299999999905,0.017917,1000
50,Threshold,s010,{},0.0,0.021875,0.685546875,100,1000,0.0,0.0,0.0,0.0,0.0,0.0,1000,0.0027114580000000004,0.0001391375200493579,0.002708,0.002792,0.003125,0.006042,1000,0.0027114580000000004,0.0001391375200493579,0.002708,0.002792,0.003125,0.006042,1000
50,Threshold,s011,{},0.0,0.021958,0.685546875,100,1000,0.0,0.0,0.0,0.0,0.0,0.0,1000,0.0027063720000000003,0.00016172668653359945,0.002708,0.002792,0.0030830099999999997,0.006917,1000,0.0027063720000000003,0.00016172668653359945,0.002708,0.002792,0.0030830099999999997,0.006917,1000
50,Threshold,s012,{},0.0,0.023458,0.685546875,100,1000,0.0,0.0,0.0,0.0,0.0,0.0,1000,0.0026769560000000003,0.000157059930873173,0.002667,0.002792,0.00300041,0.006208,1000,0.0026769560000000003,0.000157059930873173,0.002667,0.002792,0.00300041,0.006208,1000
50,Threshold,s013,{},0.0,0.023042,0.685546875,100,1000,0.0,0.0,0.0,0.0,0.0,0.0,1000,0.0027134840000000004,0.0001949123304477183,0.002708,0.002833,0.00312541,0.00775,1000,0.0027134840000000004,0.0001949123304477183,0.002708,0.002833,0.00312541,0.00775,1000
50,Threshold,s015,{},0.0,0.022958,0.685546875,100,1000,0.0,0.0,0.0,0.0,0.0,0.0,1000,0.002667749,0.00011931293968625772,0.002666,0.002792,0.0030004199999999997,0.0055,1000,0.002667749,0.00011931293968625772,0.002666,0.002792,0.0030004199999999997,0.0055,1000
50,Threshold,s016,{},0.0,0.022833,0.685546875,100,1000,0.0,0.0,0.0,0.0,0.0,0.0,1000,0.002678831,0.00019989561950602543,0.002666,0.00275,0.00325,0.006459,1000,0.002678831,0.00019989561950602543,0.002666,0.00275,0.00325,0.006459,1000
50,Threshold,s017,{},0.0,0.022584,0.685546875,100,1000,0.0,0.0,0.0,0.0,0.0,0.0,1000,0.002713139,0.0005833506935889514,0.002667,0.002792,0.0032924099999999995,0.018125,1000,0.002713139,0.0005833506935889514,0.002667,0.002792,0.0032924099999999995,0.018125,1000
50,Threshold,s018,{},0.0,0.021542,0.685546875,100,1000,0.0,0.0,0.0,0.0,0.0,0.0,1000,0.0026936860000000003,0.00033968369171100105,0.002667,0.00279105,0.003333,0.012125,1000,0.0026936860000000003,0.00033968369171100105,0.002667,0.00279105,0.003333,0.012125,1000
50,Threshold,s019,{},0.0,0.022542,0.685546875,100,1000,0.0,0.0,0.0,0.0,0.0,0.0,1000,0.0026818490000000005,0.0001581964991121211,0.002667,0.00275,0.0032504199999999995,0.0065,1000,0.0026818490000000005,0.0001581964991121211,0.002667,0.00275,0.0032504199999999995,0.0065,1000
50,Threshold,s020,{},0.0,0.022583,0.685546875,100,1000,0.0,0.0,0.0,0.0,0.0,0.0,1000,0.002680122,0.00037565541671604857,0.002625,0.002752049999999998,0.00329101,0.013125,1000,0.002680122,0.00037565541671604857,0.002625,0.002752049999999998,0.00329101,0.013125,1000
50,Threshold,s021,{},0.0,0.022708,0.685546875,100,1000,0.0,0.0,0.0,0.0,0.0,0.0,1000,0.0027211110000000004,0.0002450588552195605,0.002708,0.002834,0.003042,0.009084,1000,0.0027211110000000004,0.0002450588552195605,0.002708,0.002834,0.003042,0.009084,1000
50,Threshold,s022,{},0.0,0.026125,0.685546875,100,1000,0.0,0.0,0.0,0.0,0.0,0.0,1000,0.0027126210000000006,0.00012757634217237175,0.002708,0.002792,0.003292,0.004875,1000,0.0027126210000000006,0.00012757634217237175,0.002708,0.002792,0.003292,0.004875,1000
50,Threshold,s024,{},0.0,0.027292,0.685546875,100,1000,0.0,0.0,0.0,0.0,0.0,0.0,1000,0.00277558,0.0005023050228058007,0.002709,0.002919049999999998,0.00316742,0.011416,1000,0.00277558,0.0005023050228058007,0.002709,0.002919049999999998,0.00316742,0.011416,1000
50,Threshold,s025,{},0.0,0.026167,0.685546875,100,1000,0.0,0.0,0.0,0.0,0.0,0.0,1000,0.0027173940000000006,0.00020413119876763156,0.002708,0.002833,0.0032094099999999998,0.00675,1000,0.0027173940000000006,0.00020413119876763156,0.002708,0.002833,0.0032094099999999998,0.00675,1000
50,Threshold,s026,{},0.0,0.024333,0.685546875,100,1000,0.0,0.0,0.0,0.0,0.0,0.0,1000,0.0026953780000000004,0.00023325186719413317,0.002667,0.002834,0.003041,0.008667,1000,0.0026953780000000004,0.00023325186719413317,0.002667,0.002834,0.003041,0.008667,1000
50,Threshold,s027,{},0.0,0.033333,0.685546875,100,1000,0.0,0.0,0.0,0.0,0.0,0.0,1000,0.0027729950000000003,0.001802033971769237,0.002708,0.0029160500000000003,0.00333301,0.059459,1000,0.0027729950000000003,0.001802033971769237,0.002708,0.0029160500000000003,0.00333301,0.059459,1000
50,Threshold,s028,{},0.0,0.029,0.685546875,100,1000,0.0,0.0,0.0,0.0,0.0,0.0,1000,0.002746213,0.0007189182367015473,0.002708,0.0029160500000000003,0.0030844099999999997,0.018625,1000,0.002746213,0.0007189182367015473,0.002708,0.0029160500000000003,0.0030844099999999997,0.018625,1000
50,Threshold,s029,{},0.0,0.024667,0.685546875,100,1000,0.0,0.0,0.0,0.0,0.0,0.0,1000,0.002751962,0.0008481791369777992,0.002667,0.002916,0.0032932399999999985,0.020875,1000,0.002751962,0.0008481791369777992,0.002667,0.002916,0.0032932399999999985,0.020875,1000
50,Threshold,s030,{},0.0,0.023291,0.685546875,100,1000,0.0,0.0,0.0,0.0,0.0,0.0,1000,0.0028010500000000002,0.0009049991762476964,0.00275,0.002917,0.003126249999999999,0.027917,1000,0.0028010500000000002,0.0009049991762476964,0.00275,0.002917,0.003126249999999999,0.027917,1000
50,Threshold,s031,{},0.0,0.025833,0.685546875,100,1000,0.0,0.0,0.0,0.0,0.0,0.0,1000,0.00276142,0.0007553383676536296,0.002708,0.0028360499999999984,0.0030830099999999997,0.018958,1000,0.00276142,0.0007553383676536296,0.002708,0.0028360499999999984,0.0030830099999999997,0.018958,1000
50,Threshold,s032,{},0.0,0.025416,0.685546875,100,1000,0.0,0.0,0.0,0.0,0.0,0.0,1000,0.002708217,0.0002898307122317314,0.002667,0.002917,0.0030424099999999997,0.009916,1000,0.002708217,0.0002898307122317314,0.002667,0.002917,0.0030424099999999997,0.009916,1000
50,Threshold,s033,{},0.0,0.040292,0.685546875,100,1000,0.0,0.0,0.0,0.0,0.0,0.0,1000,0.0027165600000000002,0.0002203590172797485,0.002708,0.002792,0.003125,0.008375,1000,0.0027165600000000002,0.0002203590172797485,0.002708,0.002792,0.003125,0.008375,1000
50,Threshold,s034,{},0.0,0.026,0.685546875,100,1000,0.0,0.0,0.0,0.0,0.0,0.0,1000,0.002710764,0.00041485510369412246,0.002667,0.002791,0.0032924099999999995,0.014833,1000,0.002710764,0.00041485510369412246,0.002667,0.002791,0.0032924099999999995,0.014833,1000
50,Threshold,s035,{},0.0,0.026375,0.685546875,100,1000,0.0,0.0,0.0,0.0,0.0,0.0,1000,0.0026736090000000004,0.00012988092690681787,0.002666,0.002792,0.00316601,0.005541,1000,0.0026736090000000004,0.00012988092690681787,0.002666,0.002792,0.00316601,0.005541,1000
50,Threshold,s036,{},0.0,0.025458,0.685546875,100,1000,0.0,0.0,0.0,0.0,0.0,0.0,1000,0.002693561,0.0003969935442210026,0.002667,0.002792,0.00329101,0.014375,1000,0.002693561,0.0003969935442210026,0.002667,0.002792,0.00329101,0.014375,1000
50,Threshold,s037,{},0.0,0.0235,0.685546875,100,1000,0.0,0.0,0.0,0.0,0.0,0.0,1000,0.002877905,0.0026140457756688752,0.002709,0.002961049999999998,0.003458,0.081625,1000,0.002877905,0.0026140457756688752,0.002709,0.002961049999999998,0.003458,0.081625,1000
50,Threshold,s038,{},0.0,0.026875,0.685546875,100,1000,0.0,0.0,0.0,0.0,0.0,0.0,1000,0.0026905720000000004,0.00012607416670956626,0.002667,0.0027940499999999984,0.003,0.0055,1000,0.0026905720000000004,0.00012607416670956626,0.002667,0.0027940499999999984,0.003,0.0055,1000
50,Threshold,s039,{},0.0,0.024542,0.685546875,100,1000,0.0,0.0,0.0,0.0,0.0,0.0,1000,0.0027301100000000004,0.00016844460657879635,0.002708,0.002834,0.0030424099999999997,0.006334,1000,0.0027301100000000004,0.00016844460657879635,0.002708,0.002834,0.0030424099999999997,0.006334,1000
50,Threshold,s040,{},0.0,0.025708,0.685546875,100,1000,0.0,0.0,0.0,0.0,0.0,0.0,1000,0.003139874,0.0061558310716187045,0.002708,0.003291,0.006269579999999983,0.135792,1000,0.003139874,0.0061558310716187045,0.002708,0.003291,0.006269579999999983,0.135792,1000
50,Threshold,s041,{},0.0,0.042042,0.685546875,100,1000,0.0,0.0,0.0,0.0,0.0,0.0,1000,0.003316334,0.004144144926714994,0.002708,0.003542,0.030507089999999994,0.053708,1000,0.003316334,0.004144144926714994,0.002708,0.003542,0.030507089999999994,0.053708,1000
50,Threshold,s042,{},0.0,0.041792,0.685546875,100,1000,0.0,0.0,0.0,0.0,0.0,0.0,1000,0.0026491050000000006,0.00018617121607997488,0.002625,0.002833,0.00312541,0.006291,1000,0.0026491050000000006,0.00018617121607997488,0.002625,0.002833,0.00312541,0.006291,1000
50,Threshold,s043,{},0.0,0.041792,0.685546875,100,1000,0.0,0.0,0.0,0.0,0.0,0.0,1000,0.0027667950000000003,0.00015522057983206804,0.0027295,0.003,0.003375,0.005625,1000,0.0027667950000000003,0.00015522057983206804,0.0027295,0.003,0.003375,0.005625,1000
50,Threshold,s044,{},0.0,0.026917,0.685546875,100,1000,0.0,0.0,0.0,0.0,0.0,0.0,1000,0.0026738400000000002,0.0001975836220127764,0.002666,0.002792,0.003168239999999999,0.006583,1000,0.0026738400000000002,0.0001975836220127764,0.002666,0.002792,0.003168239999999999,0.006583,1000
50,Threshold,s046,{},0.0,0.027,0.685546875,100,1000,0.0,0.0,0.0,0.0,0.0,0.0,1000,0.0026706580000000002,0.00015419996973627025,0.002666,0.002752049999999998,0.0030424099999999997,0.006458,1000,0.0026706580000000002,0.00015419996973627025,0.002666,0.002752049999999998,0.0030424099999999997,0.006458,1000
50,Threshold,s047,{},0.0,0.0365,0.685546875,100,1000,0.0,0.0,0.0,0.0,0.0,0.0,1000,0.0027009610000000004,0.00019986618516139987,0.002667,0.002917,0.00325,0.008042,1000,0.0027009610000000004,0.00019986618516139987,0.002667,0.002917,0.00325,0.008042,1000
50,Threshold,s048,{},0.0,0.026917,0.685546875,100,1000,0.0,0.0,0.0,0.0,0.0,0.0,1000,0.0027126130000000004,0.0006690182408855813,0.002666,0.002792,0.003333,0.017167,1000,0.0027126130000000004,0.0006690182408855813,0.002666,0.002792,0.003333,0.017167,1000
50,Threshold,s049,{},0.0,0.023417,0.685546875,100,1000,0.0,0.0,0.0,0.0,0.0,0.0,1000,0.0026833680000000006,0.00033471375214035027,0.0026665,0.00275,0.00325,0.012166,1000,0.0026833680000000006,0.00033471375214035027,0.0026665,0.00275,0.00325,0.012166,1000
50,Threshold,s050,{},0.0,0.022583,0.685546875,100,1000,0.0,0.0,0.0,0.0,0.0,0.0,1000,0.00269224,0.0003069392417044423,0.002666,0.0027940499999999984,0.003292,0.010166,1000,0.00269224,0.0003069392417044423,0.002666,0.0027940499999999984,0.003292,0.010166,1000
50,Threshold,s051,{},0.0,0.024958,0.685546875,100,1000,0.0,0.0,0.0,0.0,0.0,0.0,1000,0.0026870840000000006,0.00015640064611793038,0.002667,0.002834,0.003292,0.006167,1000,0.0026870840000000006,0.00015640064611793038,0.002667,0.002834,0.003292,0.006167,1000
50,Threshold,s052,{},0.0,0.026208,0.685546875,100,1000,0.0,0.0,0.0,0.0,0.0,0.0,1000,0.0026981170000000003,0.000488983934909522,0.002667,0.002792,0.0032094099999999998,0.017041,1000,0.0026981170000000003,0.000488983934909522,0.002667,0.002792,0.0032094099999999998,0.017041,1000
50,Threshold,s053,{},0.0,0.024417,0.685546875,100,1000,0.0,0.0,0.0,0.0,0.0,0.0,1000,0.002701378,0.0003347195038569791,0.002667,0.002792,0.003292,0.011958,1000,0.002701378,0.0003347195038569791,0.002667,0.002792,0.003292,0.011958,1000
50,Threshold,s054,{},0.0,0.022792,0.685546875,100,1000,0.0,0.0,0.0,0.0,0.0,0.0,1000,0.0026975970000000004,0.00013205813091567265,0.002667,0.002875,0.0030844099999999997,0.005666,1000,0.0026975970000000004,0.00013205813091567265,0.002667,0.002875,0.0030844099999999997,0.005666,1000
50,Threshold,s055,{},0.0,0.025375,0.685546875,100,1000,0.0,0.0,0.0,0.0,0.0,0.0,1000,0.002735135,0.0002439366349215649,0.002708,0.002833,0.00325,0.009125,1000,0.002735135,0.0002439366349215649,0.002708,0.002833,0.00325,0.009125,1000
50,Threshold,s056,{},0.0,0.025417,0.685546875,100,1000,0.0,0.0,0.0,0.0,0.0,0.0,1000,0.0026795360000000006,0.0004109602426330618,0.002625,0.00275,0.003292,0.014333,1000,0.0026795360000000006,0.0004109602426330618,0.002625,0.00275,0.003292,0.014333,1000
50,Threshold,s057,{},0.0,0.026833,0.685546875,100,1000,0.0,0.0,0.0,0.0,0.0,0.0,1000,0.002688811,0.00014800664595296468,0.002667,0.002875,0.0032504099999999996,0.005166,1000,0.002688811,0.00014800664595296468,0.002667,0.002875,0.0032504099999999996,0.005166,1000
50,Linear SVM,s002,"{""C"": 0.1}",5.372625,0.594583,1.8076171875,100,1000,0.054068682,0.0028198096754003606,0.053583,0.05675,0.06591933999999999,0.104542,1000,0.050326442,0.004504945992909907,0.049834,0.052335099999999996,0.059711339999999995,0.146416,1000,0.10376536399999998,0.004320767630227112,0.103083,0.10800415,0.11708467,0.197708,1000
50,Linear SVM,s003,"{""C"": 1}",5.35675,0.590042,1.80078125,100,1000,0.05308051500000001,0.0017279416361882932,0.052791,0.05533605,0.06167158,0.066834,1000,0.049298398,0.0019192848981107822,0.049042,0.051044049999999994,0.05650375,0.081375,1000,0.101864128,0.003060329758023444,0.10141649999999999,0.105125,0.11321024,0.155916,1000
50,Linear SVM,s004,"{""C"": 0.01}",5.670834,0.486708,1.8076171875,100,1000,0.053808749999999995,0.0015927073033216292,0.0535,0.05596105,0.06034148999999999,0.070958,1000,0.049753632000000006,0.001471391812006727,0.049542,0.051460099999999995,0.05670842,0.06525,1000,0.102489305,0.0022922227219408617,0.102042,0.105667,0.112047,0.126084,1000
50,Linear SVM,s005,"{""C"": 0.1}",5.064,0.562958,1.8076171875,100,1000,0.05387329,0.0032166711857784624,0.0534375,0.056167,0.06020941,0.136209,1000,0.049956092,0.002268304723765274,0.049709,0.051417,0.05737834,0.096292,1000,0.10347439599999998,0.004957548803726023,0.102917,0.1068771,0.11521092000000001,0.227209,1000
50,Linear SVM,s007,"{""C"": 1}",5.302042,0.551791,1.80078125,100,1000,0.056394032,0.025412125845882764,0.0538125,0.05812705,0.0909499999999997,0.589416,1000,0.053190697,0.031400155127343114,0.050125,0.05459134999999999,0.10416782999999988,0.727,1000,0.10942186200000001,0.05403086052086882,0.10275,0.11125415,0.4037275899999999,0.901916,1000
50,Linear SVM,s008,"{""C"": 0.1}",5.168625,0.573125,1.8076171875,100,1000,0.053064368,0.0017273736330754407,0.052791,0.055004149999999995,0.060961749999999995,0.069625,1000,0.049623892,0.0012061819751983084,0.0495,0.051166,0.05446217,0.061,1000,0.101987184,0.002084003071722049,0.101625,0.105375,0.11112542,0.119541,1000
50,Linear SVM,s010,"{""C"": 0.1}",5.192167,0.550333,1.8076171875,100,1000,0.053465694999999994,0.0015698844451570786,0.053166,0.055542,0.05825417,0.069833,1000,0.049824054000000007,0.0014403724886257682,0.049667,0.051544049999999994,0.05463540999999999,0.065833,1000,0.102732075,0.0021490288742772794,0.1024165,0.10571105,0.11137916,0.121125,1000
50,Linear SVM,s011,"{""C"": 0.01}",5.558291,0.491083,1.8076171875,100,1000,0.054283450000000004,0.0018406781727492829,0.053958,0.056459,0.06275167,0.076375,1000,0.050191004,0.0012587223951499593,0.050083,0.05170805,0.05641866,0.061084,1000,0.103718097,0.003650789929960872,0.103208,0.1068351,0.115708,0.168667,1000
50,Linear SVM,s012,"{""C"": 0.01}",5.060125,0.485,1.8076171875,100,1000,0.055610681,0.02132596678025058,0.053667,0.058381249999999996,0.07006082999999984,0.5405,1000,0.05069687899999999,0.005830495345537405,0.049834,0.053920199999999995,0.06908550000000001,0.153209,1000,0.10493566299999998,0.01496376695986208,0.102833,0.11175205,0.16005809,0.444667,1000
50,Linear SVM,s013,"{""C"": 0.01}",5.8605,0.48725,1.8076171875,100,1000,0.054858068,0.011680723368772749,0.053625,0.05696105,0.07399049999999997,0.381291,1000,0.050471757,0.00870764954936897,0.049666,0.05233924999999999,0.05925749999999999,0.219208,1000,0.105536567,0.017347022742290174,0.1035,0.10872354999999999,0.15564690999999994,0.458666,1000
50,Linear SVM,s015,"{""C"": 0.01}",6.9145,0.506209,1.8076171875,100,1000,0.055590002,0.002978185952482411,0.054875,0.06129105,0.064792,0.081125,1000,0.051474422000000006,0.0031911233743473952,0.050625,0.0559253,0.06562708,0.085125,1000,0.10638539799999999,0.005412822964779474,0.105041,0.1139622,0.12471092,0.188083,1000
50,Linear SVM,s016,"{""C"": 0.1}",5.381834,0.552208,1.8076171875,100,1000,0.055488511000000004,0.0062942988545150085,0.0548955,0.058208050000000004,0.06737542,0.235292,1000,0.050742806,0.0023789405134072455,0.050334,0.053377049999999995,0.059166010000000005,0.097792,1000,0.105760258,0.006957003516555484,0.1047915,0.11029105,0.12184273999999999,0.239,1000
50,Linear SVM,s017,"{""C"": 0.01}",5.50725,0.514042,1.8076171875,100,1000,0.054148032,0.001867657817883325,0.053834,0.05629405,0.061604409999999984,0.076041,1000,0.050104742,0.0012443331452679427,0.049958,0.05154105,0.055005,0.064459,1000,0.103843503,0.0019187769289039033,0.103541,0.106916,0.11038167,0.121833,1000
50,Linear SVM,s018,"{""C"": 0.01}",5.585,0.494292,1.8076171875,100,1000,0.053828108,0.0013742080927640547,0.053583,0.05591905,0.056833840000000004,0.067417,1000,0.049828063,0.0009862225762985756,0.049792,0.051294049999999994,0.05291825,0.058,1000,0.102965216,0.0015482886588472802,0.102791,0.10571105,0.10733424999999999,0.111959,1000
50,Linear SVM,s019,"{""C"": 0.01}",5.967333,0.502041,1.8076171875,100,1000,0.053416838999999994,0.0012551509259550932,0.053209,0.05525,0.05700167,0.06675,1000,0.049932897000000004,0.000937908048744064,0.0498335,0.051333,0.05316783,0.058959,1000,0.10285417200000001,0.0018460412364469695,0.102666,0.1055021,0.10958425,0.118125,1000
50,Linear SVM,s020,"{""C"": 0.01}",5.868083,0.481417,1.8076171875,100,1000,0.05433143099999999,0.0015465881397816017,0.054083,0.0562521,0.059343579999999986,0.071708,1000,0.050237396000000004,0.0009829141403964994,0.050125,0.05175,0.05346024,0.058125,1000,0.10318933599999999,0.0017387737423918128,0.102875,0.105875,0.10971175999999999,0.119,1000
50,Linear SVM,s021,"{""C"": 100}",5.668,0.7955,1.80078125,100,1000,0.05365934299999999,0.0015875073886631402,0.053375,0.055875,0.05916866,0.06975,1000,0.049528908,0.0013446136997433639,0.049334,0.0509601,0.055550329999999995,0.062125,1000,0.102783485,0.002983256079288133,0.102333,0.10604405,0.11188290999999999,0.169333,1000
50,Linear SVM,s022,"{""C"": 0.01}",4.874041,0.48125,1.8076171875,100,1000,0.054075211,0.0021642767989657756,0.053708,0.056625,0.0628775,0.085708,1000,0.050178640000000004,0.0028734215321984517,0.049833,0.052085099999999995,0.05979283,0.12175,1000,0.103664101,0.005615894680624171,0.1028125,0.10834549999999998,0.11904532999999999,0.222,1000
50,Linear SVM,s024,"{""C"": 1}",5.812666,0.57475,1.80078125,100,1000,0.053141084,0.0014370248074550569,0.052875,0.05508605,0.05776374999999999,0.066292,1000,0.050074456999999996,0.001389649398085934,0.049917,0.051835099999999995,0.05516908,0.062875,1000,0.103393669,0.0022231846899447207,0.103041,0.1068351,0.11250208,0.124959,1000
50,Linear SVM,s025,"{""C"": 0.01}",6.090625,0.510083,1.8076171875,100,1000,0.054291619,0.0014857890640942223,0.054042,0.05625,0.05905324999999999,0.066583,1000,0.049911250000000004,0.0014919858824309874,0.049708,0.051419099999999995,0.05479575,0.068875,1000,0.10381347299999999,0.002132442041494055,0.1035,0.1067521,0.11387625,0.119,1000
50,Linear SVM,s026,"{""C"": 0.1}",5.052542,0.582416,1.8076171875,100,1000,0.05438003600000001,0.006692127212129737,0.053584,0.057708,0.06583774,0.242375,1000,0.050741843,0.00721795628188743,0.049917,0.0539601,0.06391601,0.208167,1000,0.104487665,0.011908696334324682,0.102917,0.1115893,0.12287916,0.391708,1000
50,Linear SVM,s027,"{""C"": 0.01}",5.442958,0.514208,1.8076171875,100,1000,0.053522034999999996,0.00163936819471797,0.05325,0.055542,0.059585919999999994,0.069542,1000,0.049593006,0.0014635648793682224,0.049416,0.051125,0.05641825,0.067709,1000,0.10255188300000001,0.002118995110326728,0.102208,0.10521105,0.11258384,0.121875,1000
50,Linear SVM,s028,"{""C"": 10}",5.662042,0.810875,1.80078125,100,1000,0.054202786,0.0030240669001893503,0.053917,0.056292,0.05846025,0.138166,1000,0.050108387,0.0019203438576887108,0.049875,0.051835099999999995,0.05512541,0.087334,1000,0.103091039,0.0026352613209525734,0.1026665,0.10650414999999999,0.11446634,0.137375,1000
50,Linear SVM,s029,"{""C"": 0.01}",5.638875,0.508209,1.8076171875,100,1000,0.052485232,0.0014338759913376526,0.0521875,0.05454105,0.058458420000000004,0.064542,1000,0.048717454,0.0012447782319476555,0.048583,0.05016905,0.054127499999999995,0.062625,1000,0.100624829,0.0017047507403857717,0.100375,0.10341605,0.10529324,0.117459,1000
50,Linear SVM,s030,"{""C"": 0.01}",7.077875,0.485292,1.8076171875,100,1000,0.054028495999999995,0.006596946388416056,0.053041,0.058215199999999995,0.07120808999999996,0.210125,1000,0.050247387000000004,0.009341129288025439,0.049208,0.053211049999999996,0.06492242,0.286708,1000,0.103394189,0.010518016511044542,0.101625,0.10836009999999997,0.1422283299999998,0.236041,1000
50,Linear SVM,s031,"{""C"": 0.01}",5.488666,0.52525,1.8076171875,100,1000,0.053942602,0.006233546447320892,0.053458,0.055958,0.05900291999999999,0.239125,1000,0.04987459200000001,0.004436750612952855,0.049541,0.051542,0.05383924999999999,0.15625,1000,0.103147744,0.005854248935864195,0.102417,0.106333,0.11575,0.203708,1000
50,Linear SVM,s032,"{""C"": 0.01}",7.658834,0.629334,1.8076171875,100,1000,0.054542685,0.004190703130562162,0.053916,0.0576271,0.06233775,0.140959,1000,0.050212449000000006,0.004974456830263496,0.049708,0.052583,0.05837667,0.184792,1000,0.103955468,0.006139705351788699,0.103083,0.1080431,0.11771108,0.2255,1000
50,Linear SVM,s033,"{""C"": 0.1}",5.843125,0.492917,1.8076171875,100,1000,0.053529697,0.0014171559830418363,0.05325,0.0555,0.058421579999999994,0.069458,1000,0.049627786,0.0012025051279669395,0.0495,0.051002099999999995,0.05500458,0.063459,1000,0.10259882899999999,0.002012142287300611,0.10225,0.1056681,0.11066825,0.119292,1000
50,Linear SVM,s034,"{""C"": 0.01}",6.217917,0.511667,1.8076171875,100,1000,0.053908700999999996,0.0014559447711969635,0.0536875,0.056083,0.058541420000000004,0.067333,1000,0.050140199,0.0014200944988925148,0.049917,0.051833,0.05737916,0.064,1000,0.10351798899999999,0.0020360988240506156,0.1032295,0.1065021,0.11096508999999999,0.120458,1000
50,Linear SVM,s035,"{""C"": 100}",5.662042,1.383334,1.80078125,100,1000,0.05405318099999999,0.0016361195149824199,0.053833,0.056083,0.059390829999999985,0.070917,1000,0.050015153,0.0011556338309093154,0.049834,0.0515,0.05391783,0.061292,1000,0.10301383200000001,0.002300293028679996,0.102583,0.10633305,0.11416975,0.124,1000
50,Linear SVM,s036,"{""C"": 0.01}",5.02275,0.470917,1.8076171875,100,1000,0.053240747,0.0016408914155508984,0.052958,0.05529724999999999,0.05863374999999999,0.070959,1000,0.049405332999999996,0.0013432654608115286,0.04925,0.051042,0.05379408,0.065375,1000,0.102170273,0.0019041041013820358,0.101917,0.10513125,0.10900790999999999,0.11775,1000
50,Linear SVM,s037,"{""C"": 1}",6.607708,0.580083,1.80078125,100,1000,0.053473085,0.0014987842486492182,0.053208,0.055667,0.05818058999999999,0.066917,1000,0.049497723,0.0022227251402997,0.049292,0.050958,0.05637959,0.099709,1000,0.102442606,0.002107985561594738,0.1020625,0.10558719999999999,0.11025083,0.125667,1000
50,Linear SVM,s038,"{""C"": 0.01}",9.718208,0.508291,1.8076171875,100,1000,0.053550496999999996,0.001394205271231368,0.053416,0.05541605,0.05704283,0.066375,1000,0.049802005999999996,0.0011198385492294587,0.049667,0.051416050000000005,0.05329283,0.063375,1000,0.102193115,0.0021313907342946827,0.101917,0.105042,0.10971092,0.127583,1000
50,Linear SVM,s039,"{""C"": 0.01}",6.258084,0.519667,1.8076171875,100,1000,0.053891743,0.0015185992857701942,0.053625,0.056042,0.05851999999999998,0.067,1000,0.04979040999999999,0.001455648858584892,0.049625,0.051291050000000005,0.055883749999999996,0.066209,1000,0.103470153,0.0023010871925806843,0.103104,0.10666605,0.11342116000000001,0.122958,1000
50,Linear SVM,s040,"{""C"": 0.01}",5.331792,0.48025,1.8076171875,100,1000,0.052964979,0.0015353572595567053,0.052708,0.055,0.057958,0.070208,1000,0.049575365,0.0014317637211244485,0.049375,0.05125204999999999,0.055959669999999996,0.064875,1000,0.10198466399999999,0.0018533698202989016,0.10175,0.104917,0.107708,0.122458,1000
50,Linear SVM,s041,"{""C"": 0.01}",5.245625,0.487959,1.8076171875,100,1000,0.053964883,0.0013429749845474124,0.053708,0.055917,0.05863124999999999,0.068167,1000,0.049888092,0.0013033870450964763,0.049708,0.051375,0.054424499999999994,0.068041,1000,0.10402395199999998,0.001999379676997041,0.10375,0.107125,0.11100167,0.123666,1000
50,Linear SVM,s042,"{""C"": 0.01}",5.409417,0.526916,1.8076171875,100,1000,0.0533268,0.0016481426079244658,0.053041,0.055375,0.05854907999999999,0.070083,1000,0.049438534000000006,0.0012682325404359488,0.049292,0.050875,0.052794499999999994,0.066666,1000,0.102211876,0.0018348037904837575,0.101875,0.10491905,0.10950125,0.121708,1000
50,Linear SVM,s043,"{""C"": 0.01}",6.132083,0.514375,1.8076171875,100,1000,0.053912724999999995,0.0016940602709397854,0.053667,0.05591605,0.05929726,0.075667,1000,0.050057459,0.0012738727071387435,0.049875,0.051708,0.053834669999999994,0.065167,1000,0.103403977,0.001969245540421373,0.103167,0.106458,0.10875042,0.124667,1000
50,Linear SVM,s044,"{""C"": 0.01}",7.065125,0.526833,1.8076171875,100,1000,0.054288971,0.00184905687297024,0.054042,0.05646105,0.06058383,0.07825,1000,0.050995967999999996,0.0012208244367153203,0.050875,0.0525,0.05475292,0.06525,1000,0.104106026,0.0033414959201394086,0.10368749999999999,0.1075,0.11304143,0.181459,1000
50,Linear SVM,s046,"{""C"": 0.01}",6.364542,0.488417,1.8076171875,100,1000,0.053992717999999995,0.00186220210534656,0.053667,0.05625,0.060503329999999994,0.080209,1000,0.050593716000000004,0.0014561222260790056,0.050375,0.052294049999999995,0.05592158,0.072375,1000,0.103606455,0.002733659226520698,0.103167,0.107292,0.11275583,0.157125,1000
50,Linear SVM,s047,"{""C"": 1}",5.961166,0.58025,1.80078125,100,1000,0.054199157,0.0015305775962456563,0.054,0.05620805,0.06021300999999999,0.068125,1000,0.050606978,0.0013190921512993765,0.050458,0.052417,0.054793919999999996,0.067416,1000,0.10317598000000001,0.0021074677245001418,0.102875,0.1060021,0.11098357999999998,0.123041,1000
50,Linear SVM,s048,"{""C"": 0.1}",6.093917,0.550209,1.8076171875,100,1000,0.053840191,0.002395526332756527,0.053417,0.05612705,0.06134024999999999,0.100666,1000,0.050155576,0.0036631920580660624,0.049792,0.05196309999999999,0.05716809,0.153875,1000,0.10318910199999999,0.004016243354464253,0.102625,0.10650205,0.11379408,0.200834,1000
50,Linear SVM,s049,"{""C"": 0.01}",5.637167,0.481791,1.8076171875,100,1000,0.05315795799999999,0.001246041806850967,0.052958,0.05516605,0.05687583,0.06725,1000,0.049263219000000004,0.0012020562708614424,0.049167,0.050792,0.053004579999999996,0.069417,1000,0.10206408199999999,0.0020680073935689506,0.101708,0.105125,0.10912709,0.122625,1000
50,Linear SVM,s050,"{""C"": 10}",5.576792,0.671666,1.80078125,100,1000,0.053260024,0.001401615302027943,0.053041,0.055417,0.05687583,0.06675,1000,0.049602508000000003,0.0011341570191468547,0.0494585,0.051041,0.05316684,0.063084,1000,0.101953585,0.0016726392692089616,0.101708,0.104917,0.10737582999999999,0.114583,1000
50,Linear SVM,s051,"{""C"": 0.01}",6.589667,0.512791,1.8076171875,100,1000,0.054600566999999996,0.0014034153262983456,0.054417,0.056834,0.058833420000000004,0.065167,1000,0.050204966,0.0010917984927599008,0.050042,0.051666,0.05433649,0.063292,1000,0.10378251499999999,0.0018289785778989906,0.103542,0.10671105,0.10979283,0.120667,1000
50,Linear SVM,s052,"{""C"": 0.01}",5.611208,0.491791,1.8076171875,100,1000,0.053632196,0.0018589522788816182,0.0533125,0.055917,0.057833840000000004,0.089709,1000,0.049565013000000005,0.0012941496854070777,0.049417,0.05100204999999999,0.054711329999999996,0.063125,1000,0.10279102899999999,0.0028708751840652138,0.102209,0.10671425,0.11312542,0.149541,1000
50,Linear SVM,s053,"{""C"": 0.01}",5.491916,0.488709,1.8076171875,100,1000,0.053200083999999995,0.0014384767680975454,0.052917,0.055292,0.05862583,0.06525,1000,0.049345081000000006,0.001219813651252839,0.0492085,0.050958050000000005,0.053752919999999996,0.064541,1000,0.102010997,0.0021253223741788383,0.101708,0.10483305,0.11075457999999999,0.124041,1000
50,Linear SVM,s054,"{""C"": 0.01}",8.489625,0.495583,1.8076171875,100,1000,0.05276459299999999,0.001566319149799948,0.0525,0.054708,0.05771275,0.068167,1000,0.049240911,0.0013439261484812217,0.0490625,0.050708,0.05504641999999999,0.0605,1000,0.1015488,0.0019598446905842305,0.101209,0.10488125,0.10833301,0.115875,1000
50,Linear SVM,s055,"{""C"": 0.01}",5.250584,0.484666,1.8076171875,100,1000,0.053487268,0.001279265591121965,0.053292,0.05546105,0.05712625,0.0645,1000,0.049582801,0.0010462681063424179,0.0495,0.050917,0.05375125,0.062458,1000,0.10321105,0.001746214636594555,0.102958,0.10612705,0.10895925,0.119167,1000
50,Linear SVM,s056,"{""C"": 0.01}",6.096417,0.514834,1.8076171875,100,1000,0.053801170999999995,0.0015556941093675593,0.053583,0.055834,0.05942615999999999,0.06725,1000,0.049942954,0.0015084027727396976,0.04975,0.051333,0.05550582999999999,0.068417,1000,0.10262988799999999,0.0020760436210668994,0.10235449999999999,0.1058351,0.10970925,0.126875,1000
50,Linear SVM,s057,"{""C"": 0.01}",5.737084,0.521333,1.8076171875,100,1000,0.053312927,0.0027800615539795006,0.052917,0.055375,0.05980907999999998,0.118625,1000,0.049770516,0.0023528739310637696,0.0495,0.051709,0.05533342,0.101667,1000,0.10250112300000001,0.004972688242009871,0.101916,0.10612914999999999,0.11291726,0.216458,1000
50,MLP,s002,"{""alpha"": 0.0001, ""h"": 128}",229.019084,83.037458,320.5751953125,100,1000,0.05763304,0.0020866921523163247,0.057542,0.059586049999999995,0.06563125,0.085375,1000,0.175411252,0.0029559051157893343,0.175,0.1795,0.18551290999999998,0.208375,1000,0.23233171,0.005204930895172722,0.231542,0.23854405,0.24621467,0.3345,1000
50,MLP,s003,"{""alpha"": 0.0001, ""h"": 128}",148.180917,58.681917,319.4140625,100,1000,0.057766219,0.0016535444010141135,0.05775,0.059752099999999995,0.06366601,0.074084,1000,0.177091527,0.003030981954561902,0.176708,0.18125415,0.18763,0.227583,1000,0.23437793800000004,0.003535708044158838,0.233896,0.2400851,0.24525165999999998,0.281334,1000
50,MLP,s004,"{""alpha"": 0.0001, ""h"": 32}",184.955917,77.185792,98.6171875,100,1000,0.057243026999999995,0.0016843238747895803,0.0572295,0.059208,0.06296233,0.073084,1000,0.169073627,0.002479515233198349,0.168709,0.172959,0.17913167,0.186875,1000,0.224326445,0.003280760865841009,0.223917,0.23004615,0.23621509,0.241,1000
50,MLP,s005,"{""alpha"": 0.0001, ""h"": 32}",178.032667,67.677833,97.98828125,100,1000,0.057486959,0.0016705932758191658,0.057458,0.059127049999999994,0.065172,0.074292,1000,0.166806242,0.002750285537534962,0.166416,0.17150625,0.17634481999999999,0.194125,1000,0.22370036899999998,0.003131870751682491,0.22325,0.22879105,0.2362105,0.245167,1000
50,MLP,s007,"{""alpha"": 0.0001, ""h"": 32}",184.152208,77.026042,98.6171875,100,1000,0.057373155,0.001601868425129363,0.057292,0.059334,0.06254907999999999,0.073125,1000,0.16684028999999997,0.0028289944332577617,0.1665,0.17108810000000002,0.17908549999999998,0.193541,1000,0.223499051,0.0033651521890777337,0.22318749999999998,0.2288351,0.23621841999999998,0.2465,1000
50,MLP,s008,"{""alpha"": 0.0001, ""h"": 64}",201.173375,68.422625,171.9189453125,100,1000,0.057740147,0.0020785006457360853,0.05775,0.05983305,0.06626249999999999,0.077916,1000,0.175912926,0.004621797102532844,0.175292,0.1802931,0.19021675,0.245375,1000,0.23275687199999998,0.007864002635494666,0.231896,0.23841905,0.25266893,0.43175,1000
50,MLP,s010,"{""alpha"": 0.0001, ""h"": 32}",186.218708,61.23225,97.55078125,100,1000,0.05738199900000001,0.0025010794000119552,0.057208,0.059542,0.06471275,0.107583,1000,0.166808404,0.005137763491489121,0.1661455,0.17104405,0.17972399,0.258667,1000,0.222898757,0.004726333261848244,0.222167,0.22917115000000002,0.23705283,0.30975,1000
50,MLP,s011,"{""alpha"": 0.0001, ""h"": 32}",196.337,70.766625,98.177734375,100,1000,0.057109894999999994,0.0015071367572918458,0.057084,0.058958050000000005,0.06137541,0.075,1000,0.166531915,0.0023605454447164485,0.16625,0.1705,0.17541823999999998,0.185375,1000,0.22287876799999998,0.0032410342962525852,0.222542,0.228292,0.23395884,0.242583,1000
50,MLP,s012,"{""alpha"": 0.0001, ""h"": 32}",149.8315,75.272,98.482421875,100,1000,0.057347054,0.00332183266124489,0.05725,0.0591681,0.06416991,0.147333,1000,0.167216313,0.003330632504782375,0.166792,0.17116605000000001,0.17804783,0.231709,1000,0.223643282,0.003472876068428396,0.223083,0.22904405,0.23633300999999998,0.258,1000
50,MLP,s013,"{""alpha"": 0.0001, ""h"": 32}",231.022208,49.500625,96.7353515625,100,1000,0.057546145,0.002105896658602152,0.057541,0.059542,0.06120983,0.085416,1000,0.168371229,0.0031119068734375634,0.167958,0.1723351,0.17958115999999996,0.197916,1000,0.225111488,0.004419069814778207,0.224625,0.23017115000000002,0.23700624999999997,0.310083,1000
50,MLP,s015,"{""alpha"": 0.0001, ""h"": 32}",133.468209,47.645334,96.5986328125,100,1000,0.056943154,0.001877058693707691,0.056875,0.058877099999999995,0.06196383999999999,0.07475,1000,0.165342061,0.0026975070943007374,0.165,0.16913124999999998,0.17783691,0.186875,1000,0.22139248199999997,0.0030876636044443392,0.220958,0.2263351,0.23258509000000002,0.243333,1000
50,MLP,s016,"{""alpha"": 0.0001, ""h"": 64}",191.905,54.503458,171.1005859375,100,1000,0.057503775,0.001977022953365269,0.057458,0.059419049999999994,0.06395941000000001,0.095083,1000,0.174986548,0.002605295293294268,0.174708,0.179083,0.18287834,0.216583,1000,0.232033596,0.0036496979510526498,0.231458,0.23766605,0.24496842,0.264334,1000
50,MLP,s017,"{""alpha"": 0.0001, ""h"": 32}",177.832125,64.092375,97.71484375,100,1000,0.058245507,0.0076257871987324265,0.057584,0.06075,0.06792741,0.222208,1000,0.16871877899999999,0.02005760951817895,0.1662705,0.17354615,0.22813657999999992,0.614,1000,0.22632613499999998,0.03645784924784447,0.223,0.2332122,0.26402875,1.093333,1000
50,MLP,s018,"{""alpha"": 0.0001, ""h"": 128}",174.470459,69.8075,320.0556640625,100,1000,0.057126092999999996,0.0015978029323297544,0.057167,0.059083,0.06225084,0.074875,1000,0.17591480299999998,0.002752524604774842,0.1755,0.18008924999999998,0.18691908,0.201875,1000,0.232262023,0.0034256266618675024,0.2318125,0.2382101,0.24475083,0.251625,1000
50,MLP,s019,"{""alpha"": 0.0001, ""h"": 128}",178.555834,52.186833,319.03125,100,1000,0.057630341,0.0022480630543237025,0.057542,0.059585099999999995,0.06370842,0.105959,1000,0.175405482,0.0030825673074372415,0.17504150000000002,0.179125,0.18538000000000002,0.2345,1000,0.23273431400000003,0.004805716518966203,0.23220849999999998,0.23787705,0.244042,0.334958,1000
50,MLP,s020,"{""alpha"": 0.0001, ""h"": 128}",196.901875,70.180667,320.0517578125,100,1000,0.057654235,0.0018342061552603605,0.057583,0.060125,0.06358467,0.084583,1000,0.176168315,0.007837389206192603,0.175375,0.18058605,0.18921357,0.344917,1000,0.23299623100000003,0.006484380746015636,0.232,0.23954105,0.25051458,0.341666,1000
50,MLP,s021,"{""alpha"": 0.0001, ""h"": 64}",173.638917,58.589,171.322265625,100,1000,0.058213014,0.001895236879293095,0.058125,0.06025,0.06533467,0.078459,1000,0.17737532099999997,0.005769122183029384,0.176625,0.18175,0.19179283,0.278709,1000,0.23504397999999999,0.0054416860531181594,0.23425,0.24079405,0.25348134,0.308792,1000
50,MLP,s022,"{""alpha"": 0.0001, ""h"": 128}",169.458,47.434958,318.720703125,100,1000,0.057926834999999996,0.0027511461515015738,0.0576665,0.061210099999999996,0.06700916999999999,0.106042,1000,0.177473658,0.004043818248024888,0.176667,0.18454310000000002,0.18929907999999998,0.232667,1000,0.23382624300000002,0.008253513113739485,0.232584,0.2418351,0.25398759,0.384083,1000
50,MLP,s024,"{""alpha"": 0.0001, ""h"": 32}",137.956042,72.988292,98.34375,100,1000,0.05793193,0.0020461588758562328,0.057834,0.06033305,0.06625584,0.082875,1000,0.168998022,0.003929150664005702,0.1685415,0.1732184,0.182922,0.24975,1000,0.225255495,0.006831701670718117,0.224458,0.23071635,0.24060508999999997,0.345625,1000
50,MLP,s025,"{""alpha"": 0.0001, ""h"": 64}",184.363666,73.887042,172.0791015625,100,1000,0.057216774,0.0012367710093034413,0.057333,0.058834,0.059416,0.075834,1000,0.174704914,0.0016769032288844348,0.174667,0.1772101,0.17883441,0.194625,1000,0.23087448,0.002130706987801906,0.230708,0.234375,0.23583483,0.241875,1000
50,MLP,s026,"{""alpha"": 0.0001, ""h"": 32}",125.933042,68.240583,97.8291015625,100,1000,0.05710132700000001,0.0016186191497764453,0.057042,0.058917,0.06270883,0.075583,1000,0.165604154,0.0050167889277335,0.165208,0.16891905000000002,0.17663375,0.300833,1000,0.221726583,0.006206395927067054,0.221167,0.2266691,0.23171175,0.3835,1000
50,MLP,s027,"{""alpha"": 0.0001, ""h"": 128}",178.233417,67.354917,319.8076171875,100,1000,0.058559831,0.009659334125299898,0.057584,0.06142319999999999,0.07814208999999998,0.244625,1000,0.178814813,0.04320425284744706,0.174792,0.1832152,0.2758370799999999,1.3705,1000,0.23549903,0.032793532877774936,0.231667,0.24100829999999998,0.32409926,0.879292,1000
50,MLP,s028,"{""alpha"": 0.0001, ""h"": 32}",132.719625,55.560667,97.16796875,100,1000,0.05761477,0.0015754857436449327,0.057666,0.05950414999999999,0.0637525,0.074416,1000,0.168385217,0.0022586076539420135,0.168167,0.1716723,0.17675,0.186625,1000,0.22509197799999997,0.00326395214013458,0.22468749999999998,0.22975,0.23637958,0.255458,1000
50,MLP,s029,"{""alpha"": 0.0001, ""h"": 128}",192.989167,60.260625,319.3955078125,100,1000,0.058164752,0.0028005828494784423,0.058,0.060710099999999996,0.06883717,0.088875,1000,0.178211034,0.015512555737929399,0.1765205,0.18333605,0.20492074,0.566167,1000,0.235266324,0.013413101629016844,0.2334585,0.24300415,0.3033608299999999,0.440541,1000
50,MLP,s030,"{""alpha"": 0.0001, ""h"": 128}",140.030791,55.171084,319.2607421875,100,1000,0.057495753000000004,0.0017676440330050664,0.0575,0.05970805,0.062218159999999995,0.074292,1000,0.17552570400000003,0.006151157060225626,0.175,0.17925,0.18670842,0.352167,1000,0.232226093,0.004737221265432791,0.2316045,0.23750205,0.24930934,0.301083,1000
50,MLP,s031,"{""alpha"": 0.0001, ""h"": 32}",213.986416,51.704125,96.8720703125,100,1000,0.057984935,0.0018715949819743448,0.0579795,0.060002099999999996,0.06266767,0.081833,1000,0.168066303,0.002724193314066276,0.167666,0.1718771,0.18051667,0.191667,1000,0.22560714999999998,0.00447565695431103,0.225209,0.23004615,0.23762583,0.326541,1000
50,MLP,s032,"{""alpha"": 0.0001, ""h"": 128}",143.399125,64.93275,319.6455078125,100,1000,0.058128700000000005,0.002693439696261528,0.057917,0.061050299999999995,0.07183592,0.084,1000,0.177548581,0.00459120470422253,0.176584,0.1860104,0.19941866,0.20925,1000,0.23408213,0.007513847060244488,0.232667,0.24659854999999997,0.25888583000000004,0.373208,1000
50,MLP,s033,"{""alpha"": 0.0001, ""h"": 32}",190.701042,68.439625,98.015625,100,1000,0.057500397,0.0033992759173319762,0.057292,0.059336049999999994,0.06546316,0.118542,1000,0.166444367,0.0036363271912401877,0.16591650000000002,0.17058715000000002,0.17712625,0.221375,1000,0.22286091800000002,0.00562128879394939,0.222083,0.22830034999999999,0.23632324999999998,0.332709,1000
50,MLP,s034,"{""alpha"": 0.0001, ""h"": 32}",167.028667,95.750209,99.845703125,100,1000,0.05744735300000001,0.002138991024523944,0.057416,0.059375,0.062001669999999995,0.102334,1000,0.166952174,0.0029906260498253367,0.1666045,0.17083510000000002,0.17659107999999998,0.217625,1000,0.22336757399999999,0.004470658780812786,0.2228125,0.22804615,0.238041,0.3005,1000
50,MLP,s035,"{""alpha"": 0.0001, ""h"": 32}",171.32875,48.202792,96.6279296875,100,1000,0.058197894,0.011790593945444409,0.05725,0.06025,0.07046551,0.345625,1000,0.16755606599999998,0.017425520756329586,0.165375,0.1714601,0.22793883999999978,0.419541,1000,0.22545770399999998,0.04811171499106809,0.221416,0.22883925,0.2666091599999999,1.505417,1000
50,MLP,s036,"{""alpha"": 0.0001, ""h"": 64}",127.172292,38.667958,170.06640625,100,1000,0.05731189500000001,0.0017165008013327505,0.057292,0.059375,0.06237542,0.075,1000,0.17409592000000002,0.004432864617639289,0.1735,0.1784202,0.18554809,0.280167,1000,0.231226118,0.0042121909363845985,0.23072900000000002,0.236958,0.24225291999999998,0.307416,1000
50,MLP,s037,"{""alpha"": 0.0001, ""h"": 32}",198.557584,57.671541,97.2021484375,100,1000,0.057721018,0.0018158035985162005,0.057667,0.059752099999999995,0.06455240999999999,0.077917,1000,0.16797945,0.00450865228343381,0.1675,0.1713771,0.17918532999999998,0.251625,1000,0.224625005,0.004344595515484517,0.2239585,0.22987915,0.2373775,0.310291,1000
50,MLP,s038,"{""alpha"": 0.0001, ""h"": 128}",180.8325,66.603583,319.7255859375,100,1000,0.05732816599999999,0.0015566710844970779,0.057334,0.059294049999999994,0.06216783,0.074834,1000,0.17685481299999997,0.003940168884815964,0.1765,0.18062705,0.18521383,0.273875,1000,0.23243023599999998,0.002887271756953698,0.2320835,0.23721215,0.24100333,0.251917,1000
50,MLP,s039,"{""alpha"": 0.0001, ""h"": 128}",196.82025,82.700166,320.7373046875,100,1000,0.058570836,0.00136095727405595,0.058542,0.060417,0.06191783,0.076,1000,0.17746773300000002,0.0023432022102902934,0.1772705,0.1810851,0.18420926,0.2065,1000,0.23348985900000002,0.0028093151590346294,0.233083,0.23833924999999997,0.24266865999999998,0.252125,1000
50,MLP,s040,"{""alpha"": 0.0001, ""h"": 32}",175.477708,62.21525,97.60546875,100,1000,0.058064729999999995,0.0027961715853349616,0.057875,0.060585099999999996,0.06671092,0.115833,1000,0.169848962,0.005610770743569272,0.16925,0.174666,0.18141867,0.286917,1000,0.226662175,0.00724603716254174,0.22575,0.23296424999999998,0.24743865999999998,0.389583,1000
50,MLP,s041,"{""alpha"": 0.0001, ""h"": 64}",165.199208,53.111917,171.0419921875,100,1000,0.057456195,0.001935689136563102,0.057333,0.059627099999999995,0.06383799999999999,0.079667,1000,0.174687908,0.004039589177411269,0.174167,0.1798351,0.18358441,0.26225,1000,0.23142174699999998,0.007354596262690303,0.2306875,0.23733305,0.24733549999999999,0.403917,1000
50,MLP,s042,"{""alpha"": 0.0001, ""h"": 64}",191.361583,62.691542,171.6181640625,100,1000,0.05770187300000001,0.0016938344606398374,0.057708,0.05958305,0.06429408,0.075667,1000,0.17561850099999998,0.004731778901805808,0.1751875,0.179584,0.18546092,0.299583,1000,0.232843539,0.004372074500728333,0.23225,0.23792739999999998,0.24537875,0.317208,1000
50,MLP,s043,"{""alpha"": 0.0001, ""h"": 64}",175.2415,58.310625,171.1259765625,100,1000,0.057270297,0.001737843540414948,0.0572085,0.059375,0.062168919999999996,0.077875,1000,0.17448231299999997,0.003004276910803628,0.174,0.17876039999999999,0.18847440999999998,0.202625,1000,0.23068470200000002,0.004965164843095857,0.230167,0.2358351,0.24254533,0.348458,1000
50,MLP,s044,"{""alpha"": 0.0001, ""h"": 32}",153.553958,40.088417,96.1083984375,100,1000,0.05751577900000001,0.0027495011013755686,0.0573125,0.06009019999999999,0.06450667,0.110083,1000,0.16756884,0.005065125196444372,0.167,0.1722542,0.17962625000000002,0.299542,1000,0.22401524799999997,0.006761698041683237,0.223292,0.22933510000000001,0.23834398999999998,0.3995,1000
50,MLP,s046,"{""alpha"": 0.0001, ""h"": 128}",168.082708,60.449916,319.34765625,100,1000,0.057741192,0.001993881761693911,0.05775,0.059586049999999995,0.06325,0.094042,1000,0.175825828,0.005375683809603839,0.175333,0.179625,0.18962749999999998,0.319,1000,0.23282064700000002,0.01042870440188487,0.231708,0.23750624999999997,0.24734841999999999,0.493375,1000
50,MLP,s047,"{""alpha"": 0.0001, ""h"": 128}",126.457333,71.456667,319.9970703125,100,1000,0.057824364,0.0024551173178788315,0.0576665,0.06046634999999999,0.06437625,0.105833,1000,0.17447717499999998,0.006641982413312591,0.173625,0.1801271,0.18625125,0.341791,1000,0.231426051,0.007373034956302992,0.2305,0.2384601,0.24696426000000002,0.349292,1000
50,MLP,s048,"{""alpha"": 0.0001, ""h"": 64}",169.063667,64.675291,171.7568359375,100,1000,0.057557046,0.002297297443830343,0.057417,0.059958,0.066255,0.097458,1000,0.175752601,0.006382032914198808,0.175083,0.1801702,0.18704642000000002,0.351291,1000,0.232592463,0.005777428699604174,0.231791,0.23850624999999998,0.24633523999999998,0.333875,1000
50,MLP,s049,"{""alpha"": 0.0001, ""h"": 32}",173.065917,43.566916,96.3525390625,100,1000,0.057891967,0.001834946157060285,0.0578125,0.06,0.06500042,0.076958,1000,0.16925084499999998,0.002299377880125537,0.169084,0.17271105,0.17825165999999998,0.184125,1000,0.226260417,0.002914788578880222,0.226,0.23117115000000002,0.23591849999999998,0.242167,1000
50,MLP,s050,"{""alpha"": 0.0001, ""h"": 128}",168.051208,68.608666,319.9990234375,100,1000,0.057689504,0.007620334994303689,0.057125,0.059794049999999994,0.06721384,0.220625,1000,0.17643265799999996,0.03172258315978327,0.174292,0.179125,0.19074508999999995,0.885375,1000,0.232422247,0.021137025959922114,0.2306665,0.237125,0.25233074,0.768791,1000
50,MLP,s051,"{""alpha"": 0.0001, ""h"": 128}",147.118083,63.369459,319.6962890625,100,1000,0.056436762,0.0015125391505802549,0.0562295,0.05875,0.06087584,0.071959,1000,0.17520704199999998,0.0024875277599642172,0.174834,0.1788372,0.18513208,0.196083,1000,0.23131722999999998,0.003194837941206184,0.231125,0.23588125,0.24079392,0.262917,1000
50,MLP,s052,"{""alpha"": 0.0001, ""h"": 64}",187.044583,56.104042,171.0458984375,100,1000,0.057137789999999994,0.001430275722559305,0.057208,0.058875,0.061458,0.074167,1000,0.17471489299999998,0.002332555281594135,0.174417,0.17841605,0.18412666,0.193291,1000,0.23099557,0.0030507048357871483,0.230542,0.2358351,0.24184050999999998,0.253667,1000
50,MLP,s053,"{""alpha"": 0.0001, ""h"": 64}",208.681333,63.619,171.4814453125,100,1000,0.058043036,0.004519391089352914,0.057834,0.059959,0.06383301,0.191083,1000,0.176814783,0.00821603604545472,0.176125,0.18096105,0.18908857,0.41225,1000,0.23340490600000002,0.004875548034405957,0.232979,0.2384601,0.24506617,0.324125,1000
50,MLP,s054,"{""alpha"": 0.0001, ""h"": 128}",148.228375,78.421208,320.5166015625,100,1000,0.056560347000000004,0.0016960637862291498,0.0565,0.058791,0.06170884,0.073792,1000,0.174220866,0.0025223421016431773,0.173875,0.1785,0.182625,0.194,1000,0.230192736,0.006052495839419485,0.229625,0.23545805,0.24196524,0.388333,1000
50,MLP,s055,"{""alpha"": 0.0001, ""h"": 64}",151.2905,47.208625,170.6591796875,100,1000,0.057523021,0.0019632987420434797,0.057416,0.060044099999999996,0.06488042,0.077208,1000,0.17436334299999998,0.0037265915235956213,0.173584,0.1802931,0.19000708,0.206334,1000,0.23118286899999999,0.007004841280514798,0.23,0.2411795,0.25388167,0.383708,1000
50,MLP,s056,"{""alpha"": 0.0001, ""h"": 32}",187.509083,80.396625,98.80859375,100,1000,0.058152505,0.00181107566408365,0.058084,0.060377099999999996,0.06612791,0.074042,1000,0.16817257000000002,0.005085240068438623,0.167625,0.1722122,0.18121024,0.277958,1000,0.2255237,0.005642209235313333,0.22477049999999998,0.231625,0.23921175,0.32125,1000
50,MLP,s057,"{""alpha"": 0.0001, ""h"": 128}",169.289542,57.544667,319.3115234375,100,1000,0.056985297000000004,0.0017378961556545425,0.056875,0.059333,0.06254325,0.074458,1000,0.17629703900000002,0.006487694274739022,0.1755,0.18066605,0.18805517,0.333041,1000,0.232119252,0.007486943079733888,0.2313125,0.23771105,0.24668532999999998,0.354,1000
200,k-NN,s002,"{""k"": 5}",5.599208,0.241167,76.654296875,100,1000,0.07130513,0.021918140411910318,0.063667,0.1139622,0.16375792,0.209916,1000,0.233982855,0.07778112857710863,0.2012915,0.40888749999999996,0.5215924099999999,0.669584,1000,0.303889356,0.08955377886108193,0.2632295,0.49748095,0.63821366,0.74375,1000
200,k-NN,s003,"{""k"": 3}",4.241083,0.22925,76.654296875,100,1000,0.076872995,0.03307973415057091,0.06377050000000001,0.15348089999999998,0.2078455,0.275709,1000,0.272890686,0.13037058786800976,0.2018955,0.5306708,0.66948825,1.47275,1000,0.35208180400000005,0.16059902563004205,0.26645850000000004,0.6537297999999999,0.86021008,2.355667,1000
200,k-NN,s004,"{""k"": 5}",3.962959,0.232625,76.654296875,100,1000,0.06978164599999999,0.024005653628735604,0.062833,0.11372769999999999,0.17839624999999998,0.228833,1000,0.22907422700000002,0.07217663298864146,0.201708,0.3521228999999998,0.49670158,0.996417,1000,0.296934865,0.08597383182283477,0.262666,0.47126634999999995,0.60878333,1.02975,1000
200,k-NN,s005,"{""k"": 3}",5.187458,0.358459,76.654296875,100,1000,0.077731107,0.03408209303416004,0.0633335,0.15773719999999997,0.19516991999999989,0.259042,1000,0.27672131,0.1263635775923816,0.2120205,0.5115441,0.6821991599999999,1.191625,1000,0.358923245,0.15897910823357173,0.2795415,0.6769496999999999,0.83611134,1.756459,1000
200,k-NN,s007,"{""k"": 5}",3.997459,0.235625,76.654296875,100,1000,0.076019159,0.03193746961622361,0.063208,0.15797564999999997,0.18983509,0.246583,1000,0.28083368699999994,0.51753758898508,0.206,0.4997868499999998,0.69567708,16.218125,1000,0.344099585,0.14722501789693057,0.267104,0.6435392499999999,0.85055825,1.718083,1000
200,k-NN,s008,"{""k"": 5}",4.92875,0.287542,76.654296875,100,1000,0.081103922,0.036709825934019655,0.0639795,0.1703423,0.20636232999999995,0.242958,1000,0.29533098700000004,0.14658458734826418,0.251708,0.5545148999999999,0.7893997499999998,2.069959,1000,0.382176109,0.17831691840092773,0.3325625,0.71118125,1.0301004999999999,1.698041,1000
200,k-NN,s010,"{""k"": 3}",4.236917,0.230417,76.654296875,100,1000,0.07445821700000001,0.030132017047540382,0.0627085,0.150375,0.19004666999999997,0.251625,1000,0.250762694,0.0976331004187501,0.1985205,0.46837884999999996,0.58493,0.865667,1000,0.32373407899999995,0.1177690685418798,0.261542,0.5936705499999999,0.7479305900000001,0.983209,1000
200,k-NN,s011,"{""k"": 5}",3.720792,0.228792,76.654296875,100,1000,0.07619841100000001,0.031462432103000475,0.062916,0.15617645,0.18888707999999998,0.241833,1000,0.267245267,0.12728671424748,0.2069165,0.4856291499999998,0.69271117,1.933,1000,0.34070401200000006,0.13657556885717342,0.267688,0.6260350999999997,0.82456051,1.279541,1000
200,k-NN,s012,"{""k"": 3}",4.344833,0.235792,76.654296875,100,1000,0.071058414,0.025787901625235754,0.062792,0.12874134999999995,0.18158198999999997,0.226417,1000,0.22345447799999998,0.0783021536483607,0.1946455,0.38022644999999994,0.5073782499999997,0.981166,1000,0.29687979499999995,0.09346731320073311,0.25635399999999997,0.4905021,0.6471049099999997,0.910875,1000
200,k-NN,s013,"{""k"": 7}",4.039125,0.230291,76.654296875,100,1000,0.07481929200000001,0.029556219870812098,0.06325,0.14379169999999994,0.19179184,0.2445,1000,0.278158637,0.130610938191104,0.21639550000000002,0.4890833499999999,0.67660066,1.823209,1000,0.349895556,0.1301119136037992,0.278,0.6203433999999998,0.768905,1.113541,1000
200,k-NN,s015,"{""k"": 7}",3.758625,0.237208,76.654296875,100,1000,0.075028327,0.027057454288839954,0.063583,0.13667325,0.17613125,0.236208,1000,0.25526156299999997,0.08612482647726945,0.209458,0.45304584999999997,0.53510191,0.622333,1000,0.33147301300000004,0.10666091817334225,0.273167,0.5606143,0.6889479199999999,0.912583,1000
200,k-NN,s016,"{""k"": 7}",4.053416,0.232791,76.654296875,100,1000,0.07222461599999999,0.024977831105227395,0.063,0.12656904999999996,0.17718032999999997,0.2285,1000,0.239386076,0.07728862390105508,0.205104,0.4095395499999999,0.5166894999999999,0.611125,1000,0.312571738,0.09430016702014574,0.2684795,0.5162854,0.6595550899999999,0.854625,1000
200,k-NN,s017,"{""k"": 3}",3.740916,0.232125,76.654296875,100,1000,0.072398826,0.026373634945262094,0.062625,0.13356279999999998,0.18326292,0.208958,1000,0.22754377399999998,0.07342735024226685,0.1956455,0.36802294999999996,0.48359466999999995,0.692334,1000,0.299579756,0.09301654117865975,0.2575005,0.46991009999999994,0.6161046699999999,1.188042,1000
200,k-NN,s018,"{""k"": 5}",4.65575,0.29375,76.654296875,100,1000,0.071496496,0.026706760910681856,0.06275,0.12714134999999982,0.18209600999999995,0.246459,1000,0.234932209,0.07508057918546009,0.20156200000000002,0.3920976,0.49893574999999996,0.695917,1000,0.306814316,0.08928389575741957,0.2637705,0.49016489999999985,0.59158791,0.850209,1000
200,k-NN,s019,"{""k"": 5}",3.618708,0.227125,76.654296875,100,1000,0.07040067,0.0234165893581937,0.0626665,0.12001459999999999,0.17563541,0.206459,1000,0.224565397,0.06445440162839669,0.19937500000000002,0.3468771,0.4585300899999999,0.623875,1000,0.29548381199999996,0.08168464115410638,0.260604,0.4786521,0.57966166,0.846334,1000
200,k-NN,s020,"{""k"": 5}",3.914792,0.225542,76.654296875,100,1000,0.068923452,0.02177375253421231,0.0623335,0.11167325,0.16521508999999998,0.242209,1000,0.224111978,0.06645655296224097,0.19925,0.3525895999999998,0.4743786599999999,0.663625,1000,0.291105768,0.07909333040684924,0.260208,0.46226189999999995,0.5864499999999999,0.742542,1000
200,k-NN,s021,"{""k"": 5}",4.126875,0.234583,76.654296875,100,1000,0.072752171,0.027716420411593397,0.063125,0.13286729999999997,0.18755115999999997,0.250583,1000,0.238355754,0.08378888334675418,0.20125,0.4164728999999998,0.5419724999999999,0.751208,1000,0.310010473,0.09926142929478154,0.26316649999999997,0.5209726,0.6609178299999999,0.956167,1000
200,k-NN,s022,"{""k"": 3}",3.689375,0.231834,76.654296875,100,1000,0.077781323,0.03132908456575773,0.0642085,0.15684345,0.18529366,0.274625,1000,0.287219485,0.7688238944371807,0.20470850000000002,0.4866336499999999,0.5988638399999999,24.341666,1000,0.34205629800000004,0.13660848643650098,0.26741649999999995,0.5969694,0.76571333,1.9215,1000
200,k-NN,s024,"{""k"": 5}",4.018667,0.233959,76.654296875,100,1000,0.077537711,0.031293826087083816,0.064417,0.16227499999999997,0.18479574000000001,0.2315,1000,0.254829503,0.08779458893029474,0.208146,0.4383975999999999,0.53209643,0.607208,1000,0.332735982,0.10752634437891567,0.272625,0.5518601,0.67254708,0.743667,1000
200,k-NN,s025,"{""k"": 5}",4.892667,0.237584,76.654296875,100,1000,0.079522964,0.03005580782262514,0.06535450000000001,0.1493771,0.17925083,0.272583,1000,0.31153128500000005,0.1025485412279363,0.2950625,0.504675,0.62344384,1.034041,1000,0.391491153,0.1198669745676581,0.3665205,0.6269601,0.74648699,0.928625,1000
200,k-NN,s026,"{""k"": 5}",4.188875,0.230583,76.654296875,100,1000,0.08071575,0.030088952367573023,0.0653955,0.15242324999999998,0.17863958,0.240166,1000,0.336208276,0.0717280917776005,0.31806199999999996,0.46658715,0.5468232499999999,0.605542,1000,0.41698528700000004,0.09728767619610548,0.379542,0.6038047999999999,0.69113708,0.960834,1000
200,k-NN,s027,"{""k"": 7}",4.267584,0.24325,76.654296875,100,1000,0.07400613899999998,0.02538150964843724,0.063417,0.12980979999999998,0.16811232999999998,0.241,1000,0.246913687,0.08086583257244476,0.207166,0.4308506499999999,0.5115376699999998,0.608166,1000,0.319083606,0.09832747039978189,0.2687705,0.5401458499999999,0.64535717,0.813791,1000
200,k-NN,s028,"{""k"": 5}",3.986875,0.236,76.654296875,100,1000,0.06700197199999999,0.017414875728636706,0.0624585,0.10546425,0.15589166,0.187584,1000,0.209582171,0.04285210683282411,0.19977050000000002,0.3023771,0.35859891999999993,0.493083,1000,0.274058508,0.051423903754940006,0.2606875,0.3956869,0.47713416999999986,0.540958,1000
200,k-NN,s029,"{""k"": 7}",3.795833,0.230042,76.654296875,100,1000,0.07063525699999999,0.022869930841207906,0.062959,0.11384554999999999,0.17004466999999993,0.228917,1000,0.23560865,0.07569438428799218,0.205958,0.3763535499999998,0.48573407999999996,0.946792,1000,0.30474048400000003,0.09315791779294587,0.265896,0.5019191,0.655118,0.902875,1000
200,k-NN,s030,"{""k"": 5}",3.88025,0.231541,76.654296875,100,1000,0.08326866499999999,0.035846483361889066,0.065125,0.16611009999999998,0.18975299999999995,0.257791,1000,0.307221273,0.11423504989648897,0.2865415,0.5221994,0.6040374999999999,0.739083,1000,0.39229621,0.13519365621935764,0.37335450000000003,0.6471294499999999,0.75243783,0.861917,1000
200,k-NN,s031,"{""k"": 5}",5.095292,0.242667,76.654296875,100,1000,0.076223129,0.029808672013754364,0.064084,0.1520494,0.18466976,0.233916,1000,0.262296002,0.0952252842975517,0.2080205,0.4657226,0.55869134,0.665458,1000,0.339276479,0.11921520177396658,0.273083,0.5863163499999998,0.74816934,0.863125,1000
200,k-NN,s032,"{""k"": 5}",3.764292,0.229125,76.654296875,100,1000,0.07609891999999999,0.02779281643037878,0.06425,0.14359229999999998,0.18075167,0.216458,1000,0.24850551999999998,0.09666547483886594,0.2038545,0.4271517999999998,0.53592133,1.374584,1000,0.32198651200000006,0.11329122973297741,0.265375,0.54795065,0.6626149199999999,1.386625,1000
200,k-NN,s033,"{""k"": 5}",4.349167,0.410584,76.654296875,100,1000,0.077700084,0.032098487273517926,0.063583,0.15771634999999998,0.18372024,0.28325,1000,0.26621097099999996,0.1177785023629738,0.2033335,0.49125594999999994,0.6133,1.3195,1000,0.34968393200000003,0.2042658467399231,0.26785400000000004,0.6312621999999998,0.7897987499999997,4.443917,1000
200,k-NN,s034,"{""k"": 3}",3.765584,0.23325,76.654296875,100,1000,0.072923903,0.02561659776497737,0.063333,0.13422114999999996,0.17521149,0.240708,1000,0.226251455,0.07213836396243786,0.19645849999999998,0.38176665,0.4764692499999998,0.729291,1000,0.300921551,0.09202956829025707,0.25845850000000004,0.48694404999999996,0.6394330899999999,0.825125,1000
200,k-NN,s035,"{""k"": 5}",5.013583,0.276208,76.654296875,100,1000,0.069487255,0.02051287940854732,0.06268750000000001,0.10993064999999999,0.15951125,0.197375,1000,0.222391331,0.06519926202791274,0.1985,0.36580624999999994,0.48127958,0.595708,1000,0.2907521820000001,0.07678487992101936,0.259646,0.46039374999999993,0.59078258,0.675708,1000
200,k-NN,s036,"{""k"": 1}",3.775084,0.234291,76.654296875,100,1000,0.082860725,0.03035032245849638,0.065292,0.14621904999999993,0.17872132999999998,0.240167,1000,0.292942566,0.08806045590395076,0.28531249999999997,0.44529405,0.54496676,0.667041,1000,0.374940122,0.10706771157190369,0.358104,0.5718452,0.66959191,0.772417,1000
200,k-NN,s037,"{""k"": 5}",4.429458,0.236625,76.654296875,100,1000,0.078541085,0.028821700964694524,0.064625,0.15089969999999994,0.17446841999999999,0.191291,1000,0.254940367,0.08080754796286099,0.211063,0.42292114999999997,0.50734324,0.598791,1000,0.334433439,0.10296648305710664,0.284396,0.5384892499999999,0.65369742,0.866708,1000
200,k-NN,s038,"{""k"": 3}",3.82475,0.233333,76.654296875,100,1000,0.074550982,0.026485799336440012,0.063791,0.1396271,0.17225416,0.208208,1000,0.23640193399999998,0.09414649938507595,0.1965205,0.4431860499999999,0.5741399199999997,1.146625,1000,0.31235202700000003,0.11334244197538366,0.2587295,0.5695159999999996,0.68845268,0.98625,1000
200,k-NN,s039,"{""k"": 7}",4.074958,0.2325,76.654296875,100,1000,0.07628920099999999,0.0314220715195096,0.0634795,0.15590205,0.1860445,0.241166,1000,0.25859677,0.1166793844444486,0.2058545,0.5096746999999998,0.6567883299999999,1.117417,1000,0.334973934,0.13889906701195814,0.267937,0.6346506,0.8313854199999999,1.574333,1000
200,k-NN,s040,"{""k"": 3}",3.809542,0.229167,76.654296875,100,1000,0.07498053,0.025940988557308885,0.06427050000000001,0.13940209999999997,0.17298050999999998,0.225625,1000,0.23129522900000002,0.07116616280069014,0.198833,0.38636424999999996,0.47317167,0.579625,1000,0.308710404,0.09284433889261741,0.261584,0.5072166499999999,0.6150484199999999,0.792208,1000
200,k-NN,s041,"{""k"": 1}",3.8525,0.256584,76.654296875,100,1000,0.07138596700000001,0.02264569780614053,0.063583,0.11468569999999999,0.1647775,0.232958,1000,0.218124639,0.06918387844341449,0.1899585,0.39089789999999996,0.45687625,0.526417,1000,0.29013151100000006,0.0893099871797882,0.2524375,0.4796166999999998,0.5954797599999999,0.899583,1000
200,k-NN,s042,"{""k"": 7}",4.177916,0.236291,76.654296875,100,1000,0.074097415,0.027896446153385986,0.06343750000000001,0.14396904999999993,0.18265083,0.2285,1000,0.25848436100000005,0.09792387555612068,0.20716649999999998,0.45981489999999986,0.56898741,0.940958,1000,0.331610217,0.11531253320803757,0.26927049999999997,0.5741068999999999,0.66725392,0.92825,1000
200,k-NN,s043,"{""k"": 1}",3.898667,0.228584,76.654296875,100,1000,0.074343457,0.0263784083203226,0.064125,0.13744819999999985,0.17633551,0.252708,1000,0.23061932799999998,0.0794840386356547,0.192604,0.3992247,0.49093309,0.734292,1000,0.305736424,0.09925265302523037,0.255875,0.5158910499999998,0.65095392,0.925125,1000
200,k-NN,s044,"{""k"": 5}",3.726417,0.228125,76.654296875,100,1000,0.074061292,0.02419725028192133,0.063459,0.13164374999999998,0.16028040999999998,0.189958,1000,0.23911548900000001,0.07756140453631255,0.201854,0.40763330000000003,0.49839667,0.634042,1000,0.314120834,0.09839456253264423,0.26427100000000003,0.5220809499999998,0.6296704099999999,0.7885,1000
200,k-NN,s046,"{""k"": 7}",3.919875,0.23675,76.654296875,100,1000,0.075632315,0.030337423025854134,0.063083,0.15091664999999996,0.18927166999999998,0.26825,1000,0.278320801,0.12937705832353683,0.211104,0.5176419999999998,0.69080033,1.887791,1000,0.35650793500000005,0.20470349380627403,0.2766875,0.63803925,0.7786974999999997,5.182708,1000
200,k-NN,s047,"{""k"": 5}",3.789166,0.228792,76.654296875,100,1000,0.081894064,0.03514660945565208,0.064542,0.16021424999999997,0.19552550999999993,0.264792,1000,0.314669126,0.15004036631399487,0.2870005,0.5728347999999999,0.73336116,2.03725,1000,0.39415406399999997,0.16148478464452803,0.359959,0.7059767499999999,0.8753370799999997,1.365666,1000
200,k-NN,s048,"{""k"": 7}",3.903875,0.233291,76.654296875,100,1000,0.07310114799999999,0.025867067687560738,0.063125,0.12556489999999987,0.17584091999999998,0.241125,1000,0.243784949,0.07582199817350782,0.2072295,0.4171774,0.49439273999999994,0.576042,1000,0.311187418,0.08855615824502774,0.268437,0.49656184999999997,0.61045166,0.748417,1000
200,k-NN,s049,"{""k"": 7}",3.810459,0.231667,76.654296875,100,1000,0.076011689,0.030592500024679888,0.064083,0.15706279999999997,0.186973,0.247167,1000,0.27433066700000003,0.14571795392870188,0.20985399999999998,0.5066898999999998,0.7401799999999997,2.691209,1000,0.348321011,0.14405510235466598,0.2716045,0.6625683999999997,0.8510890799999999,1.485625,1000
200,k-NN,s050,"{""k"": 7}",3.749791,0.230708,76.654296875,100,1000,0.071948158,0.025351509941882542,0.0633335,0.13439374999999987,0.17466809,0.199834,1000,0.241414033,0.0797966961896211,0.206125,0.42944825,0.5122928299999999,0.63725,1000,0.31199831100000003,0.09848660321221643,0.26710449999999997,0.52027295,0.6972266599999999,0.801042,1000
200,k-NN,s051,"{""k"": 5}",3.9275,0.239709,76.654296875,100,1000,0.071630885,0.02446425905436038,0.063104,0.12142739999999999,0.17387709,0.228167,1000,0.22861549200000003,0.06924830379930628,0.201083,0.37508715,0.47579809,0.65925,1000,0.301431827,0.08670956168782752,0.262459,0.4905568999999999,0.6096758299999999,0.726667,1000
200,k-NN,s052,"{""k"": 7}",4.343167,0.407042,76.654296875,100,1000,0.07784733199999999,0.03130300356550467,0.063667,0.15754405,0.18134175,0.204708,1000,0.265287732,0.10713886530726141,0.20958349999999998,0.49299649999999984,0.6139206599999999,1.001583,1000,0.340118823,0.118960521894194,0.2731665,0.6003312499999999,0.76204458,0.918583,1000
200,k-NN,s053,"{""k"": 5}",6.00875,0.304,76.654296875,100,1000,0.07098140000000001,0.022222734725967024,0.063291,0.11091874999999995,0.16635608,0.189792,1000,0.22268115,0.07158222139875152,0.199667,0.3419478999999999,0.517018,1.031958,1000,0.29204984,0.08752566844755652,0.2614375,0.4461273999999999,0.6134329999999997,1.256625,1000
200,k-NN,s054,"{""k"": 3}",4.378917,0.234083,76.654296875,100,1000,0.07653290999999998,0.029062740089389427,0.063917,0.14426519999999995,0.18459301,0.252,1000,0.245957981,0.09383975914469822,0.1984585,0.44251939999999995,0.5370054200000001,1.135,1000,0.322963883,0.11475787652690457,0.261021,0.5636579999999997,0.6925312499999999,1.022667,1000
200,k-NN,s055,"{""k"": 7}",3.726709,0.230209,76.654296875,100,1000,0.07363183599999999,0.024723004915607673,0.0635,0.12174549999999985,0.17462792,0.238708,1000,0.240026342,0.07292367698573733,0.2067915,0.39806604999999995,0.48488208,0.6725,1000,0.316864579,0.09446943655871712,0.269854,0.5220271,0.63176542,0.852334,1000
200,k-NN,s056,"{""k"": 7}",4.884917,0.232958,76.654296875,100,1000,0.069342494,0.020219591790145618,0.0631455,0.10776459999999999,0.16530783,0.223166,1000,0.22040184399999999,0.05502190236672772,0.203833,0.33402114999999993,0.44261949999999994,0.540667,1000,0.290184789,0.0699557235433882,0.26604150000000004,0.4323833,0.5636475,0.766208,1000
200,k-NN,s057,"{""k"": 7}",3.920291,0.262083,76.654296875,100,1000,0.07098554,0.024175647848719697,0.063125,0.11755239999999999,0.17501791999999997,0.263667,1000,0.234208208,0.0876898298532414,0.20420850000000002,0.3932267999999999,0.49633383000000003,1.84675,1000,0.306711306,0.10148952618996024,0.26487499999999997,0.5254222999999997,0.6712203299999999,1.340666,1000
200,LDA,s002,{},0.000625,0.909875,2.95703125,100,1000,0.056046000000000006,0.0014741054884203483,0.055792,0.058334,0.05912542,0.06575,1000,0.062167966000000005,0.0011066266675918428,0.062041,0.064083,0.06508301,0.070375,1000,0.11785699300000002,0.0018506236145455672,0.117833,0.12066905,0.12241782999999999,0.13525,1000
200,LDA,s003,{},0.0005,0.915416,2.95703125,100,1000,0.056450570000000005,0.0024198493453010572,0.0562705,0.058833,0.06029325,0.113667,1000,0.062536177,0.0015589964238318583,0.062334,0.064625,0.06604184,0.091833,1000,0.11722938399999999,0.003216190853502033,0.117083,0.1201691,0.12250834,0.195375,1000
200,LDA,s004,{},0.00075,0.897416,2.95703125,100,1000,0.056245481,0.0018716313845623237,0.056,0.0587931,0.060671579999999996,0.081417,1000,0.061738667,0.001482086600304383,0.0615,0.063875,0.06671025,0.081458,1000,0.117408933,0.005805217031368618,0.117,0.1204601,0.12446066,0.251791,1000
200,LDA,s005,{},0.000833,0.942916,2.95703125,100,1000,0.055931060000000005,0.0017521279264570476,0.055666,0.058375,0.06075,0.070584,1000,0.062045626,0.0013402497108417574,0.061833,0.064125,0.06721274,0.070625,1000,0.117560005,0.0021248691225020776,0.117458,0.120625,0.12400457999999999,0.132583,1000
200,LDA,s007,{},0.000375,0.983625,2.95703125,100,1000,0.05567934200000001,0.0017657318352314862,0.055292,0.058125,0.06209065999999999,0.070834,1000,0.061555175,0.001462964531215503,0.061333,0.063625,0.066792,0.075916,1000,0.11694397200000001,0.002278718456286121,0.1166875,0.1208351,0.12562542,0.130042,1000
200,LDA,s008,{},0.000375,0.973917,2.95703125,100,1000,0.055988953,0.0016998189536730868,0.05575,0.058294099999999995,0.060667,0.07175,1000,0.061784887,0.001438047072809029,0.0615,0.06391605,0.06641741000000001,0.077459,1000,0.11761363,0.002124746461728226,0.1175,0.12091605,0.12383857,0.137625,1000
200,LDA,s010,{},0.00075,0.922084,2.95703125,100,1000,0.055912205,0.0026094069336767933,0.055583,0.05862704999999999,0.06312792,0.100958,1000,0.061357287999999996,0.002634289371262685,0.061,0.06371105,0.06696941,0.114083,1000,0.116700772,0.004222814582599501,0.116042,0.12129614999999999,0.12730115999999997,0.1785,1000
200,LDA,s011,{},0.001125,0.899125,2.95703125,100,1000,0.05530558199999999,0.0015742322008834343,0.0550835,0.057541,0.05883441,0.0695,1000,0.060664720000000005,0.0011181109639600757,0.060541,0.0624601,0.06479366,0.067792,1000,0.11548990800000002,0.0018469063106872662,0.1154165,0.11841905,0.12050374999999999,0.128208,1000
200,LDA,s012,{},0.000417,0.897292,2.95703125,100,1000,0.056742815,0.003306265053406695,0.056042,0.06221105,0.06616642,0.119666,1000,0.062706513,0.004714050111558562,0.061708,0.0682952,0.07141741,0.179458,1000,0.11869330600000001,0.004994757289272695,0.11725,0.12866605,0.13458384,0.187125,1000
200,LDA,s013,{},0.000458,0.948333,2.95703125,100,1000,0.055086981,0.0017834462944883785,0.0548545,0.057417,0.06171107,0.069167,1000,0.060963544999999994,0.001559508527974062,0.06075,0.0633351,0.06812666,0.075083,1000,0.115623895,0.0025038678204004758,0.115291,0.119667,0.12483342,0.141541,1000
200,LDA,s015,{},0.000916,1.140375,2.95703125,100,1000,0.054908176999999996,0.00388153942140885,0.0545,0.0580021,0.06200707999999999,0.138375,1000,0.060848604,0.0028297968792055667,0.060458,0.06346105,0.06783774000000001,0.129625,1000,0.115302177,0.004428253578265862,0.114583,0.12021105,0.12779949,0.208334,1000
200,LDA,s016,{},0.001291,0.897791,2.95703125,100,1000,0.054895015,0.0019370715533965134,0.054667,0.05721105,0.061961499999999996,0.081083,1000,0.060864717,0.0017594940000031398,0.060583,0.0629601,0.06704934,0.087333,1000,0.115343206,0.004438541905153966,0.114875,0.11926039999999999,0.12629574999999998,0.214292,1000
200,LDA,s017,{},0.001083,0.909875,2.95703125,100,1000,0.055457809999999996,0.0019239938977082078,0.055041,0.057833,0.059921159999999994,0.074625,1000,0.061283063,0.001302778754629702,0.061042,0.06316605,0.06600041000000001,0.074625,1000,0.11722534899999999,0.0021061654137196667,0.117083,0.1203351,0.12383675,0.131459,1000
200,LDA,s018,{},0.001083,0.88475,2.95703125,100,1000,0.055479677,0.001939638140681862,0.055292,0.05791905,0.06283926,0.076084,1000,0.061457537,0.002089255907465115,0.061166,0.063834,0.06983690999999999,0.097583,1000,0.11601811499999999,0.0027884571905048617,0.115667,0.119208,0.12379408,0.172625,1000
200,LDA,s019,{},0.000834,1.196208,2.95703125,100,1000,0.054617949,0.0015493945274851087,0.0544375,0.056875,0.05954283,0.064084,1000,0.06096752,0.0016926162321416252,0.060708,0.063125,0.06750208,0.080709,1000,0.114685972,0.0020527613447145657,0.1145,0.1177101,0.12091782999999999,0.130875,1000
200,LDA,s020,{},0.001083,0.91075,2.95703125,100,1000,0.054467347000000006,0.0016226930527164826,0.0543545,0.05683305,0.059220239999999987,0.066875,1000,0.060516982,0.0014684288198189507,0.060292,0.062375,0.06701083999999999,0.074041,1000,0.11455462400000001,0.0022282135926428677,0.114292,0.117667,0.12067449,0.138791,1000
200,LDA,s021,{},0.000416,0.93825,2.95703125,100,1000,0.055140903000000005,0.0017811455670781447,0.054667,0.057667,0.06062584,0.069125,1000,0.061475908,0.0016566256463269157,0.06125,0.063542,0.06746149,0.084333,1000,0.116301957,0.0023969421584305803,0.116042,0.11975,0.12450832999999999,0.140333,1000
200,LDA,s022,{},0.000917,0.891375,2.95703125,100,1000,0.055502772000000006,0.001795183466304683,0.055291,0.058,0.06084091999999999,0.072208,1000,0.061154317,0.0038536133387089156,0.06075,0.0635,0.06729491,0.173,1000,0.11618737800000001,0.003236349640584605,0.1157915,0.12025625,0.12716824,0.177708,1000
200,LDA,s024,{},0.000709,0.915125,2.95703125,100,1000,0.05549517899999999,0.0023478070391009256,0.055125,0.058125,0.06295884,0.084958,1000,0.061754830999999996,0.0020676849342746656,0.061417,0.06392115,0.06984440999999998,0.090958,1000,0.11687003,0.00490881113161077,0.116416,0.1205851,0.12787707999999998,0.227459,1000
200,LDA,s025,{},0.000917,1.009375,2.95703125,100,1000,0.055891607,0.0016553248511739066,0.05575,0.058209,0.060417,0.072458,1000,0.061872387,0.001506575129840147,0.061625,0.06391905,0.06758842,0.075667,1000,0.117299517,0.0024154225700491598,0.117125,0.1208771,0.12654949999999998,0.136667,1000
200,LDA,s026,{},0.000583,0.926375,2.95703125,100,1000,0.055363419,0.0018839619874639751,0.055042,0.0577521,0.06100042,0.072708,1000,0.061021850999999995,0.0012543364312183887,0.060833,0.063,0.0650025,0.071292,1000,0.11601737600000002,0.002368623728875691,0.11564550000000001,0.1196681,0.12467074,0.134458,1000
200,LDA,s027,{},0.000583,0.9475,2.95703125,100,1000,0.057043151,0.0037607436212514916,0.056375,0.06267529999999999,0.071334,0.127041,1000,0.062884982,0.003177635694393283,0.062125,0.06767949999999999,0.07767183999999999,0.089916,1000,0.11943106,0.004750008622973047,0.11825,0.13192225,0.13658592,0.149417,1000
200,LDA,s028,{},0.000917,1.237625,2.95703125,100,1000,0.056341867000000004,0.0016420205884592086,0.056083,0.058792,0.06004184,0.067833,1000,0.062521701,0.0014504911486014568,0.062292,0.064708,0.067546,0.075416,1000,0.11876450999999999,0.0030467772103107997,0.118542,0.12242529999999999,0.12734108,0.165833,1000
200,LDA,s029,{},0.000959,1.194375,2.95703125,100,1000,0.055613019,0.0020699913131884584,0.0553545,0.057916050000000004,0.06350832999999999,0.0825,1000,0.061042391,0.0018929724326438968,0.060791,0.063041,0.06683732,0.087,1000,0.11619752900000001,0.003002789777124698,0.115875,0.119292,0.12554101,0.173375,1000
200,LDA,s030,{},0.00075,1.156166,2.95703125,100,1000,0.055641271000000006,0.0018601131213943376,0.055333,0.05800205,0.06130199999999999,0.076625,1000,0.061123608,0.0015003611264778386,0.060917,0.06300415,0.06596233,0.07975,1000,0.11638916600000002,0.002370564822573306,0.116167,0.12046105,0.12479184,0.139042,1000
200,LDA,s031,{},0.001375,1.181084,2.95703125,100,1000,0.055676021000000006,0.0018063692996188815,0.055334,0.058166,0.06166601,0.071375,1000,0.06134712,0.0013497451276109546,0.061125,0.0633771,0.0665025,0.071708,1000,0.11649379,0.0022413713827867886,0.116209,0.120208,0.12429309,0.132166,1000
200,LDA,s032,{},0.000416,1.181667,2.95703125,100,1000,0.056159734,0.0018335236350165128,0.0558335,0.0585,0.06183508,0.072458,1000,0.062037817,0.0014885262146844458,0.0618335,0.06425,0.06816783,0.07525,1000,0.1179885,0.0021853468000838277,0.117875,0.12096219999999999,0.12454491,0.137125,1000
200,LDA,s033,{},0.000792,1.173125,2.95703125,100,1000,0.055906976,0.001787932265834255,0.055667,0.058458,0.06058524,0.073042,1000,0.06204660099999999,0.0014833215202819429,0.061791,0.064291,0.06708425,0.076167,1000,0.11717870600000001,0.0024268362985549663,0.116875,0.12100205,0.12704323999999997,0.141583,1000
200,LDA,s034,{},0.00025,1.185541,2.95703125,100,1000,0.055430568,0.0017018900037784359,0.055292,0.057875,0.06079990999999999,0.068542,1000,0.06099652,0.0013627445866369863,0.0608125,0.063166,0.06563749999999999,0.072958,1000,0.115956821,0.0022932341078992836,0.11572950000000001,0.119125,0.12312875,0.142791,1000
200,LDA,s035,{},0.000292,1.203625,2.95703125,100,1000,0.056577652,0.0018330977836385003,0.056375,0.05900414999999999,0.06337583,0.069667,1000,0.061985432,0.0012929646998627198,0.061792,0.06425,0.06704101,0.072541,1000,0.11849066700000001,0.0021970246852456095,0.118375,0.1217101,0.12650333,0.136917,1000
200,LDA,s036,{},0.000958,1.183875,2.95703125,100,1000,0.055563986,0.0016761071961951418,0.055292,0.05791905,0.06025041,0.071,1000,0.06134603799999999,0.0015057994383398164,0.061166,0.0635,0.06629283,0.077334,1000,0.11693217999999998,0.0022446797867279266,0.11675,0.120375,0.12441892,0.132083,1000
200,LDA,s037,{},0.000667,1.196375,2.95703125,100,1000,0.056455863,0.008873104160758998,0.055709,0.059085099999999995,0.06700084,0.304125,1000,0.06336829199999999,0.011467031005487724,0.062125,0.0659232,0.08208124999999993,0.348541,1000,0.119143606,0.016487300046265294,0.1175835,0.1234232,0.14780033,0.509875,1000
200,LDA,s038,{},0.00125,0.923209,2.95703125,100,1000,0.055353904,0.001646611418625521,0.0550835,0.05775,0.060627919999999995,0.066375,1000,0.060962521,0.0015271094514918825,0.0607085,0.06295805,0.06700416000000001,0.082333,1000,0.115884967,0.00232749990455783,0.1156665,0.1193402,0.12475167,0.135959,1000
200,LDA,s039,{},0.000917,0.890417,2.95703125,100,1000,0.056060254999999996,0.0015692832714207345,0.055833,0.058375,0.06054241,0.072,1000,0.062462040999999996,0.0011585098326519952,0.062333,0.06441605,0.06641908,0.069667,1000,0.118036191,0.0024041551323530285,0.117917,0.121042,0.12362542,0.169125,1000
200,LDA,s040,{},0.000791,0.900333,2.95703125,100,1000,0.055757988,0.001609357180488655,0.055375,0.058083,0.05916767,0.067958,1000,0.062275678,0.0013785207600184354,0.062083,0.06441905,0.06779616000000001,0.070375,1000,0.11746417,0.0019426073036607845,0.117333,0.12041605,0.12354226,0.130875,1000
200,LDA,s041,{},0.000625,0.864875,2.95703125,100,1000,0.055502330999999995,0.0017249381522443264,0.0553125,0.05791905,0.06071799999999999,0.069709,1000,0.061436911,0.001456960679462731,0.06125,0.06350205,0.0661745,0.075917,1000,0.11599532200000001,0.002446980902224584,0.115833,0.11925,0.12437957999999999,0.144166,1000
200,LDA,s042,{},0.000417,0.85725,2.95703125,100,1000,0.055882385,0.0016641494464606109,0.055667,0.058083,0.06126666999999998,0.068292,1000,0.061899857999999995,0.0012766970247984175,0.061708,0.063875,0.06596108,0.074667,1000,0.11712429899999999,0.0022308908708577975,0.116958,0.12025,0.12617033,0.141875,1000
200,LDA,s043,{},0.000708,0.857625,2.95703125,100,1000,0.055574279000000004,0.0016305458610428494,0.0555,0.057916050000000004,0.060420329999999994,0.067583,1000,0.060944752,0.0014853038787090373,0.060667,0.06329405,0.0658775,0.077125,1000,0.11621398100000001,0.0024318789109815204,0.115875,0.1202521,0.12612541,0.133167,1000
200,LDA,s044,{},0.000375,0.8815,2.95703125,100,1000,0.054974898999999994,0.0016194957404242394,0.054625,0.05729405,0.06013249999999999,0.064125,1000,0.06124156499999999,0.0013927063756671132,0.061083,0.06325205,0.06675125,0.074167,1000,0.115878295,0.002230415819685579,0.115709,0.11891605,0.12408425,0.132208,1000
200,LDA,s046,{},0.000834,0.870084,2.95703125,100,1000,0.05570092200000001,0.001502591347197459,0.0555625,0.058041,0.06062541,0.064333,1000,0.061295841,0.0012434867474203383,0.0611045,0.063167,0.0648775,0.076125,1000,0.11613156399999999,0.002015870876642471,0.116,0.11917114999999999,0.12225583,0.133833,1000
200,LDA,s047,{},0.000875,0.858375,2.95703125,100,1000,0.055381248999999994,0.001476383147491599,0.055084,0.057625,0.05833467,0.066584,1000,0.061826718,0.0011449333337862151,0.06175,0.0637931,0.06492075,0.07275,1000,0.116767448,0.001878106164747363,0.11675,0.119833,0.12191741,0.127,1000
200,LDA,s048,{},0.000334,0.845916,2.95703125,100,1000,0.056078199999999995,0.0020852026803690376,0.055708,0.059002099999999995,0.06262583,0.086459,1000,0.062316250999999996,0.0028442698389772934,0.062041,0.06512915,0.06762708,0.127458,1000,0.117957178,0.006650290506597297,0.117208,0.1223771,0.12860065999999998,0.245333,1000
200,LDA,s049,{},0.000709,1.148333,2.95703125,100,1000,0.055307518,0.0028170417337706963,0.0549165,0.05779405,0.06070842,0.1275,1000,0.06083860199999999,0.0018216728810853183,0.060542,0.06279314999999999,0.06900083,0.079167,1000,0.11559664500000001,0.0025526104840453527,0.115167,0.1195021,0.12458342,0.140041,1000
200,LDA,s050,{},0.001167,0.894,2.95703125,100,1000,0.055799734000000004,0.001580854384764717,0.055708,0.058041050000000004,0.06025166999999999,0.07125,1000,0.061800372,0.0012002983628147538,0.0616455,0.063792,0.066125,0.068791,1000,0.117235248,0.0020318476668878065,0.117167,0.12058605,0.12342017,0.128041,1000
200,LDA,s051,{},0.000875,0.865792,2.95703125,100,1000,0.05638906200000001,0.0018064508415118303,0.056,0.058875,0.061504159999999995,0.071958,1000,0.062266270000000006,0.0015816785115863518,0.062,0.064375,0.06883592000000001,0.079917,1000,0.118187836,0.002118118995992712,0.118042,0.1213771,0.124375,0.140875,1000
200,LDA,s052,{},0.000708,0.845125,2.95703125,100,1000,0.056426958000000006,0.0022076084996039322,0.056208,0.059086049999999994,0.06333857999999999,0.087959,1000,0.062103945,0.0016890084432875103,0.061875,0.0647931,0.06709773999999999,0.080875,1000,0.11817705,0.004583043523187994,0.117667,0.122125,0.12558483,0.214083,1000
200,LDA,s053,{},0.000792,0.988375,2.95703125,100,1000,0.056093369000000004,0.0021380494180802175,0.0558545,0.058416050000000004,0.06100749999999999,0.098292,1000,0.061965454999999996,0.0016755149436221998,0.061708,0.064083,0.06770982,0.088625,1000,0.11778383199999999,0.007148618440886979,0.117375,0.12091905,0.12546773999999997,0.320958,1000
200,LDA,s054,{},0.000416,0.911667,2.95703125,100,1000,0.055485375,0.001990503581228098,0.055334,0.05779615,0.06084300999999999,0.092625,1000,0.061735734,0.0015299869467748097,0.0615,0.06375,0.06708467,0.085125,1000,0.117213083,0.004628297710152707,0.116875,0.12062705,0.12462833,0.245667,1000
200,LDA,s055,{},0.000833,1.183708,2.95703125,100,1000,0.05577927,0.0016473937250047993,0.0555415,0.058208,0.06104242,0.067458,1000,0.061769850999999994,0.0016830556982115256,0.0615,0.064042,0.06908633,0.080458,1000,0.117156723,0.0021279504306506514,0.116959,0.120625,0.125417,0.129583,1000
200,LDA,s056,{},0.000333,1.1975,2.95703125,100,1000,0.055675448,0.0026654804608894408,0.0552705,0.058291050000000004,0.0639235,0.095209,1000,0.062062669,0.00240200296912862,0.061667,0.0644191,0.07058690999999999,0.099875,1000,0.11715046200000001,0.0037386626034744833,0.116583,0.1215431,0.126922,0.18925,1000
200,LDA,s057,{},0.000833,0.916708,2.95703125,100,1000,0.057316582,0.021666821327405404,0.055417,0.0584601,0.08408583999999981,0.613167,1000,0.06375643299999999,0.038079243129358745,0.060833,0.06500210000000001,0.11868582999999983,1.180375,1000,0.119541095,0.03218912437750001,0.115958,0.122041,0.21039800999999972,0.78275,1000
200,Threshold,s002,{},0.0,0.034875,0.685546875,100,1000,0.0,0.0,0.0,0.0,0.0,0.0,1000,0.0027042760000000007,0.0001299625564925917,0.002708,0.002792,0.003167,0.005916,1000,0.0027042760000000007,0.0001299625564925917,0.002708,0.002792,0.003167,0.005916,1000
200,Threshold,s003,{},0.0,0.033667,0.685546875,100,1000,0.0,0.0,0.0,0.0,0.0,0.0,1000,0.0027194270000000004,0.00012657173094365924,0.002708,0.002792,0.00320801,0.005291,1000,0.0027194270000000004,0.00012657173094365924,0.002708,0.002792,0.00320801,0.005291,1000
200,Threshold,s004,{},0.0,0.03375,0.685546875,100,1000,0.0,0.0,0.0,0.0,0.0,0.0,1000,0.002657623,0.00012531172291090287,0.002625,0.00275,0.00304101,0.005416,1000,0.002657623,0.00012531172291090287,0.002625,0.00275,0.00304101,0.005416,1000
200,Threshold,s005,{},0.0,0.032583,0.685546875,100,1000,0.0,0.0,0.0,0.0,0.0,0.0,1000,0.002673875,0.00021745686207122055,0.002666,0.002791,0.002917,0.008417,1000,0.002673875,0.00021745686207122055,0.002666,0.002791,0.002917,0.008417,1000
200,Threshold,s007,{},0.0,0.034417,0.685546875,100,1000,0.0,0.0,0.0,0.0,0.0,0.0,1000,0.0026932370000000002,0.00015208615660220368,0.002667,0.002834,0.003041,0.006666,1000,0.0026932370000000002,0.00015208615660220368,0.002667,0.002834,0.003041,0.006666,1000
200,Threshold,s008,{},0.0,0.034459,0.685546875,100,1000,0.0,0.0,0.0,0.0,0.0,0.0,1000,0.0027087450000000002,0.00015125769026354946,0.002708,0.002792,0.0029594099999999996,0.006834,1000,0.0027087450000000002,0.00015125769026354946,0.002708,0.002792,0.0029594099999999996,0.006834,1000
200,Threshold,s010,{},0.0,0.046166,0.685546875,100,1000,0.0,0.0,0.0,0.0,0.0,0.0,1000,0.002710965000000001,0.0003800632260964362,0.002667,0.002875,0.003125,0.013458,1000,0.002710965000000001,0.0003800632260964362,0.002667,0.002875,0.003125,0.013458,1000
200,Threshold,s011,{},0.0,0.036875,0.685546875,100,1000,0.0,0.0,0.0,0.0,0.0,0.0,1000,0.0026941830000000006,0.0001717372213126327,0.002667,0.002792,0.003,0.007584,1000,0.0026941830000000006,0.0001717372213126327,0.002667,0.002792,0.003,0.007584,1000
200,Threshold,s012,{},0.0,0.0365,0.685546875,100,1000,0.0,0.0,0.0,0.0,0.0,0.0,1000,0.0026836140000000004,0.00015054802460248926,0.002667,0.002792,0.00304101,0.006709,1000,0.0026836140000000004,0.00015054802460248926,0.002667,0.002792,0.00304101,0.006709,1000
200,Threshold,s013,{},0.0,0.034959,0.685546875,100,1000,0.0,0.0,0.0,0.0,0.0,0.0,1000,0.0027094420000000003,0.00048070469067363546,0.002667,0.002833,0.003292,0.016334,1000,0.0027094420000000003,0.00048070469067363546,0.002667,0.002833,0.003292,0.016334,1000
200,Threshold,s015,{},0.0,0.034667,0.685546875,100,1000,0.0,0.0,0.0,0.0,0.0,0.0,1000,0.0026922380000000004,0.0003489815288284803,0.002667,0.002834,0.003042,0.012459,1000,0.0026922380000000004,0.0003489815288284803,0.002667,0.002834,0.003042,0.012459,1000
200,Threshold,s016,{},0.0,0.035792,0.685546875,100,1000,0.0,0.0,0.0,0.0,0.0,0.0,1000,0.0026911630000000003,0.00018143965051161718,0.002667,0.002792,0.00300041,0.007875,1000,0.0026911630000000003,0.00018143965051161718,0.002667,0.002792,0.00300041,0.007875,1000
200,Threshold,s017,{},0.0,0.037375,0.685546875,100,1000,0.0,0.0,0.0,0.0,0.0,0.0,1000,0.0027069160000000006,0.0005306510203980103,0.002666,0.0030020499999999983,0.003292,0.015625,1000,0.0027069160000000006,0.0005306510203980103,0.002666,0.0030020499999999983,0.003292,0.015625,1000
200,Threshold,s018,{},0.0,0.034333,0.685546875,100,1000,0.0,0.0,0.0,0.0,0.0,0.0,1000,0.0026952080000000006,0.00020103192923655823,0.002667,0.002834,0.003333,0.007042,1000,0.0026952080000000006,0.00020103192923655823,0.002667,0.002834,0.003333,0.007042,1000
200,Threshold,s019,{},0.0,0.034833,0.685546875,100,1000,0.0,0.0,0.0,0.0,0.0,0.0,1000,0.002681915,0.00019799462024167386,0.002666,0.002792,0.0032504099999999996,0.007,1000,0.002681915,0.00019799462024167386,0.002666,0.002792,0.0032504099999999996,0.007,1000
200,Threshold,s020,{},0.0,0.035167,0.685546875,100,1000,0.0,0.0,0.0,0.0,0.0,0.0,1000,0.002695837,0.0002172149782537516,0.002667,0.002792,0.003292,0.007417,1000,0.002695837,0.0002172149782537516,0.002667,0.002792,0.003292,0.007417,1000
200,Threshold,s021,{},0.0,0.03525,0.685546875,100,1000,0.0,0.0,0.0,0.0,0.0,0.0,1000,0.002707034,0.00020738230943420958,0.002667,0.002791,0.00333301,0.00775,1000,0.002707034,0.00020738230943420958,0.002667,0.002791,0.00333301,0.00775,1000
200,Threshold,s022,{},0.0,0.038083,0.685546875,100,1000,0.0,0.0,0.0,0.0,0.0,0.0,1000,0.002707017,0.000499882381271941,0.002667,0.002834,0.0032084199999999996,0.017333,1000,0.002707017,0.000499882381271941,0.002667,0.002834,0.0032084199999999996,0.017333,1000
200,Threshold,s024,{},0.0,0.035042,0.685546875,100,1000,0.0,0.0,0.0,0.0,0.0,0.0,1000,0.002675656,0.00014078086843359404,0.002667,0.002792,0.003,0.006375,1000,0.002675656,0.00014078086843359404,0.002667,0.002792,0.003,0.006375,1000
200,Threshold,s025,{},0.0,0.039125,0.685546875,100,1000,0.0,0.0,0.0,0.0,0.0,0.0,1000,0.0026785720000000006,0.00017037417696404633,0.002666,0.002792,0.003292,0.006416,1000,0.0026785720000000006,0.00017037417696404633,0.002666,0.002792,0.003292,0.006416,1000
200,Threshold,s026,{},0.0,0.038,0.685546875,100,1000,0.0,0.0,0.0,0.0,0.0,0.0,1000,0.0027473690000000004,0.00018183271425949453,0.002708,0.002961049999999998,0.0032504199999999995,0.006708,1000,0.0027473690000000004,0.00018183271425949453,0.002708,0.002961049999999998,0.0032504199999999995,0.006708,1000
200,Threshold,s027,{},0.0,0.092208,0.685546875,100,1000,0.0,0.0,0.0,0.0,0.0,0.0,1000,0.0026535420000000005,0.00015155180693804412,0.002625,0.00275,0.00295801,0.0065,1000,0.0026535420000000005,0.00015155180693804412,0.002625,0.00275,0.00295801,0.0065,1000
200,Threshold,s028,{},0.0,0.036167,0.685546875,100,1000,0.0,0.0,0.0,0.0,0.0,0.0,1000,0.0026935160000000004,0.00016585613646169983,0.002667,0.002792,0.003333,0.006458,1000,0.0026935160000000004,0.00016585613646169983,0.002667,0.002792,0.003333,0.006458,1000
200,Threshold,s029,{},0.0,0.0365,0.685546875,100,1000,0.0,0.0,0.0,0.0,0.0,0.0,1000,0.0027192860000000004,0.0007536973224430732,0.002667,0.002792,0.0032504199999999995,0.024208,1000,0.0027192860000000004,0.0007536973224430732,0.002667,0.002792,0.0032504199999999995,0.024208,1000
200,Threshold,s030,{},0.0,0.03425,0.685546875,100,1000,0.0,0.0,0.0,0.0,0.0,0.0,1000,0.0027678510000000004,0.0006950243734421684,0.002708,0.002958,0.00333441,0.016584,1000,0.0027678510000000004,0.0006950243734421684,0.002708,0.002958,0.00333441,0.016584,1000
200,Threshold,s031,{},0.0,0.033959,0.685546875,100,1000,0.0,0.0,0.0,0.0,0.0,0.0,1000,0.0026731680000000005,0.0002491528545309504,0.002625,0.002875,0.0030844099999999997,0.009375,1000,0.0026731680000000005,0.0002491528545309504,0.002625,0.002875,0.0030844099999999997,0.009375,1000
200,Threshold,s032,{},0.0,0.049208,0.685546875,100,1000,0.0,0.0,0.0,0.0,0.0,0.0,1000,0.0026735990000000005,0.00021709016177002893,0.002666,0.002752049999999998,0.00325,0.007583,1000,0.0026735990000000005,0.00021709016177002893,0.002666,0.002752049999999998,0.00325,0.007583,1000
200,Threshold,s033,{},0.0,0.035333,0.685546875,100,1000,0.0,0.0,0.0,0.0,0.0,0.0,1000,0.002745748,0.0006221099559509503,0.002667,0.002958,0.003291,0.013666,1000,0.002745748,0.0006221099559509503,0.002667,0.002958,0.003291,0.013666,1000
200,Threshold,s034,{},0.0,0.034667,0.685546875,100,1000,0.0,0.0,0.0,0.0,0.0,0.0,1000,0.002720689,0.0002026319075786658,0.002708,0.00283305,0.003333,0.006833,1000,0.002720689,0.0002026319075786658,0.002708,0.00283305,0.003333,0.006833,1000
200,Threshold,s035,{},0.0,0.035208,0.685546875,100,1000,0.0,0.0,0.0,0.0,0.0,0.0,1000,0.0026779290000000003,0.0001910034771602006,0.002666,0.0027940499999999984,0.0032094099999999998,0.00775,1000,0.0026779290000000003,0.0001910034771602006,0.002666,0.0027940499999999984,0.0032094099999999998,0.00775,1000
200,Threshold,s036,{},0.0,0.040167,0.685546875,100,1000,0.0,0.0,0.0,0.0,0.0,0.0,1000,0.0026830180000000006,0.00017888793858326658,0.002667,0.00275,0.003292,0.006625,1000,0.0026830180000000006,0.00017888793858326658,0.002667,0.00275,0.003292,0.006625,1000
200,Threshold,s037,{},0.0,0.033,0.685546875,100,1000,0.0,0.0,0.0,0.0,0.0,0.0,1000,0.002825858,0.001396791833188203,0.00275,0.003,0.003375,0.046375,1000,0.002825858,0.001396791833188203,0.00275,0.003,0.003375,0.046375,1000
200,Threshold,s038,{},0.0,0.038667,0.685546875,100,1000,0.0,0.0,0.0,0.0,0.0,0.0,1000,0.0026842440000000006,0.00013852577324763017,0.002667,0.002916,0.00325,0.005084,1000,0.0026842440000000006,0.00013852577324763017,0.002667,0.002916,0.00325,0.005084,1000
200,Threshold,s039,{},0.0,0.047375,0.685546875,100,1000,0.0,0.0,0.0,0.0,0.0,0.0,1000,0.002890274000000001,0.001231307694104752,0.00275,0.003252049999999998,0.003962579999999996,0.024791,1000,0.002890274000000001,0.001231307694104752,0.00275,0.003252049999999998,0.003962579999999996,0.024791,1000
200,Threshold,s040,{},0.0,0.035541,0.685546875,100,1000,0.0,0.0,0.0,0.0,0.0,0.0,1000,0.0027416660000000002,0.00012750509006307156,0.002709,0.002959,0.00333301,0.004625,1000,0.0027416660000000002,0.00012750509006307156,0.002709,0.002959,0.00333301,0.004625,1000
200,Threshold,s041,{},0.0,0.041334,0.685546875,100,1000,0.0,0.0,0.0,0.0,0.0,0.0,1000,0.002691193,0.00014324363332968583,0.002667,0.002792,0.00325,0.004917,1000,0.002691193,0.00014324363332968583,0.002667,0.002792,0.00325,0.004917,1000
200,Threshold,s042,{},0.0,0.035333,0.685546875,100,1000,0.0,0.0,0.0,0.0,0.0,0.0,1000,0.002697124,0.00024139754638230972,0.002667,0.002752049999999998,0.003291,0.008875,1000,0.002697124,0.00024139754638230972,0.002667,0.002752049999999998,0.003291,0.008875,1000
200,Threshold,s043,{},0.0,0.0335,0.685546875,100,1000,0.0,0.0,0.0,0.0,0.0,0.0,1000,0.0027460690000000003,0.00037791512549920666,0.002708,0.002958,0.0030830099999999997,0.012917,1000,0.0027460690000000003,0.00037791512549920666,0.002708,0.002958,0.0030830099999999997,0.012917,1000
200,Threshold,s044,{},0.0,0.034791,0.685546875,100,1000,0.0,0.0,0.0,0.0,0.0,0.0,1000,0.0027027970000000003,0.00017216563768010672,0.002667,0.002834,0.003292,0.005958,1000,0.0027027970000000003,0.00017216563768010672,0.002667,0.002834,0.003292,0.005958,1000
200,Threshold,s046,{},0.0,0.043958,0.685546875,100,1000,0.0,0.0,0.0,0.0,0.0,0.0,1000,0.0027129750000000003,0.0001886987217301235,0.002667,0.002877049999999998,0.00333441,0.006541,1000,0.0027129750000000003,0.0001886987217301235,0.002667,0.002877049999999998,0.00333441,0.006541,1000
200,Threshold,s047,{},0.0,0.039,0.685546875,100,1000,0.0,0.0,0.0,0.0,0.0,0.0,1000,0.002724482,0.0005864912852751554,0.002667,0.002877099999999998,0.003333,0.020125,1000,0.002724482,0.0005864912852751554,0.002667,0.002877099999999998,0.003333,0.020125,1000
200,Threshold,s048,{},0.0,0.036917,0.685546875,100,1000,0.0,0.0,0.0,0.0,0.0,0.0,1000,0.0026630220000000006,0.0001862246200831811,0.002625,0.00275,0.00325,0.007125,1000,0.0026630220000000006,0.0001862246200831811,0.002625,0.00275,0.00325,0.007125,1000
200,Threshold,s049,{},0.0,0.035875,0.685546875,100,1000,0.0,0.0,0.0,0.0,0.0,0.0,1000,0.0026745550000000008,0.00016775032383320798,0.002666,0.002792,0.003292,0.006125,1000,0.0026745550000000008,0.00016775032383320798,0.002666,0.002792,0.003292,0.006125,1000
200,Threshold,s050,{},0.0,0.035083,0.685546875,100,1000,0.0,0.0,0.0,0.0,0.0,0.0,1000,0.0026837240000000006,0.0001729878626511832,0.002667,0.00275,0.003292,0.005917,1000,0.0026837240000000006,0.0001729878626511832,0.002667,0.00275,0.003292,0.005917,1000
200,Threshold,s051,{},0.0,0.03575,0.685546875,100,1000,0.0,0.0,0.0,0.0,0.0,0.0,1000,0.002667565,0.000302077951634779,0.002625,0.00275,0.00325,0.010375,1000,0.002667565,0.000302077951634779,0.002625,0.00275,0.00325,0.010375,1000
200,Threshold,s052,{},0.0,0.033667,0.685546875,100,1000,0.0,0.0,0.0,0.0,0.0,0.0,1000,0.0026908330000000005,0.00018225254209502833,0.002666,0.002919049999999998,0.003291,0.006625,1000,0.0026908330000000005,0.00018225254209502833,0.002666,0.002919049999999998,0.003291,0.006625,1000
200,Threshold,s053,{},0.0,0.038125,0.685546875,100,1000,0.0,0.0,0.0,0.0,0.0,0.0,1000,0.002664612,0.00016007587495229177,0.002625,0.00279105,0.003,0.006542,1000,0.002664612,0.00016007587495229177,0.002625,0.00279105,0.003,0.006542,1000
200,Threshold,s054,{},0.0,0.045666,0.685546875,100,1000,0.0,0.0,0.0,0.0,0.0,0.0,1000,0.002676622,0.00016783289008711908,0.002666,0.002791,0.003292,0.006084,1000,0.002676622,0.00016783289008711908,0.002666,0.002791,0.003292,0.006084,1000
200,Threshold,s055,{},0.0,0.0365,0.685546875,100,1000,0.0,0.0,0.0,0.0,0.0,0.0,1000,0.0026785580000000006,0.0001656500666482829,0.002666,0.00279105,0.003292,0.006125,1000,0.0026785580000000006,0.0001656500666482829,0.002666,0.00279105,0.003292,0.006125,1000
200,Threshold,s056,{},0.0,0.034625,0.685546875,100,1000,0.0,0.0,0.0,0.0,0.0,0.0,1000,0.0027223520000000004,0.0003354300186229512,0.002708,0.002792,0.00333301,0.01175,1000,0.0027223520000000004,0.0003354300186229512,0.002708,0.002792,0.00333301,0.01175,1000
200,Threshold,s057,{},0.0,0.033708,0.685546875,100,1000,0.0,0.0,0.0,0.0,0.0,0.0,1000,0.002706552,0.0003395922911672469,0.002667,0.002875,0.0033754199999999996,0.011292,1000,0.002706552,0.0003395922911672469,0.002667,0.002875,0.0033754199999999996,0.011292,1000
200,Linear SVM,s002,"{""C"": 0.01}",5.799917,0.729375,1.8076171875,100,1000,0.054180995999999995,0.003110952919613547,0.053792,0.05637705,0.06017282999999999,0.128125,1000,0.04986283400000001,0.0038803416374937486,0.049583,0.051542,0.05612625,0.162959,1000,0.10373056800000001,0.010253645375126587,0.1025835,0.1068771,0.11737758999999996,0.294667,1000
200,Linear SVM,s003,"{""C"": 0.01}",5.631833,0.642416,1.8076171875,100,1000,0.053555019,0.0026536788634175675,0.0531665,0.0558351,0.06000290999999999,0.100125,1000,0.049671698,0.002090923250824103,0.049458,0.051208,0.05671259,0.089542,1000,0.102796739,0.006323532003230067,0.102083,0.106167,0.11504684,0.236208,1000
200,Linear SVM,s004,"{""C"": 0.01}",8.225417,0.666125,1.8076171875,100,1000,0.062834052,0.024617627813549838,0.054834,0.1111354,0.18126148999999997,0.26525,1000,0.05770924000000001,0.022560584343636277,0.050875,0.09322144999999998,0.16187032999999992,0.296208,1000,0.12195293199999997,0.047220418554729686,0.105104,0.2168455,0.3499288399999999,0.462375,1000
200,Linear SVM,s005,"{""C"": 0.01}",5.601,0.666167,1.8076171875,100,1000,0.054445428,0.0054635680811163136,0.053791,0.0567521,0.06196066,0.167083,1000,0.050450053,0.009248878203339648,0.049833,0.052252099999999996,0.058005829999999994,0.331458,1000,0.104542441,0.02225367697126163,0.103208,0.10767115,0.11391908,0.794167,1000
200,Linear SVM,s007,"{""C"": 0.01}",5.688792,0.690042,1.8076171875,100,1000,0.053886071,0.00316584299829427,0.053458,0.056416,0.061001669999999994,0.13825,1000,0.049776292,0.0017292351514311011,0.049583,0.051336049999999994,0.05575665999999999,0.074292,1000,0.10299625,0.0026068720677235907,0.102542,0.10650205,0.11325874999999999,0.129375,1000
200,Linear SVM,s008,"{""C"": 0.01}",5.609167,0.684667,1.8076171875,100,1000,0.054189994,0.002980688743453323,0.053709,0.056875,0.06308384,0.107083,1000,0.049844678,0.0044002777954343965,0.049458,0.051669049999999994,0.05691742,0.177708,1000,0.103427009,0.00680988888349322,0.102625,0.10742114999999999,0.11433509,0.232083,1000
200,Linear SVM,s010,"{""C"": 0.1}",7.186083,0.746583,1.8076171875,100,1000,0.05594164,0.008739550932908903,0.054667,0.059625,0.09391332999999996,0.190583,1000,0.051805408,0.010478235721980173,0.050354499999999996,0.05538124999999999,0.0819345,0.22425,1000,0.106433499,0.017083778323890145,0.104,0.1127122,0.17179874999999997,0.503208,1000
200,Linear SVM,s011,"{""C"": 0.01}",7.627583,0.749791,1.8076171875,100,1000,0.053568740999999996,0.0018220603738419118,0.0532705,0.056084,0.06120941,0.07125,1000,0.049827899,0.004621321083343414,0.049375,0.051417,0.05629449,0.166541,1000,0.103082342,0.0062217716476475945,0.102375,0.10666905,0.11300584,0.239417,1000
200,Linear SVM,s012,"{""C"": 0.01}",6.030792,0.59875,1.8076171875,100,1000,0.05353353799999999,0.0016640517867256737,0.053166,0.05579105,0.059419339999999994,0.070417,1000,0.049923205000000005,0.001147778161354659,0.049833,0.051419049999999994,0.05441825,0.061375,1000,0.10291563299999998,0.0022815698115806384,0.102583,0.1064601,0.11151582999999998,0.124333,1000
200,Linear SVM,s013,"{""C"": 0.01}",5.868625,0.67125,1.8076171875,100,1000,0.054552211,0.002955568792866844,0.05375,0.06013539999999999,0.06387625,0.093792,1000,0.050531458,0.003602470220268854,0.0497085,0.05541905,0.058833420000000004,0.139334,1000,0.10388620400000001,0.004155167657826654,0.102667,0.11279410000000001,0.11837708999999999,0.157792,1000
200,Linear SVM,s015,"{""C"": 0.01}",5.905708,0.659458,1.8076171875,100,1000,0.053573999,0.0016738756879821812,0.053292,0.05583605,0.058879999999999995,0.074959,1000,0.049639801,0.0054196253623721505,0.049375,0.051125,0.053834259999999995,0.216416,1000,0.10277899700000001,0.003714286071644591,0.10225,0.1064232,0.11304268,0.1705,1000
200,Linear SVM,s016,"{""C"": 0.01}",5.770458,0.608709,1.8076171875,100,1000,0.053488422,0.001557069023473225,0.053208,0.05575,0.05979242,0.067834,1000,0.04921104800000001,0.001138425293923956,0.049125,0.050666050000000004,0.05433841999999999,0.059333,1000,0.102704008,0.0019136376352211844,0.1024585,0.105833,0.11000583,0.119208,1000
200,Linear SVM,s017,"{""C"": 0.01}",5.622375,0.652625,1.8076171875,100,1000,0.052905237,0.0013151178889715153,0.052708,0.0548771,0.057630419999999995,0.065209,1000,0.04902300100000001,0.0011708184303280316,0.048875,0.050458,0.053297409999999996,0.065667,1000,0.101386298,0.0019303265028496068,0.101166,0.104125,0.10833509,0.119625,1000
200,Linear SVM,s018,"{""C"": 0.01}",5.585084,0.648709,1.8076171875,100,1000,0.053514698,0.0016034708858216542,0.053209,0.055546149999999996,0.05925208,0.068166,1000,0.04963304000000001,0.0011929734649555653,0.0495,0.051083,0.05479616,0.063083,1000,0.102444703,0.001875881218290787,0.102125,0.10562705,0.10933592,0.114042,1000
200,Linear SVM,s019,"{""C"": 0.1}",8.358833,0.759542,1.8076171875,100,1000,0.054261869,0.0021502978818805133,0.0540205,0.05654405,0.059003749999999994,0.101958,1000,0.04996662,0.0013350196639387382,0.0497295,0.05179105,0.05541851,0.065667,1000,0.10332733,0.002139370685980349,0.10293749999999999,0.10696314999999999,0.11179657999999999,0.120166,1000
200,Linear SVM,s020,"{""C"": 0.01}",5.504209,0.688167,1.8076171875,100,1000,0.053643668,0.0014984899037924046,0.053417,0.05558605,0.06008441,0.066834,1000,0.050245292000000004,0.0012500669870883743,0.050083,0.051833,0.05479476,0.067167,1000,0.103481437,0.0020436382917479548,0.1031665,0.106292,0.11254366,0.121083,1000
200,Linear SVM,s021,"{""C"": 0.1}",5.985542,0.839667,1.8076171875,100,1000,0.053894410999999996,0.0015100920912988077,0.053583,0.056125,0.058834250000000005,0.068042,1000,0.049455729000000004,0.001245569826927721,0.049292,0.050834,0.054715919999999994,0.064833,1000,0.10287120300000001,0.001987427030608416,0.102583,0.105708,0.11067074,0.11875,1000
200,Linear SVM,s022,"{""C"": 0.01}",5.506083,0.616625,1.8076171875,100,1000,0.05341374399999999,0.0018409217559079958,0.053083,0.05554405,0.05995983,0.080042,1000,0.04970784,0.0013739511083179221,0.049541,0.051502049999999994,0.05475999999999999,0.064333,1000,0.10256931799999999,0.002021841987866483,0.1022085,0.10562705,0.10958509,0.122458,1000
200,Linear SVM,s024,"{""C"": 0.1}",6.162375,0.679291,1.8076171875,100,1000,0.05378256399999999,0.001473417198944735,0.0535,0.055792,0.058209409999999996,0.0705,1000,0.049855595,0.0012916531798094681,0.049667,0.051417,0.05512666,0.064625,1000,0.10308287999999999,0.0018549844670435836,0.102875,0.10625,0.10954309,0.118584,1000
200,Linear SVM,s025,"{""C"": 0.01}",6.8495,0.64825,1.8076171875,100,1000,0.054188785,0.001263703818984939,0.054,0.05625,0.05742075,0.063792,1000,0.05048458000000001,0.001154716008662155,0.0503955,0.051875,0.05450041,0.063625,1000,0.103957616,0.0018814252128042128,0.103625,0.106834,0.11145941000000001,0.121542,1000
200,Linear SVM,s026,"{""C"": 0.01}",5.747625,0.73175,1.8076171875,100,1000,0.053995837000000005,0.001712732888800639,0.053667,0.05616605,0.06145983,0.074041,1000,0.050144201,0.0013809169621143964,0.049958,0.05208719999999999,0.056042259999999997,0.058791,1000,0.10346829199999999,0.0021070712460597935,0.103042,0.107083,0.11120842,0.121875,1000
200,Linear SVM,s027,"{""C"": 0.01}",6.080542,0.712792,1.8076171875,100,1000,0.053713574,0.001596769559313288,0.053458,0.05587705,0.058043660000000004,0.072667,1000,0.050277993,0.0014060467611162308,0.050166,0.052042,0.055502909999999996,0.063541,1000,0.10302814099999999,0.0022942234922848177,0.102667,0.10612705,0.10929559,0.148,1000
200,Linear SVM,s028,"{""C"": 0.1}",6.428833,0.722542,1.8076171875,100,1000,0.053382834000000004,0.0014514486644968442,0.053125,0.05533605,0.0578775,0.067833,1000,0.04964165,0.001141507204619488,0.049541,0.050875,0.0535,0.067333,1000,0.102505278,0.0018866103761581029,0.10225,0.10541905,0.10917490999999999,0.120541,1000
200,Linear SVM,s029,"{""C"": 0.01}",5.558417,0.724417,1.8076171875,100,1000,0.05364138799999999,0.001414282017520227,0.053458,0.0555,0.05863082999999999,0.066416,1000,0.049421973,0.0012277690870852718,0.049292,0.050875,0.053462169999999996,0.06625,1000,0.102585445,0.002007361501367445,0.102333,0.105291,0.10946092,0.119791,1000
200,Linear SVM,s030,"{""C"": 0.01}",8.807292,0.68725,1.8076171875,100,1000,0.053990502,0.0014142629287468545,0.05375,0.05596105,0.05900249999999999,0.067541,1000,0.049759634000000004,0.0012696407924235047,0.049625,0.051208,0.05567324,0.064042,1000,0.10313038899999999,0.0019158656358977293,0.102875,0.1063351,0.11017184,0.12,1000
200,Linear SVM,s031,"{""C"": 1}",5.517333,0.810583,1.80078125,100,1000,0.053914755999999994,0.001545488110586415,0.053667,0.056,0.059335509999999994,0.070208,1000,0.049698301,0.0012328238670167306,0.049625,0.051125,0.05345842,0.065917,1000,0.10321257899999998,0.0019350118399068198,0.102917,0.10620805,0.11067199,0.117167,1000
200,Linear SVM,s032,"{""C"": 0.1}",5.59125,0.699125,1.8076171875,100,1000,0.05372738199999999,0.0015455835281596789,0.053458,0.055708,0.05792033,0.072458,1000,0.049596692000000005,0.0012751760871303967,0.049458,0.05087704999999999,0.05558816,0.063667,1000,0.10291604,0.002324795211448778,0.102583,0.10575205,0.11042658,0.136833,1000
200,Linear SVM,s033,"{""C"": 0.01}",5.98725,0.638875,1.8076171875,100,1000,0.053625403,0.001568802332146517,0.0533335,0.0556271,0.059877089999999994,0.068125,1000,0.04961579000000001,0.0015100459067659301,0.049458,0.051083,0.056547,0.066208,1000,0.10267546100000001,0.0021767600586265414,0.102417,0.10550205,0.11054225,0.122667,1000
200,Linear SVM,s034,"{""C"": 0.01}",5.448041,0.698375,1.8076171875,100,1000,0.05382926,0.0016305453432874902,0.053458,0.05587705,0.059835509999999995,0.071875,1000,0.049846588,0.001337427572157373,0.049708,0.051416050000000005,0.05413207999999999,0.065458,1000,0.103057332,0.001996009248148588,0.102708,0.105875,0.11145925,0.118458,1000
200,Linear SVM,s035,"{""C"": 0.01}",7.593833,0.685083,1.8076171875,100,1000,0.053586164,0.0014165379722869886,0.053333,0.05566905,0.05933425,0.066083,1000,0.049895708999999996,0.0012346102538039268,0.049833,0.051375,0.05391741,0.064708,1000,0.102990549,0.001976402927576036,0.102625,0.10612914999999999,0.11125208,0.118292,1000
200,Linear SVM,s036,"{""C"": 0.01}",5.186709,0.617042,1.8076171875,100,1000,0.054371313,0.0016902030171758282,0.054167,0.056333,0.05966643,0.073875,1000,0.050170515000000006,0.0014471673652892245,0.049958,0.052,0.05508924999999999,0.0705,1000,0.103855611,0.0020360433566673454,0.103625,0.1067521,0.1122575,0.119958,1000
200,Linear SVM,s037,"{""C"": 0.01}",5.541542,0.683,1.8076171875,100,1000,0.053775727,0.0015960519967869,0.0535,0.055833,0.05950249999999999,0.069708,1000,0.049794816000000006,0.0013566722942029358,0.049667,0.051083050000000005,0.05350832999999999,0.066458,1000,0.10299728,0.0019658563138354344,0.102667,0.10596214999999999,0.11029324,0.120875,1000
200,Linear SVM,s038,"{""C"": 0.1}",8.901042,0.715084,1.8076171875,100,1000,0.053526990999999996,0.0013615578183138657,0.0532915,0.055625,0.058833,0.067917,1000,0.049834343,0.0015056558760115034,0.049708,0.051166,0.05580099999999999,0.067958,1000,0.102849335,0.0022261387770374117,0.1024795,0.10591814999999999,0.11383467,0.119292,1000
200,Linear SVM,s039,"{""C"": 0.01}",16.270709,0.680166,1.8076171875,100,1000,0.053597347999999996,0.0017292616733250157,0.053333,0.055541,0.05900708999999999,0.081125,1000,0.050106791,0.001386069279425226,0.049958,0.0515,0.05621191,0.066,1000,0.103107873,0.001885385180314395,0.10285449999999999,0.10620805,0.1090855,0.119375,1000
200,Linear SVM,s040,"{""C"": 0.01}",6.64975,0.650125,1.8076171875,100,1000,0.054012725,0.001520619947389683,0.0537295,0.05608305,0.05967782999999999,0.068792,1000,0.04974499499999999,0.0011633560711679473,0.049625,0.051125,0.05416684,0.066167,1000,0.103228001,0.0018844731252949606,0.102958,0.10608714999999999,0.11016866,0.122166,1000
200,Linear SVM,s041,"{""C"": 0.01}",5.906083,0.606583,1.8076171875,100,1000,0.054460971000000004,0.001483860585903339,0.05425,0.0565,0.05920925,0.067458,1000,0.050050281999999995,0.0013641829472580238,0.049875,0.051710099999999995,0.05475458,0.06625,1000,0.10416637399999999,0.0022731808465859655,0.103791,0.10775,0.11251165999999999,0.122792,1000
200,Linear SVM,s042,"{""C"": 0.01}",6.345584,0.645708,1.8076171875,100,1000,0.053743451,0.0015983345234486584,0.053458,0.05579105,0.058884169999999986,0.071375,1000,0.049731707,0.0012744493070291913,0.049583,0.051375,0.05409341999999999,0.065875,1000,0.102976182,0.0019668085750389748,0.102667,0.1060021,0.11179657999999999,0.1185,1000
200,Linear SVM,s043,"{""C"": 0.1}",8.0815,0.700084,1.8076171875,100,1000,0.053704244000000005,0.0013775219850453515,0.0535205,0.055625,0.05771259,0.068417,1000,0.049978554,0.0009088595836689104,0.049917,0.051333,0.052584259999999994,0.05975,1000,0.102867459,0.0018097171708743747,0.102625,0.10554405,0.10750417,0.12525,1000
200,Linear SVM,s044,"{""C"": 0.01}",5.624208,0.688083,1.8076171875,100,1000,0.05392708400000001,0.0025113281342632123,0.053667,0.05591905,0.05946731999999999,0.113458,1000,0.049973227,0.0015354409113551917,0.049833,0.051336049999999994,0.05520883,0.0755,1000,0.10306635499999998,0.002000585255453847,0.102792,0.10587914999999999,0.11008592,0.1255,1000
200,Linear SVM,s046,"{""C"": 0.01}",5.705958,0.66325,1.8076171875,100,1000,0.053749752,0.0017895841080473914,0.0534585,0.055792,0.05846231999999999,0.086625,1000,0.049447991999999996,0.0014558572478997594,0.04925,0.05120805,0.05700334,0.063375,1000,0.10258149800000001,0.0021391111809909817,0.102291,0.10587914999999999,0.11083441000000001,0.130916,1000
200,Linear SVM,s047,"{""C"": 0.01}",5.645791,0.662666,1.8076171875,100,1000,0.053510885,0.0016177527944277771,0.053208,0.055713149999999996,0.05979490999999999,0.069167,1000,0.04977419600000001,0.001226589651740857,0.049708,0.051333,0.05371259,0.064375,1000,0.102980417,0.0019928081245650137,0.102708,0.105958,0.111917,0.121917,1000
200,Linear SVM,s048,"{""C"": 1}",5.384208,0.73225,1.80078125,100,1000,0.053747118999999996,0.0015239380078897217,0.0535,0.0557521,0.05991741,0.068041,1000,0.050623343,0.0014454349039000026,0.050458,0.052293099999999995,0.057458,0.065792,1000,0.103619507,0.001950683356033599,0.103334,0.10666905,0.10916866,0.126917,1000
200,Linear SVM,s049,"{""C"": 0.1}",5.747167,0.634042,1.8076171875,100,1000,0.05341869299999999,0.0014597919822297919,0.053167,0.055542,0.056917,0.067875,1000,0.050233683,0.0014664931519361667,0.050042,0.05213124999999999,0.05704533,0.062333,1000,0.10266642299999999,0.0020326048806080495,0.1023335,0.10596314999999999,0.11104283,0.118791,1000
200,Linear SVM,s050,"{""C"": 0.01}",5.504333,0.713875,1.8076171875,100,1000,0.054333785999999995,0.0029548070961027528,0.053792,0.057256249999999995,0.06533425,0.090584,1000,0.050532811000000004,0.00292660694277118,0.050042,0.053168099999999996,0.06195884,0.105,1000,0.1046639,0.008377404138878946,0.103625,0.10933715,0.12117116,0.267125,1000
200,Linear SVM,s051,"{""C"": 0.01}",5.431792,0.64325,1.8076171875,100,1000,0.054157078,0.0016740810898553911,0.053875,0.05654405,0.06151124999999999,0.068208,1000,0.05012838100000001,0.0027021954559433925,0.049833,0.051669049999999994,0.056922829999999994,0.12075,1000,0.10404268,0.0026333642993579785,0.103666,0.10775205,0.11437667,0.13775,1000
200,Linear SVM,s052,"{""C"": 0.01}",6.434958,0.666959,1.8076171875,100,1000,0.053381871,0.0013989105629460823,0.053125,0.0555,0.057255,0.067708,1000,0.049607383,0.0011710386611281697,0.049459,0.051083050000000005,0.052879579999999995,0.064208,1000,0.10246797699999999,0.0019205692168176546,0.102125,0.1056691,0.10987792,0.118042,1000
200,Linear SVM,s053,"{""C"": 0.01}",5.805458,0.63425,1.8076171875,100,1000,0.053507829,0.0013755564253196742,0.05325,0.05541905,0.05817018,0.064958,1000,0.049674415,0.0010794464226418804,0.049583,0.051125,0.053375,0.060583,1000,0.10274411899999998,0.001904072232323369,0.102458,0.10575,0.10970801,0.116167,1000
200,Linear SVM,s054,"{""C"": 0.01}",5.803875,0.712208,1.8076171875,100,1000,0.05387036599999999,0.003444165479458543,0.053417,0.05633305,0.06220842,0.14625,1000,0.050232476000000005,0.002238681317531699,0.049875,0.051919049999999994,0.05916892,0.086416,1000,0.103610925,0.004193271076820422,0.10293749999999999,0.1083351,0.116,0.1985,1000
200,Linear SVM,s055,"{""C"": 0.01}",6.016,0.649458,1.8076171875,100,1000,0.05394562000000001,0.003021978287541188,0.0535205,0.056375,0.06046341999999999,0.113667,1000,0.050173995,0.002717207814150452,0.049792,0.052083,0.06237958,0.100541,1000,0.103480263,0.005986870107453017,0.102834,0.10705029999999999,0.11596483,0.268625,1000
200,Linear SVM,s056,"{""C"": 0.01}",10.651166,0.647375,1.8076171875,100,1000,0.0547755,0.003215839870091493,0.054292,0.057375,0.06554767,0.116459,1000,0.050295558,0.0016211036708822,0.050042,0.052550299999999994,0.05804658,0.06475,1000,0.105031636,0.006929086881582344,0.104,0.10979939999999999,0.12155475999999998,0.222167,1000
200,Linear SVM,s057,"{""C"": 0.01}",5.962,0.645458,1.8076171875,100,1000,0.056059944,0.015707650853523585,0.054625,0.0580851,0.07063499999999999,0.4395,1000,0.051299908000000005,0.006895668814112952,0.0505,0.05383809999999999,0.06483324999999997,0.181584,1000,0.10623032499999999,0.013144747574151554,0.1045,0.110416,0.14437532999999994,0.344542,1000
200,MLP,s002,"{""alpha"": 0.0001, ""h"": 128}",225.087625,90.343916,319.2587890625,100,1000,0.057742555999999993,0.0021004603820783383,0.057625,0.060169049999999995,0.06604908,0.079625,1000,0.17585588000000002,0.003482182653686282,0.175458,0.18079405,0.18856199999999998,0.229625,1000,0.23344595699999998,0.011423308992033721,0.2320835,0.24,0.25396050000000003,0.504417,1000
200,MLP,s003,"{""alpha"": 0.0001, ""h"": 64}",265.778208,101.3155,172.0830078125,100,1000,0.06224871700000001,0.016287881275763413,0.059,0.07459134999999999,0.13930933999999998,0.299916,1000,0.186849657,0.04925475659782375,0.177209,0.21170829999999993,0.44883849999999975,0.689958,1000,0.24862584599999996,0.06142812714166383,0.23475,0.3164464999999999,0.53811533,1.158084,1000
200,MLP,s004,"{""alpha"": 0.01, ""h"": 64}",233.83425,99.052625,172.0029296875,100,1000,0.059816757,0.008372755045563198,0.058416,0.06625,0.10920882999999999,0.158416,1000,0.18086309799999997,0.02034917709522547,0.17704150000000002,0.19347884999999998,0.27977666999999995,0.481792,1000,0.23971724600000002,0.028384774217471962,0.23393750000000002,0.2617895499999999,0.357594,0.691709,1000
200,MLP,s005,"{""alpha"": 0.0001, ""h"": 32}",205.1895,97.139833,98.15234375,100,1000,0.05781428,0.0022349466392019473,0.057625,0.060416,0.06546674999999999,0.088625,1000,0.168071486,0.008539625944447161,0.166958,0.17397055,0.18481366,0.34175,1000,0.22459411099999999,0.009625365258993969,0.223125,0.23180445,0.24762666,0.418416,1000
200,MLP,s007,"{""alpha"": 0.0001, ""h"": 128}",213.469459,113.00825,320.1904296875,100,1000,0.058861329000000004,0.004484312492600207,0.058459,0.061504199999999995,0.06742366,0.144416,1000,0.18050285700000002,0.010882756292551723,0.178958,0.18633305,0.24009134,0.345333,1000,0.23758439599999998,0.011035154373965107,0.2360625,0.244833,0.2633399999999999,0.405542,1000
200,MLP,s008,"{""alpha"": 0.0001, ""h"": 128}",155.959709,117.739084,320.4326171875,100,1000,0.058671983,0.0046376526101513296,0.057959,0.06347054999999999,0.07732308999999997,0.125917,1000,0.17872979200000003,0.017616811341970903,0.175583,0.18764789999999998,0.25605124999999995,0.419,1000,0.23662316800000002,0.023349708329459852,0.23225,0.24887259999999997,0.34789083,0.645459,1000
200,MLP,s010,"{""alpha"": 0.0001, ""h"": 128}",209.444375,105.697667,320.0771484375,100,1000,0.058538899,0.002724145299063434,0.058459,0.06075,0.06570925,0.118167,1000,0.17802746300000002,0.008713096160569693,0.177041,0.18309854999999997,0.19200417,0.35,1000,0.235217443,0.006666083051688074,0.2344165,0.24225829999999998,0.24966601,0.368083,1000
200,MLP,s011,"{""alpha"": 0.0001, ""h"": 128}",241.559542,88.790541,319.384765625,100,1000,0.057804166000000004,0.001831960324645453,0.057708,0.05975,0.06479475999999999,0.075208,1000,0.17609869700000003,0.005611814784931108,0.175333,0.18071215000000002,0.18879241,0.290417,1000,0.232870489,0.005421232014259435,0.232083,0.23909969999999997,0.24745801,0.342084,1000
200,MLP,s012,"{""alpha"": 0.0001, ""h"": 32}",231.32975,110.781167,98.80859375,100,1000,0.056725842,0.0018156448880206166,0.056667,0.058792,0.06341741000000001,0.077625,1000,0.165819563,0.0024883313342197546,0.1655,0.16975415000000002,0.17487917,0.187583,1000,0.222331276,0.0034192291449637842,0.221834,0.227958,0.23541600999999998,0.245083,1000
200,MLP,s013,"{""alpha"": 0.0001, ""h"": 128}",207.634667,77.736875,319.0673828125,100,1000,0.057707347,0.00452188571162297,0.057333,0.06058924999999999,0.06821092000000001,0.163958,1000,0.17578201300000001,0.01036078306763565,0.174333,0.1820851,0.19746698999999995,0.371833,1000,0.23241011699999997,0.0136024048982644,0.23075,0.24001874999999998,0.25834092,0.576042,1000
200,MLP,s015,"{""alpha"": 0.0001, ""h"": 128}",224.928208,114.485333,320.2685546875,100,1000,0.058477976999999993,0.0035778162621460416,0.058084,0.061296149999999994,0.07175,0.125333,1000,0.17647252700000002,0.005461456067171524,0.175583,0.1824202,0.19469117,0.262333,1000,0.23414859899999999,0.00957608508252233,0.232542,0.24247259999999998,0.25986107999999997,0.374333,1000
200,MLP,s016,"{""alpha"": 0.0001, ""h"": 32}",229.112917,84.175042,97.548828125,100,1000,0.058259614,0.002970067470240664,0.0579795,0.06087914999999999,0.06771816,0.111875,1000,0.168402305,0.008971715785964193,0.167042,0.174083,0.19160424999999998,0.317208,1000,0.22636224300000002,0.008011851419935727,0.225291,0.2331271,0.24722592,0.388,1000
200,MLP,s017,"{""alpha"": 0.0001, ""h"": 32}",202.058,63.889209,96.62109375,100,1000,0.059829947,0.01569327371966191,0.058458,0.06396634999999999,0.08368350999999999,0.500375,1000,0.17207225099999998,0.02651405431264885,0.167875,0.18216605,0.2825890799999998,0.717833,1000,0.23073896100000002,0.030259195576293887,0.225583,0.24337705,0.37153875,0.69675,1000
200,MLP,s018,"{""alpha"": 0.0001, ""h"": 64}",225.860875,119.445083,172.9833984375,100,1000,0.057779002,0.0029244590643082713,0.057542,0.060711049999999996,0.067708,0.119708,1000,0.175866316,0.0073654059925831366,0.174917,0.18071220000000002,0.19271274,0.330084,1000,0.23275724200000003,0.0076024951095891745,0.231541,0.23983924999999998,0.25759233,0.352291,1000
200,MLP,s019,"{""alpha"": 0.0001, ""h"": 64}",236.406416,73.094917,170.9619140625,100,1000,0.057805603000000004,0.002176019187161246,0.0576875,0.060252049999999995,0.06612625,0.079375,1000,0.176784716,0.005198338213653238,0.176166,0.18133715,0.19012917,0.302834,1000,0.23493849800000002,0.00825441119039366,0.2338955,0.24125205,0.26114708,0.371041,1000
200,MLP,s020,"{""alpha"": 0.0001, ""h"": 64}",252.159458,81.178,171.3154296875,100,1000,0.057613518999999995,0.00402479700140784,0.0575,0.059669049999999994,0.06221066,0.172833,1000,0.174311664,0.003238673025186097,0.1737915,0.179125,0.18366976,0.22475,1000,0.231131884,0.005401170112404083,0.230416,0.2375,0.2469805,0.320458,1000
200,MLP,s021,"{""alpha"": 0.0001, ""h"": 32}",224.058667,103.434791,98.259765625,100,1000,0.056722413,0.0014885781730928373,0.05675,0.05854404999999999,0.06075,0.075375,1000,0.16645137399999999,0.002156542722191388,0.16625,0.169291,0.17479825,0.186375,1000,0.221228587,0.0026914733242382476,0.220875,0.225583,0.22950125000000002,0.240209,1000
200,MLP,s022,"{""alpha"": 0.0001, ""h"": 128}",219.414917,69.192708,318.7578125,100,1000,0.057863032,0.003183598124448812,0.057375,0.063209,0.06533342,0.123166,1000,0.17875592699999998,0.006860745602038229,0.176958,0.1899622,0.19629407999999998,0.322,1000,0.23540547600000003,0.006316034543586645,0.2336455,0.24912705000000002,0.25488625,0.28175,1000
200,MLP,s024,"{""alpha"": 0.0001, ""h"": 128}",168.704666,104.978791,319.966796875,100,1000,0.05772995,0.0024086534198171383,0.057459,0.060836049999999996,0.06621425,0.087083,1000,0.176167905,0.0053909384067043365,0.175375,0.1817604,0.19326458,0.265458,1000,0.232370451,0.007565464990343892,0.2315,0.2387101,0.24667740999999999,0.375208,1000
200,MLP,s025,"{""alpha"": 0.0001, ""h"": 64}",247.179333,89.90225,171.6982421875,100,1000,0.057195275000000004,0.0017427624779152865,0.057167,0.059334,0.06475042,0.072583,1000,0.173828231,0.0036914340089837278,0.173375,0.17854105,0.18587541000000002,0.242125,1000,0.230027817,0.003393909232933668,0.229583,0.2358771,0.24075125,0.247709,1000
200,MLP,s026,"{""alpha"": 0.0001, ""h"": 32}",200.658458,96.07725,98.20703125,100,1000,0.057887022,0.0014959471064383454,0.057959,0.059919049999999995,0.060837749999999996,0.075542,1000,0.16830084,0.002506936114679248,0.167959,0.171667,0.17583565999999998,0.210167,1000,0.22548425400000002,0.008548420708651165,0.224916,0.2302101,0.23641783,0.477792,1000
200,MLP,s027,"{""alpha"": 0.0001, ""h"": 128}",278.211875,111.489167,320.2177734375,100,1000,0.05974050200000001,0.01877184845219853,0.058125,0.06284134999999999,0.08397424999999999,0.5695,1000,0.182664624,0.0516671330003233,0.17695850000000002,0.18953539999999997,0.30205240999999977,1.552875,1000,0.239885374,0.045806410249987,0.234292,0.24991669999999996,0.36647132999999976,1.255417,1000
200,MLP,s028,"{""alpha"": 0.0001, ""h"": 128}",219.5085,76.826208,318.990234375,100,1000,0.057683617,0.0017982433771752235,0.057667,0.059669049999999994,0.062833,0.083916,1000,0.175962175,0.0022979268744447246,0.17575,0.1797101,0.18283342,0.202667,1000,0.23298656699999998,0.005983895476074057,0.232417,0.2377521,0.24262583000000001,0.395333,1000
200,MLP,s029,"{""alpha"": 0.0001, ""h"": 64}",178.40675,69.211083,170.7978515625,100,1000,0.05771660199999999,0.0025986653615379675,0.057667,0.05995805,0.06358384,0.118833,1000,0.176699193,0.005528964543264108,0.176083,0.18125,0.18588875,0.305667,1000,0.23347126099999999,0.0047074183185802695,0.23283350000000003,0.23884019999999997,0.24692657999999998,0.302833,1000
200,MLP,s030,"{""alpha"": 0.0001, ""h"": 128}",247.443125,119.103042,320.5732421875,100,1000,0.057306741,0.0018398451625452456,0.0572705,0.059291,0.06396383,0.07875,1000,0.17497544799999998,0.0025697230788546068,0.17475,0.1787152,0.18275207999999998,0.201458,1000,0.23148191299999998,0.004481965190560987,0.230875,0.2375851,0.24383759,0.302209,1000
200,MLP,s031,"{""alpha"": 0.0001, ""h"": 128}",227.894042,106.893667,320.1630859375,100,1000,0.058127851999999994,0.0021725274934522236,0.058084,0.06054105,0.06429325,0.087625,1000,0.176644328,0.003574874037893197,0.176125,0.1813833,0.18821132999999998,0.232125,1000,0.23505578,0.009162749327294445,0.233917,0.24058305,0.25360884,0.395791,1000
200,MLP,s032,"{""alpha"": 0.0001, ""h"": 32}",193.837333,77.778458,97.3046875,100,1000,0.057844038,0.0016610441963952603,0.057875,0.059792,0.06250083,0.074,1000,0.167936712,0.002313936760239222,0.167625,0.17158510000000002,0.17645982000000002,0.185375,1000,0.22549222700000002,0.003846818726660615,0.224875,0.23066905000000001,0.23492740999999998,0.292458,1000
200,MLP,s033,"{""alpha"": 0.0001, ""h"": 128}",185.160166,89.325667,319.4521484375,100,1000,0.057949172,0.0017158462240774019,0.058,0.060210099999999996,0.06258342,0.078583,1000,0.17732176800000002,0.002157815396056731,0.177125,0.1808372,0.18450209,0.196292,1000,0.235436981,0.0030001279016177045,0.2352705,0.24042115,0.24416907999999998,0.253792,1000
200,MLP,s034,"{""alpha"": 0.0001, ""h"": 64}",224.946,109.681541,172.5205078125,100,1000,0.058229107,0.0014070216976324872,0.058208,0.059877049999999994,0.06308383,0.073916,1000,0.17609494999999997,0.005324701233752813,0.175583,0.180375,0.18659009,0.3095,1000,0.23273517600000002,0.0037280242278809913,0.23220849999999998,0.2382542,0.24483384,0.282542,1000
200,MLP,s035,"{""alpha"": 0.0001, ""h"": 32}",183.501208,87.613917,97.771484375,100,1000,0.057313606,0.0032932157653030934,0.0569375,0.059711049999999995,0.06396024,0.137875,1000,0.167104348,0.00587815439725889,0.166459,0.17158715000000002,0.18004392,0.323875,1000,0.224345635,0.006700122445191249,0.22375,0.23016605,0.23675374999999999,0.393375,1000
200,MLP,s036,"{""alpha"": 0.0001, ""h"": 128}",173.992625,78.436875,319.111328125,100,1000,0.057262205,0.0020617705281349053,0.057125,0.059502099999999995,0.063083,0.094833,1000,0.17527155899999997,0.0033450665070302358,0.17475,0.1801681,0.18791643,0.217375,1000,0.23171687700000002,0.007473853942553709,0.230834,0.237583,0.24604991,0.396,1000
200,MLP,s037,"{""alpha"": 0.0001, ""h"": 32}",232.282083,96.476458,98.20703125,100,1000,0.05676455300000001,0.0013926611038372334,0.0568955,0.058625,0.060168669999999994,0.074084,1000,0.165069569,0.0021030692260143066,0.1648955,0.168083,0.17179533,0.182958,1000,0.22072593399999998,0.0026004538180294024,0.220375,0.22504615,0.22925042,0.238166,1000
200,MLP,s038,"{""alpha"": 0.0001, ""h"": 128}",206.615334,74.26225,318.9873046875,100,1000,0.057342541,0.0020067691084361384,0.057292,0.059416,0.06358384,0.08375,1000,0.175313631,0.003020715409704368,0.1750205,0.17925,0.18534608,0.209583,1000,0.23207247,0.007463295499228796,0.231125,0.2374601,0.24771134,0.364292,1000
200,MLP,s039,"{""alpha"": 0.0001, ""h"": 128}",286.958208,104.905042,319.9990234375,100,1000,0.057670414999999996,0.0015786456451173094,0.057625,0.059791,0.06266741,0.075291,1000,0.177310981,0.0027132531015428766,0.176875,0.18146315000000002,0.18867158,0.194917,1000,0.23374348500000003,0.003578486640244644,0.233208,0.239375,0.24804700000000002,0.262291,1000
200,MLP,s040,"{""alpha"": 0.0001, ""h"": 128}",223.881791,81.559959,319.1787109375,100,1000,0.058144144,0.006871589754563278,0.05775,0.059710099999999995,0.06441783,0.204958,1000,0.177503786,0.015581087570644357,0.176542,0.180541,0.18496383,0.628416,1000,0.23452290099999998,0.029973449393250168,0.232416,0.23766605,0.2451475,0.958084,1000
200,MLP,s041,"{""alpha"": 0.0001, ""h"": 32}",263.520333,94.881834,98.123046875,100,1000,0.057768151000000004,0.0017440845475802215,0.057791,0.059917,0.06339791999999998,0.071375,1000,0.168708973,0.004016219702776726,0.168208,0.1727122,0.17870883,0.269708,1000,0.224965205,0.00460349481040703,0.224625,0.22975415000000002,0.23416741,0.333708,1000
200,MLP,s042,"{""alpha"": 0.0001, ""h"": 64}",225.493125,108.317125,172.4638671875,100,1000,0.057389066999999995,0.0016077092384839072,0.057334,0.059461049999999994,0.06271341999999999,0.072417,1000,0.174699794,0.0024889065742810636,0.174416,0.17871315000000002,0.18230241,0.198916,1000,0.23121218300000002,0.003357117196253413,0.230709,0.23679405,0.24400083,0.252708,1000
200,MLP,s043,"{""alpha"": 0.0001, ""h"": 128}",187.102541,71.929333,318.87109375,100,1000,0.057047393999999994,0.0017150131716529007,0.056916,0.059166,0.06391851,0.071709,1000,0.17706364200000002,0.002614036216500679,0.17675,0.18079405,0.18489582999999998,0.20875,1000,0.233075258,0.005721676203177702,0.232625,0.237875,0.24383342,0.383334,1000
200,MLP,s044,"{""alpha"": 0.0001, ""h"": 32}",175.390792,87.847917,97.798828125,100,1000,0.057010381000000006,0.0021925430935459526,0.056917,0.05908305,0.06116783,0.107,1000,0.16731195000000001,0.0026959929579896042,0.167042,0.1702931,0.17404824,0.217625,1000,0.223692003,0.0037520132329579145,0.223333,0.228375,0.23271466999999998,0.297084,1000
200,MLP,s046,"{""alpha"": 0.0001, ""h"": 32}",233.193875,105.744708,98.642578125,100,1000,0.057537073,0.0013973323045146555,0.057625,0.059416,0.06008425,0.07425,1000,0.168602369,0.001800568070975718,0.1685,0.1712101,0.17371066,0.185167,1000,0.22510530299999998,0.002379729190519631,0.224834,0.2289601,0.23116809000000002,0.238084,1000
200,MLP,s047,"{""alpha"": 0.0001, ""h"": 64}",228.774541,110.570917,172.6005859375,100,1000,0.056978431999999996,0.0012912802228757282,0.057084,0.058794049999999994,0.05979241,0.072083,1000,0.173886889,0.0017184396380054974,0.17381249999999998,0.1765021,0.17845925,0.189542,1000,0.230124217,0.002254255076485548,0.229917,0.23408925,0.23566809,0.239167,1000
200,MLP,s048,"{""alpha"": 0.0001, ""h"": 32}",207.042333,99.106542,98.34375,100,1000,0.057553005,0.001595099123624983,0.057584,0.059125,0.06108384,0.080625,1000,0.16757332000000003,0.0020211411358663435,0.167458,0.1706271,0.17358467,0.18675,1000,0.224078072,0.0025621436757198145,0.2238125,0.228292,0.23113375,0.238291,1000
200,MLP,s049,"{""alpha"": 0.0001, ""h"": 128}",238.182541,93.913083,319.6982421875,100,1000,0.058080355,0.0012705105777218468,0.058084,0.059667,0.061752499999999995,0.074792,1000,0.17599757,0.0019842495708603455,0.175875,0.1792101,0.18166975999999999,0.194041,1000,0.233355535,0.002543577790583912,0.232875,0.2378351,0.24141933999999998,0.249208,1000
200,MLP,s050,"{""alpha"": 0.0001, ""h"": 32}",258.069958,84.428375,97.630859375,100,1000,0.05758031699999999,0.0013359915171305705,0.057708,0.059294049999999994,0.06008841999999999,0.075625,1000,0.166443957,0.0018060043152599997,0.166458,0.16912705,0.1705,0.186167,1000,0.223462816,0.0025365568574023415,0.223292,0.22775,0.2305855,0.2405,1000
200,MLP,s051,"{""alpha"": 0.0001, ""h"": 64}",202.942084,79.447959,171.2626953125,100,1000,0.057094629,0.0019207622901166437,0.057125,0.058875,0.060919919999999995,0.097083,1000,0.17464038699999998,0.004869120235843648,0.174375,0.177333,0.18183523999999998,0.311459,1000,0.230954785,0.005638012157477392,0.2305,0.2349601,0.23950999999999997,0.343083,1000
200,MLP,s052,"{""alpha"": 0.0001, ""h"": 128}",227.514042,69.208542,318.7578125,100,1000,0.057642855,0.0014343306405293584,0.0577085,0.059417,0.060958,0.073666,1000,0.175562703,0.002007928675615088,0.175375,0.178834,0.18170967000000002,0.190833,1000,0.23192684800000002,0.004557481576618517,0.231333,0.236167,0.24093032999999997,0.31875,1000
200,MLP,s053,"{""alpha"": 0.0001, ""h"": 64}",259.394875,73.197333,170.9599609375,100,1000,0.057632632999999996,0.0015088512990197383,0.057625,0.059542,0.062337319999999995,0.072041,1000,0.175478224,0.002228116939687172,0.175083,0.18004105,0.18300041,0.188083,1000,0.23223546600000003,0.0029225871549917056,0.231792,0.237583,0.24000083,0.253417,1000
200,MLP,s054,"{""alpha"": 0.0001, ""h"": 128}",249.198458,148.324792,321.6103515625,100,1000,0.057087552,0.002402638114907696,0.056833,0.05950624999999999,0.06595925,0.086958,1000,0.176123692,0.003156923237499365,0.1755,0.1825934,0.18863249999999998,0.19975,1000,0.233250369,0.0071477577252826874,0.2325,0.2395545,0.24898675999999997,0.388541,1000
200,MLP,s055,"{""alpha"": 0.0001, ""h"": 32}",185.342584,86.949416,97.685546875,100,1000,0.05737224899999999,0.003676485480521784,0.057167,0.059294049999999994,0.06496525,0.155625,1000,0.166636978,0.006442327607046426,0.166083,0.1702101,0.17908966999999998,0.340917,1000,0.222904653,0.004971552405830088,0.222208,0.2279223,0.23541499999999996,0.296708,1000
200,MLP,s056,"{""alpha"": 0.0001, ""h"": 32}",274.268708,88.881875,97.79296875,100,1000,0.057788635,0.00429532177338461,0.057541,0.059625,0.06679366,0.160125,1000,0.16710970400000003,0.007428579244241254,0.1662705,0.1714631,0.18062583000000001,0.357958,1000,0.22316527200000003,0.004773014392226826,0.222542,0.22829405,0.23588667,0.2955,1000
200,MLP,s057,"{""alpha"": 0.0001, ""h"": 32}",189.202333,111.615917,98.916015625,100,1000,0.057583593999999995,0.0014388799597960563,0.057625,0.059417,0.061461909999999995,0.073875,1000,0.166459372,0.0021919069180860663,0.1662705,0.16967115000000002,0.17462541,0.182875,1000,0.222631056,0.002959257046139983,0.22225,0.227,0.23116934,0.252083,1000
